Name,Brand,Model,Transmission,Year of Purchase,Kilometers Driven,Last Service,Fuel Type,Owner,Insurance,History,Location,EMI per month,Price
 Kwid RXL MANUAL,Renault,['RXL'],MANUAL,October 2016,"29,503 km","29,503km (04 Mar 2022)",Petrol,1st Owner,Valid upto Mar 2023 3rd Party,Non-Accidental,AHMEDABAD,"₹6,044/month","₹2,59,799"
Alto LXI MANUAL,Maruti,['LXI'],MANUAL,November 2020,"24,682 km","24,682km (03 Mar 2022)",Petrol,1st Owner,Valid upto Nov 2023 3rd Party,Non-Accidental,AHMEDABAD,"₹9,216/month","₹3,99,099"
Alto VXI MANUAL,Maruti,['VXI'],MANUAL,December 2020,"10,380 km","10,380km (16 Mar 2022)",Petrol,1st Owner,Valid upto Jan 2024 3rd Party,Non-Accidental,AHMEDABAD,"₹9,988/month","₹4,32,999"
 Kwid RXT Opt MANUAL,Renault,"['RXT', 'Opt']",MANUAL,April 2016,"49,531 km","49,531km (12 Mar 2022)",Petrol,1st Owner,Valid upto Mar 2023 3rd Party,Non-Accidental,AHMEDABAD,"₹6,032/month","₹2,59,299"
 Grand i10 MAGNA 1.2 VTVT MANUAL,Hyundai,"['MAGNA', '1.2', 'VTVT']",MANUAL,July 2018,"26,243 km","26,243km (29 Jan 2022)",Petrol,1st Owner,Valid upto Mar 2023 3rd Party,Non-Accidental,AHMEDABAD,"₹11,301/month","₹4,90,699"
 Elite i20 ASTA 1.2 MANUAL,Hyundai,"['ASTA', '1.2']",MANUAL,November 2014,"50,257 km","50,257km (10 Mar 2022)",Petrol,1st Owner,Valid upto Dec 2022 3rd Party,Non-Accidental,AHMEDABAD,"₹13,303/month","₹5,78,599"
IGNIS DELTA 1.2 K12 AMT AUTOMATIC,Maruti,"['DELTA', '1.2', 'K12', 'AMT']",AUTOMATIC,January 2017,"12,652 km","12,652km (05 Mar 2022)",Petrol,1st Owner,Valid upto Jan 2023 3rd Party,Non-Accidental,AHMEDABAD,"₹11,868/month","₹5,15,599"
 Kwid RXT MANUAL,Renault,['RXT'],MANUAL,June 2016,"35,053 km","35,053km (15 Mar 2022)",Petrol,1st Owner,Valid upto Jul 2022 3rd Party,Non-Accidental,AHMEDABAD,"₹6,743/month","₹2,90,499"
 Grand i10 MAGNA 1.2 KAPPA VTVT MANUAL,Hyundai,"['MAGNA', '1.2', 'KAPPA', 'VTVT']",MANUAL,January 2018,"14,586 km","14,586km (18 Feb 2022)",Petrol,1st Owner,Valid upto Mar 2023 3rd Party,Non-Accidental,AHMEDABAD,"₹11,258/month","₹4,88,799"
Vitara Brezza ZDI PLUS MANUAL,Maruti,"['ZDI', 'PLUS']",MANUAL,January 2017,"1,50,666 km","1,50,666km (03 Jan 2022)",Diesel,1st Owner,Valid upto Mar 2023 3rd Party,Non-Accidental,AHMEDABAD,"₹16,074/month","₹7,00,299"
osport 1.5 TITANIUM PLUS TI VCT AT AUTOMATIC,Ford,"['1.5', 'TITANIUM', 'PLUS', 'TI', 'VCT', 'AT']",AUTOMATIC,March 2018,"30,271 km","30,271km (02 Jan 2022)",Petrol,1st Owner,Valid upto Mar 2023 3rd Party,Non-Accidental,AHMEDABAD,"₹18,531/month","₹8,08,199"
Eeco 5 STR WITH AC PLUSHTR MANUAL,Maruti,"['5', 'STR', 'WITH', 'AC', 'PLUSHTR']",MANUAL,May 2017,"33,310 km","33,310km (27 Jan 2022)",Petrol,1st Owner,Valid upto Mar 2023 3rd Party,Non-Accidental,AHMEDABAD,"₹8,874/month","₹3,84,099"
 Elite i20 ASTA 1.4 CRDI MANUAL,Hyundai,"['ASTA', '1.4', 'CRDI']",MANUAL,September 2016,"27,504 km","27,504km (23 Feb 2022)",Diesel,1st Owner,Valid upto Mar 2023 3rd Party,Non-Accidental,AHMEDABAD,"₹15,079/month","₹6,56,599"
S Cross ZETA 1.3 MANUAL,Maruti,"['ZETA', '1.3']",MANUAL,November 2016,"79,735 km","79,735km (28 Dec 2021)",Diesel,2nd Owner,Valid upto Mar 2023 3rd Party,Non-Accidental,AHMEDABAD,"₹13,205/month","₹5,74,299"
a Scorpio S6+ INTELL HYBRID MANUAL,Mahindra,"['S6+', 'INTELL', 'HYBRID']",MANUAL,April 2017,"44,412 km","44,412km (01 Mar 2022)",Diesel,2nd Owner,Valid upto Mar 2023 3rd Party,Non-Accidental,AHMEDABAD,"₹21,657/month","₹9,45,499"
Swift Dzire VDI BS IV MANUAL,Maruti,"['VDI', 'BS', 'IV']",MANUAL,August 2014,"1,48,222 km","1,48,222km (03 Feb 2022)",Diesel,1st Owner,Valid upto Mar 2023 3rd Party,Non-Accidental,AHMEDABAD,"₹9,564/month","₹4,14,399"
 Elite i20 SPORTZ 1.2 MANUAL,Hyundai,"['SPORTZ', '1.2']",MANUAL,November 2016,"46,931 km","46,931km (21 Feb 2022)",Petrol,1st Owner,Valid upto Mar 2023 3rd Party,Non-Accidental,AHMEDABAD,"₹13,182/month","₹5,73,299"
Redi Go T (O) MANUAL,Datsun,"['T', '(O)']",MANUAL,April 2018,"23,684 km","23,684km (17 Nov 2021)",Petrol,2nd Owner,Valid upto Mar 2023 3rd Party,Non-Accidental,AHMEDABAD,"₹6,884/month","₹2,96,699"
gen Polo Trendline 1.0 L Petrol MANUAL,Volkswagen,"['Trendline', '1.0', 'L', 'Petrol']",MANUAL,February 2019,"29,952 km","29,952km (07 Feb 2022)",Petrol,1st Owner,Valid upto Mar 2023 3rd Party,Non-Accidental,AHMEDABAD,"₹11,989/month","₹5,20,899"
Redi Go T (O) MANUAL,Datsun,"['T', '(O)']",MANUAL,January 2019,"24,849 km","24,849km (28 Feb 2022)",Petrol,1st Owner,Valid upto Mar 2023 3rd Party,Non-Accidental,AHMEDABAD,"₹6,363/month","₹2,73,799"
Ertiga VDI SHVS MANUAL,Maruti,"['VDI', 'SHVS']",MANUAL,June 2017,"47,111 km","47,111km (28 Dec 2021)",Diesel,1st Owner,Valid upto Mar 2023 3rd Party,Non-Accidental,AHMEDABAD,"₹17,267/month","₹7,52,699"
 Elite i20 Magna Executive 1.2 MANUAL,Hyundai,"['Magna', 'Executive', '1.2']",MANUAL,April 2017,"35,837 km","35,837km (16 Mar 2022)",Petrol,1st Owner,Valid upto Jun 2022 Comp,Non-Accidental,AHMEDABAD,"₹12,378/month","₹5,37,999"
 Elite i20 SPORTZ 1.4 MANUAL,Hyundai,"['SPORTZ', '1.4']",MANUAL,April 2016,"74,251 km","74,251km (14 Feb 2022)",Diesel,2nd Owner,Valid upto Mar 2023 3rd Party,Non-Accidental,AHMEDABAD,"₹12,340/month","₹5,36,299"
S Cross ZETA 1.3 MANUAL,Maruti,"['ZETA', '1.3']",MANUAL,August 2015,"1,63,159 km","1,63,159km (24 Feb 2022)",Diesel,1st Owner,Valid upto Mar 2023 3rd Party,Non-Accidental,AHMEDABAD,"₹12,285/month","₹5,33,899"
Ciaz VXI MANUAL,Maruti,['VXI'],MANUAL,March 2016,"75,343 km","75,343km (03 Jan 2022)",Petrol,1st Owner,Valid upto Jul 2022 Zero_Dep,Non-Accidental,AHMEDABAD,"₹13,098/month","₹5,69,599"
Dzire VDI MANUAL,Maruti,['VDI'],MANUAL,July 2017,"64,299 km","64,299km (10 Jan 2022)",Diesel,1st Owner,Valid upto Mar 2023 3rd Party,Non-Accidental,AHMEDABAD,"₹13,237/month","₹5,75,699"
 i20 Active 1.2 S MANUAL,Hyundai,"['1.2', 'S']",MANUAL,February 2015,"45,456 km","45,456km (10 Jan 2022)",Petrol,1st Owner,Valid upto Mar 2023 3rd Party,Non-Accidental,AHMEDABAD,"₹12,442/month","₹5,40,799"
 Verna 1.6 SX VTVT MANUAL,Hyundai,"['1.6', 'SX', 'VTVT']",MANUAL,September 2017,"48,984 km","48,984km (15 Feb 2022)",Petrol,1st Owner,Valid upto Mar 2023 3rd Party,Non-Accidental,AHMEDABAD,"₹18,991/month","₹8,28,399"
 VENUE S MT 1.2 KAPPA MANUAL,Hyundai,"['S', 'MT', '1.2', 'KAPPA']",MANUAL,May 2021,"5,656 km","5,656km (01 Jan 2022)",Petrol,1st Owner,Valid upto Jul 2022 Zero_Dep,Non-Accidental,AHMEDABAD,"₹18,827/month","₹8,21,199"
 Elite i20 ASTA 1.2 (O) MANUAL,Hyundai,"['ASTA', '1.2', '(O)']",MANUAL,January 2016,"57,984 km","57,984km (02 Mar 2022)",Petrol,1st Owner,Valid upto Mar 2023 3rd Party,Non-Accidental,AHMEDABAD,"₹14,885/month","₹6,48,099"
Baleno DELTA DDIS 190 MANUAL,Maruti,"['DELTA', 'DDIS', '190']",MANUAL,November 2017,"83,204 km","83,204km (30 Dec 2021)",Diesel,1st Owner,Valid upto Mar 2023 3rd Party,Non-Accidental,AHMEDABAD,"₹12,249/month","₹5,32,299"
Dzire VDI MANUAL,Maruti,['VDI'],MANUAL,October 2017,"50,279 km","50,279km (31 Jan 2022)",Diesel,1st Owner,Valid upto Oct 2022 Comprehensive,Non-Accidental,AHMEDABAD,"₹14,430/month","₹6,28,099"
S Cross ZETA 1.3 MANUAL,Maruti,"['ZETA', '1.3']",MANUAL,March 2016,"82,056 km","82,056km (10 Feb 2022)",Diesel,2nd Owner,Valid upto Mar 2023 3rd Party,Non-Accidental,AHMEDABAD,"₹13,685/month","₹5,95,399"
 Elite i20 SPORTZ 1.2 MANUAL,Hyundai,"['SPORTZ', '1.2']",MANUAL,November 2015,"76,209 km","76,209km (03 Mar 2022)",Petrol,1st Owner,Valid upto Dec 2022 Comprehensive,Non-Accidental,AHMEDABAD,"₹12,485/month","₹5,42,699"
 Elite i20 ASTA 1.4 CRDI MANUAL,Hyundai,"['ASTA', '1.4', 'CRDI']",MANUAL,February 2016,"59,516 km","59,516km (07 Feb 2022)",Diesel,3rd Owner,Valid upto Sept 2022 Comprehensive,Non-Accidental,AHMEDABAD,"₹13,717/month","₹5,96,799"
Ciaz ALPHA 1.3 DDIS SHVS MANUAL,Maruti,"['ALPHA', '1.3', 'DDIS', 'SHVS']",MANUAL,July 2017,"57,350 km","57,350km (12 Feb 2022)",Diesel,2nd Owner,Valid upto Mar 2023 3rd Party,Non-Accidental,AHMEDABAD,"₹15,158/month","₹6,60,099"
Dzire ZDI Plus MANUAL,Maruti,"['ZDI', 'Plus']",MANUAL,April 2017,"41,159 km","41,159km (28 Feb 2022)",Diesel,1st Owner,Valid upto Jun 2022 Zero Depreciation,Non-Accidental,AHMEDABAD,"₹15,878/month","₹6,91,699"
 Elite i20 ASTA 1.2 DUAL TONE MANUAL,Hyundai,"['ASTA', '1.2', 'DUAL', 'TONE']",MANUAL,September 2017,"28,959 km","28,959km (17 Jan 2022)",Petrol,2nd Owner,Valid upto Mar 2023 3rd Party,Non-Accidental,AHMEDABAD,"₹14,792/month","₹6,43,999"
Dzire VXI MANUAL,Maruti,['VXI'],MANUAL,October 2018,"26,872 km","26,872km (06 Jan 2022)",Petrol,1st Owner,Valid upto Mar 2023 3rd Party,Non-Accidental,AHMEDABAD,"₹14,348/month","₹6,24,499"
Baleno DELTA DDIS 190 MANUAL,Maruti,"['DELTA', 'DDIS', '190']",MANUAL,April 2017,"73,016 km","73,016km (02 Jan 2022)",Diesel,2nd Owner,Valid upto Mar 2023 3rd Party,Non-Accidental,AHMEDABAD,"₹12,080/month","₹5,24,899"
 Creta 1.6 EX CRDI MANUAL,Hyundai,"['1.6', 'EX', 'CRDI']",MANUAL,January 2020,"26,284 km","26,284km (30 Dec 2021)",Diesel,1st Owner,Valid upto Jan 2023 Third_party,Non-Accidental,AHMEDABAD,"₹28,146/month","₹12,30,499"
 35TDI PREMIUM AUTOMATIC,Audi,"['35TDI', 'PREMIUM']",AUTOMATIC,February 2018,"39,254 km","39,254km (01 Jan 2022)",Diesel,2nd Owner,Valid upto Mar 2023 3rd Party,Non-Accidental,AHMEDABAD,"₹44,943/month","₹19,68,199"
 30TFSI Premium Plus AUTOMATIC,Audi,"['30TFSI', 'Premium', 'Plus']",AUTOMATIC,April 2017,"67,539 km","67,539km (26 Feb 2022)",Petrol,1st Owner,Valid upto Mar 2023 3rd Party,Non-Accidental,AHMEDABAD,"₹53,322/month","₹23,36,199"
Dzire VXI MANUAL,Maruti,['VXI'],MANUAL,September 2018,"23,400 km","23,400km (27 Jan 2022)",Petrol,1st Owner,Valid upto Oct 2022 Zero Depreciation,Non-Accidental,AHMEDABAD,"₹15,372/month","₹6,69,499"
ity V MT PETROL MANUAL,Honda,"['V', 'MT', 'PETROL']",MANUAL,November 2014,"87,144 km","87,144km (17 Mar 2022)",Petrol,2nd Owner,Valid upto Mar 2023 3rd Party,Non-Accidental,AHMEDABAD,"₹14,377/month","₹6,25,799"
 i20 SPORTZ 1.2 VTVT MANUAL,Hyundai,"['SPORTZ', '1.2', 'VTVT']",MANUAL,March 2014,"48,504 km","48,504km (18 Feb 2022)",Petrol,3rd Owner,Valid upto Mar 2023 3rd Party,Non-Accidental,AHMEDABAD,"₹10,083/month","₹4,37,199"
 Kwid 1.0 RXT Opt MANUAL,Renault,"['1.0', 'RXT', 'Opt']",MANUAL,September 2018,"29,528 km","29,528km (29 Dec 2021)",Petrol,1st Owner,Valid upto Oct 2022 Zero_Dep,Non-Accidental,AHMEDABAD,"₹8,205/month","₹3,54,699"
Swift VXI MANUAL,Maruti,['VXI'],MANUAL,March 2015,"36,339 km","36,339km (05 Jan 2022)",Petrol,1st Owner,Valid upto Oct 2022 Comp,Non-Accidental,AHMEDABAD,"₹11,470/month","₹4,98,099"
mpass LIMITED 1.4 AT AUTOMATIC,Jeep,"['LIMITED', '1.4', 'AT']",AUTOMATIC,October 2017,"62,608 km","62,608km (08 Mar 2022)",Petrol,1st Owner,Valid upto Mar 2023 3rd Party,Non-Accidental,AHMEDABAD,"₹28,456/month","₹12,44,099"
mpass 2.0 LIMITED 4*2 MANUAL,Jeep,"['2.0', 'LIMITED', '4*2']",MANUAL,October 2017,"1,48,933 km","1,48,933km (19 Jan 2022)",Diesel,1st Owner,Valid upto Mar 2023 3rd Party,Non-Accidental,AHMEDABAD,"₹25,072/month","₹10,95,499"
S Cross ZETA 1.3 MANUAL,Maruti,"['ZETA', '1.3']",MANUAL,April 2017,"59,904 km","59,904km (19 Feb 2022)",Diesel,1st Owner,Valid upto Jul 2022 Zero Depreciation,Non-Accidental,AHMEDABAD,"₹16,607/month","₹7,23,699"
 Verna 1.6 SX VTVT MANUAL,Hyundai,"['1.6', 'SX', 'VTVT']",MANUAL,May 2019,"33,957 km","33,957km (11 Mar 2022)",Petrol,2nd Owner,Valid upto Mar 2023 3rd Party,Non-Accidental,AHMEDABAD,"₹20,978/month","₹9,15,699"
 Verna 1.6 CRDI SX MANUAL,Hyundai,"['1.6', 'CRDI', 'SX']",MANUAL,March 2019,"42,037 km","42,037km (23 Feb 2022)",Diesel,2nd Owner,Valid upto Mar 2023 3rd Party,Non-Accidental,AHMEDABAD,"₹20,350/month","₹8,88,099"
Vitara Brezza VDI MANUAL,Maruti,['VDI'],MANUAL,September 2016,"1,08,852 km","1,08,852km (09 Nov 2021)",Diesel,1st Owner,Valid upto Mar 2023 3rd Party,Non-Accidental,AHMEDABAD,"₹14,113/month","₹6,14,199"
Ciaz ALPHA 1.4 VVT AMT AUTOMATIC,Maruti,"['ALPHA', '1.4', 'VVT', 'AMT']",AUTOMATIC,January 2018,"13,881 km","13,881km (11 Mar 2022)",Petrol,1st Owner,Valid upto Mar 2023 3rd Party,Non-Accidental,AHMEDABAD,"₹20,391/month","₹8,89,899"
Ciaz ZETA 1.4 VVT MANUAL,Maruti,"['ZETA', '1.4', 'VVT']",MANUAL,February 2018,"83,093 km","83,093km (30 Dec 2021)",Petrol,1st Owner,Valid upto Mar 2023 3rd Party,Non-Accidental,AHMEDABAD,"₹15,429/month","₹6,71,999"
Baleno DELTA DDIS 190 MANUAL,Maruti,"['DELTA', 'DDIS', '190']",MANUAL,October 2018,"68,152 km","68,152km (31 Dec 2021)",Diesel,1st Owner,Valid upto Mar 2023 3rd Party,Non-Accidental,AHMEDABAD,"₹11,866/month","₹5,15,499"
 Verna 1.6 SX VTVT MANUAL,Hyundai,"['1.6', 'SX', 'VTVT']",MANUAL,January 2019,"3,863 km","3,863km (22 Jan 2022)",Petrol,1st Owner,Valid upto Mar 2023 3rd Party,Non-Accidental,AHMEDABAD,"₹22,743/month","₹9,93,199"
ity V MT PETROL MANUAL,Honda,"['V', 'MT', 'PETROL']",MANUAL,June 2016,"86,821 km","86,821km (26 Feb 2022)",Petrol,1st Owner,Valid upto Aug 2022 Zero Depreciation,Non-Accidental,AHMEDABAD,"₹15,937/month","₹6,94,299"
 Verna 1.6 SX (O) CRDI MT MANUAL,Hyundai,"['1.6', 'SX', '(O)', 'CRDI', 'MT']",MANUAL,August 2017,"26,831 km","26,831km (22 Dec 2021)",Diesel,2nd Owner,Valid upto Mar 2023 3rd Party,Non-Accidental,AHMEDABAD,"₹21,427/month","₹9,35,399"
maze 1.2 SMT I VTEC MANUAL,Honda,"['1.2', 'SMT', 'I', 'VTEC']",MANUAL,July 2018,"13,972 km","13,972km (22 Jan 2022)",Petrol,2nd Owner,Valid upto Aug 2022 Comprehensive,Non-Accidental,AHMEDABAD,"₹13,888/month","₹6,04,299"
azz 1.5 S MT MANUAL,Honda,"['1.5', 'S', 'MT']",MANUAL,July 2015,"1,51,263 km","1,51,263km (04 Jan 2022)",Diesel,1st Owner,Valid upto Aug 2022 Comp,Non-Accidental,AHMEDABAD,"₹9,056/month","₹3,92,099"
mpass 2.0 LIMITED MANUAL,Jeep,"['2.0', 'LIMITED']",MANUAL,March 2018,"73,980 km","73,980km (02 Mar 2022)",Diesel,1st Owner,Valid upto Mar 2023 3rd Party,Non-Accidental,AHMEDABAD,"₹30,264/month","₹13,23,499"
gen Polo HIGHLINE1.5L DIESEL MANUAL,Volkswagen,"['HIGHLINE1.5L', 'DIESEL']",MANUAL,January 2017,"67,127 km","67,127km (14 Feb 2022)",Diesel,1st Owner,Valid upto Mar 2023 3rd Party,Non-Accidental,AHMEDABAD,"₹13,981/month","₹6,08,399"
 TRIBER 1.0 RXT MANUAL,Renault,"['1.0', 'RXT']",MANUAL,October 2019,"25,854 km","25,854km (11 Feb 2022)",Petrol,1st Owner,Valid upto Dec 2022 Comprehensive,Non-Accidental,AHMEDABAD,"₹13,968/month","₹6,07,799"
Swift VXI MANUAL,Maruti,['VXI'],MANUAL,June 2018,"35,240 km","35,240km (20 Jan 2022)",Petrol,1st Owner,Valid upto Jul 2022 Zero Depreciation,Non-Accidental,AHMEDABAD,"₹12,376/month","₹5,37,899"
Baleno DELTA 1.2 K12 MANUAL,Maruti,"['DELTA', '1.2', 'K12']",MANUAL,September 2016,"85,463 km","85,463km (03 Jan 2022)",Petrol,1st Owner,Valid upto Mar 2023 3rd Party,Non-Accidental,AHMEDABAD,"₹11,306/month","₹4,90,899"
TOS HTK 1.5 PETROL MANUAL,KIA,"['HTK', '1.5', 'PETROL']",MANUAL,September 2019,"19,485 km","19,485km (04 Mar 2022)",Petrol,1st Owner,Valid upto Oct 2022 Zero Depreciation,Non-Accidental,AHMEDABAD,"₹25,345/month","₹11,07,499"
Baleno ZETA 1.2 K12 MANUAL,Maruti,"['ZETA', '1.2', 'K12']",MANUAL,July 2016,"56,311 km","56,311km (11 Mar 2022)",Petrol,1st Owner,Valid upto Jul 2022 Zero Depreciation,Non-Accidental,AHMEDABAD,"₹13,528/month","₹5,88,499"
Baleno DELTA 1.2 K12 MANUAL,Maruti,"['DELTA', '1.2', 'K12']",MANUAL,March 2017,"3,036 km","3,036km (24 Jan 2022)",Petrol,1st Owner,Valid upto Mar 2023 3rd Party,Non-Accidental,AHMEDABAD,"₹14,412/month","₹6,27,299"
 Xcent S 1.2 MANUAL,Hyundai,"['S', '1.2']",MANUAL,January 2020,"32,118 km","32,118km (11 Jan 2022)",Petrol,1st Owner,Valid upto Mar 2023 3rd Party,Non-Accidental,AHMEDABAD,"₹14,275/month","₹6,21,299"
Baleno DELTA 1.2 K12 MANUAL,Maruti,"['DELTA', '1.2', 'K12']",MANUAL,July 2016,"36,712 km","36,712km (09 Feb 2022)",Petrol,1st Owner,Valid upto Aug 2022 Zero Depreciation,Non-Accidental,AHMEDABAD,"₹12,524/month","₹5,44,399"
 Elite i20 SPORTZ 1.4 MANUAL,Hyundai,"['SPORTZ', '1.4']",MANUAL,November 2017,"72,459 km","72,459km (14 Dec 2021)",Diesel,1st Owner,Valid upto Mar 2023 3rd Party,Non-Accidental,AHMEDABAD,"₹13,908/month","₹6,05,199"
Vitara Brezza ZDI PLUS DUAL TONE MANUAL,Maruti,"['ZDI', 'PLUS', 'DUAL', 'TONE']",MANUAL,April 2016,"49,358 km","49,358km (09 Nov 2021)",Diesel,1st Owner,Valid upto Mar 2023 3rd Party,Non-Accidental,AHMEDABAD,"₹16,937/month","₹7,38,199"
 Elite i20 ASTA 1.2 (O) MANUAL,Hyundai,"['ASTA', '1.2', '(O)']",MANUAL,October 2017,"45,441 km","45,441km (14 Feb 2022)",Petrol,1st Owner,Valid upto Mar 2023 3rd Party,Non-Accidental,AHMEDABAD,"₹15,368/month","₹6,69,299"
S Cross ZETA 1.3 MANUAL,Maruti,"['ZETA', '1.3']",MANUAL,January 2017,"83,904 km","83,904km (14 Mar 2022)",Diesel,1st Owner,Valid upto Mar 2023 3rd Party,Non-Accidental,AHMEDABAD,"₹15,343/month","₹6,68,199"
Swift ZDI MANUAL,Maruti,['ZDI'],MANUAL,July 2015,"46,122 km","46,122km (23 Feb 2022)",Diesel,1st Owner,Valid upto Aug 2022 Zero Depreciation,Non-Accidental,AHMEDABAD,"₹12,622/month","₹5,48,699"
Vitara Brezza ZDI PLUS DUAL TONE MANUAL,Maruti,"['ZDI', 'PLUS', 'DUAL', 'TONE']",MANUAL,July 2016,"44,913 km","44,913km (08 Feb 2022)",Diesel,1st Owner,Valid upto Mar 2023 3rd Party,Non-Accidental,AHMEDABAD,"₹17,952/month","₹7,82,799"
Eeco 5 STR WITH AC PLUSHTR MANUAL,Maruti,"['5', 'STR', 'WITH', 'AC', 'PLUSHTR']",MANUAL,June 2019,"9,230 km","9,230km (12 Jan 2022)",Petrol,1st Owner,Valid upto Jul 2022 3rd Party,Non-Accidental,AHMEDABAD,"₹9,969/month","₹4,32,199"
Ertiga VDI SHVS LIMITED EDITION MANUAL,Maruti,"['VDI', 'SHVS', 'LIMITED', 'EDITION']",MANUAL,June 2018,"71,519 km","71,519km (02 Mar 2022)",Diesel,1st Owner,Valid upto Mar 2023 3rd Party,Non-Accidental,AHMEDABAD,"₹17,606/month","₹7,67,599"
Ciaz ALPHA 1.3 DDIS SHVS MANUAL,Maruti,"['ALPHA', '1.3', 'DDIS', 'SHVS']",MANUAL,May 2019,"62,184 km","62,184km (18 Jan 2022)",Diesel,2nd Owner,Valid upto Mar 2023 3rd Party,Non-Accidental,AHMEDABAD,"₹18,663/month","₹8,13,999"
Dzire VXI MANUAL,Maruti,['VXI'],MANUAL,June 2020,"11,981 km","11,981km (17 Jan 2022)",Petrol,1st Owner,Valid upto Jun 2022 Zero Depreciation,Non-Accidental,AHMEDABAD,"₹16,513/month","₹7,19,599"
maze 1.2 SMT I VTEC MANUAL,Honda,"['1.2', 'SMT', 'I', 'VTEC']",MANUAL,May 2018,"33,276 km","33,276km (27 Jan 2022)",Petrol,2nd Owner,Valid upto Jun 2022 Third_party,Non-Accidental,AHMEDABAD,"₹13,888/month","₹6,04,299"
Vitara Brezza ZDI PLUS DUAL TONE MANUAL,Maruti,"['ZDI', 'PLUS', 'DUAL', 'TONE']",MANUAL,February 2016,"26,090 km","26,090km (15 Dec 2021)",Diesel,1st Owner,Valid upto Mar 2023 3rd Party,Non-Accidental,AHMEDABAD,"₹16,292/month","₹7,09,899"
Vitara Brezza ZDI PLUS DUAL TONE MANUAL,Maruti,"['ZDI', 'PLUS', 'DUAL', 'TONE']",MANUAL,March 2016,"25,924 km","25,924km (17 Feb 2022)",Diesel,1st Owner,Valid upto Mar 2023 3rd Party,Non-Accidental,AHMEDABAD,"₹16,789/month","₹7,31,699"
Vitara Brezza VDI OPT MANUAL,Maruti,"['VDI', 'OPT']",MANUAL,July 2017,"1,40,277 km","1,40,277km (02 Nov 2021)",Diesel,1st Owner,Valid upto Mar 2023 3rd Party,Non-Accidental,AHMEDABAD,"₹15,275/month","₹6,65,199"
 Eon ERA PLUS MANUAL,Hyundai,"['ERA', 'PLUS']",MANUAL,January 2016,"79,123 km","79,123km (10 Mar 2022)",Petrol,2nd Owner,Valid upto Mar 2023 3rd Party,Non-Accidental,AHMEDABAD,"₹6,709/month","₹2,88,999"
rio 1.2 S MT I VTEC MANUAL,Honda,"['1.2', 'S', 'MT', 'I', 'VTEC']",MANUAL,January 2014,"86,695 km","86,695km (31 Dec 2021)",Petrol,2nd Owner,Valid upto Mar 2023 3rd Party,Non-Accidental,AHMEDABAD,"₹7,588/month","₹3,27,599"
 Verna 1.6 SX VTVT AT (O) AUTOMATIC,Hyundai,"['1.6', 'SX', 'VTVT', 'AT', '(O)']",AUTOMATIC,October 2018,"16,721 km","16,721km (22 Feb 2022)",Petrol,2nd Owner,Valid upto Oct 2022 Zero Depreciation,Non-Accidental,AHMEDABAD,"₹23,818/month","₹10,40,399"
Baleno DELTA 1.2 K12 MANUAL,Maruti,"['DELTA', '1.2', 'K12']",MANUAL,September 2019,"11,316 km","11,316km (01 Jan 2022)",Petrol,1st Owner,Valid upto Mar 2023 3rd Party,Non-Accidental,AHMEDABAD,"₹14,414/month","₹6,27,399"
Swift VXI AMT AUTOMATIC,Maruti,"['VXI', 'AMT']",AUTOMATIC,May 2019,"13,645 km","13,645km (28 Feb 2022)",Petrol,1st Owner,Valid upto Mar 2023 3rd Party,Non-Accidental,AHMEDABAD,"₹15,598/month","₹6,79,399"
New Wagon-R ZXI 1.2 MANUAL,Maruti,"['ZXI', '1.2']",MANUAL,January 2019,"26,254 km","26,254km (09 Feb 2022)",Petrol,1st Owner,Valid upto Mar 2023 3rd Party,Non-Accidental,AHMEDABAD,"₹12,483/month","₹5,42,599"
Vitara Brezza VDI MANUAL,Maruti,['VDI'],MANUAL,January 2017,"79,483 km","79,483km (01 Jan 2022)",Diesel,2nd Owner,Valid upto Mar 2023 3rd Party,Non-Accidental,AHMEDABAD,"₹14,147/month","₹6,15,699"
 Eon MAGNA PLUS MANUAL,Hyundai,"['MAGNA', 'PLUS']",MANUAL,April 2017,"37,908 km","37,908km (09 Mar 2022)",Petrol,1st Owner,Valid upto Mar 2023 3rd Party,Non-Accidental,AHMEDABAD,"₹7,487/month","₹3,23,199"
S Cross ZETA 1.3 MANUAL,Maruti,"['ZETA', '1.3']",MANUAL,May 2017,"1,12,490 km","1,12,490km (01 Jan 2022)",Diesel,1st Owner,Valid upto Mar 2023 3rd Party,Non-Accidental,AHMEDABAD,"₹14,678/month","₹6,38,999"
Baleno DELTA 1.2 K12 MANUAL,Maruti,"['DELTA', '1.2', 'K12']",MANUAL,August 2017,"16,624 km","16,624km (17 Mar 2022)",Petrol,1st Owner,Valid upto Sept 2022 Zero Depreciation,Non-Accidental,AHMEDABAD,"₹14,412/month","₹6,27,299"
Fortuner 3.0 MT 4X4 MANUAL,Toyota,"['3.0', 'MT', '4X4']",MANUAL,April 2012,"1,84,782 km","1,84,782km (11 Jan 2022)",Diesel,3rd Owner,Valid upto Mar 2023 3rd Party,Non-Accidental,AHMEDABAD,"₹24,772/month","₹10,82,299"
Swift VXI MANUAL,Maruti,['VXI'],MANUAL,May 2016,"44,689 km","44,689km (04 Jan 2022)",Petrol,1st Owner,Valid upto Jun 2022 Comp,Non-Accidental,AHMEDABAD,"₹10,832/month","₹4,70,099"
ity VX CVT PETROL AUTOMATIC,Honda,"['VX', 'CVT', 'PETROL']",AUTOMATIC,June 2018,"94,837 km","94,837km (01 Jan 2022)",Petrol,1st Owner,Valid upto Mar 2023 3rd Party,Non-Accidental,AHMEDABAD,"₹20,395/month","₹8,90,099"
Vitara Brezza ZDI PLUS DUAL TONE MANUAL,Maruti,"['ZDI', 'PLUS', 'DUAL', 'TONE']",MANUAL,June 2016,"41,300 km","41,300km (28 Feb 2022)",Diesel,1st Owner,Valid upto Aug 2022 3rd Party,Non-Accidental,AHMEDABAD,"₹18,644/month","₹8,13,199"
osport 1.5TITANIUM TDCI MANUAL,Ford,"['1.5TITANIUM', 'TDCI']",MANUAL,September 2019,"26,463 km","26,463km (24 Nov 2021)",Diesel,1st Owner,Valid upto Mar 2023 3rd Party,Non-Accidental,AHMEDABAD,"₹20,038/month","₹8,74,399"
Baleno ALPHA 1.2 K12 MANUAL,Maruti,"['ALPHA', '1.2', 'K12']",MANUAL,August 2018,"11,371 km","11,371km (05 Mar 2022)",Petrol,1st Owner,Valid upto Nov 2022 Zero Depreciation,Non-Accidental,AHMEDABAD,"₹16,358/month","₹7,12,799"
Baleno DELTA 1.2 K12 MANUAL,Maruti,"['DELTA', '1.2', 'K12']",MANUAL,March 2017,"41,631 km","41,631km (09 Feb 2022)",Petrol,2nd Owner,Valid upto Aug 2022 Zero Depreciation,Non-Accidental,AHMEDABAD,"₹12,515/month","₹5,43,999"
S Cross ZETA 1.3 SHVS MANUAL,Maruti,"['ZETA', '1.3', 'SHVS']",MANUAL,March 2018,"19,899 km","19,899km (29 Dec 2021)",Diesel,1st Owner,Valid upto Mar 2023 3rd Party,Non-Accidental,AHMEDABAD,"₹21,254/month","₹9,27,799"
 Verna SX PETROL AT AUTOMATIC,Hyundai,"['SX', 'PETROL', 'AT']",AUTOMATIC,March 2020,"22,836 km","22,836km (22 Nov 2021)",Petrol,1st Owner,Valid upto Jul 2023 3rd Party,Non-Accidental,AHMEDABAD,"₹27,504/month","₹12,02,299"
Baleno DELTA 1.2 K12 MANUAL,Maruti,"['DELTA', '1.2', 'K12']",MANUAL,November 2017,"61,989 km","61,989km (02 Dec 2021)",Petrol,2nd Owner,Valid upto Jul 2022 Comp,Non-Accidental,AHMEDABAD,"₹12,590/month","₹5,47,299"
S PRESSO VXI PLUS MANUAL,Maruti,"['VXI', 'PLUS']",MANUAL,September 2019,"5,696 km","5,696km (02 Jan 2022)",Petrol,1st Owner,Valid upto Mar 2023 3rd Party,Non-Accidental,AHMEDABAD,"₹10,028/month","₹4,34,799"
Dzire VXI MANUAL,Maruti,['VXI'],MANUAL,April 2019,"8,558 km","8,558km (28 Feb 2022)",Petrol,1st Owner,Valid upto Oct 2022 Zero Depreciation,Non-Accidental,AHMEDABAD,"₹16,329/month","₹7,11,499"
 Creta 1.4 E PLUS CRDI MANUAL,Hyundai,"['1.4', 'E', 'PLUS', 'CRDI']",MANUAL,August 2018,"2,41,497 km","2,41,497km (01 Jan 2022)",Diesel,1st Owner,Valid upto Aug 2022 Zero_Dep,Non-Accidental,AHMEDABAD,"₹17,622/month","₹7,68,299"
 i20 SPORTZ 1.2 VTVT MANUAL,Hyundai,"['SPORTZ', '1.2', 'VTVT']",MANUAL,March 2014,"96,231 km","96,231km (21 Feb 2022)",Petrol,1st Owner,Valid upto Mar 2023 3rd Party,Non-Accidental,,₹0/month,"₹4,23,699"
Alto 800 LXI MANUAL,Maruti,['LXI'],MANUAL,March 2014,"36,971 km","36,971km (03 Feb 2022)",Petrol,3rd Owner,Valid upto Mar 2023 3rd Party,Non-Accidental,AHMEDABAD,"₹5,295/month","₹2,26,899"
Vitara Brezza VDI OPT MANUAL,Maruti,"['VDI', 'OPT']",MANUAL,February 2017,"94,193 km","94,193km (30 Dec 2021)",Diesel,1st Owner,Valid upto Mar 2023 3rd Party,Non-Accidental,,₹0/month,"₹6,66,099"
Vitara Brezza LXI MANUAL,Maruti,['LXI'],MANUAL,June 2021,"4,089 km","4,089km (21 Feb 2022)",Petrol,1st Owner,Valid upto Jul 2022 Zero Depreciation,Non-Accidental,,₹0/month,"₹8,11,899"
Dzire VXI MANUAL,Maruti,['VXI'],MANUAL,December 2019,"6,078 km","6,078km (27 Feb 2022)",Petrol,1st Owner,Valid upto Mar 2023 3rd Party,Non-Accidental,AHMEDABAD,"₹16,329/month","₹7,11,499"
osport 1.5 TITANIUM TI VCT MANUAL,Ford,"['1.5', 'TITANIUM', 'TI', 'VCT']",MANUAL,January 2017,"81,990 km","81,990km (26 Feb 2022)",Petrol,1st Owner,Valid upto Mar 2023 3rd Party,Non-Accidental,,₹0/month,"₹7,03,399"
New Wagon-R VXI 1.2L MANUAL,Maruti,"['VXI', '1.2L']",MANUAL,January 2019,"4,118 km","4,118km (22 Nov 2021)",Petrol,1st Owner,Valid upto Sep 2022 3rd Party,Non-Accidental,,₹0/month,"₹5,07,999"
S Cross ZETA 1.3 MANUAL,Maruti,"['ZETA', '1.3']",MANUAL,July 2017,"97,193 km","97,193km (29 Dec 2021)",Diesel,1st Owner,Valid upto Mar 2023 3rd Party,Non-Accidental,,₹0/month,"₹6,68,899"
Vitara Brezza VDI MANUAL,Maruti,['VDI'],MANUAL,May 2018,"28,845 km","28,845km (30 Dec 2021)",Diesel,1st Owner,Valid upto Mar 2023 3rd Party,Non-Accidental,,₹0/month,"₹7,44,999"
Baleno DELTA 1.2 K12 MANUAL,Maruti,"['DELTA', '1.2', 'K12']",MANUAL,August 2018,"33,164 km","33,164km (03 Feb 2022)",Petrol,1st Owner,Valid upto Oct 2022 Zero Depreciation,Non-Accidental,,₹0/month,"₹5,99,899"
Baleno DELTA 1.2 K12 MANUAL,Maruti,"['DELTA', '1.2', 'K12']",MANUAL,March 2017,"24,132 km","24,132km (07 Jan 2022)",Petrol,1st Owner,Valid upto Mar 2023 3rd Party,Non-Accidental,,₹0/month,"₹6,09,099"
Dzire VXI MANUAL,Maruti,['VXI'],MANUAL,July 2019,"14,874 km","14,874km (04 Jan 2022)",Petrol,1st Owner,Valid upto Sep 2022 Zero_Dep,Non-Accidental,,₹0/month,"₹7,04,499"
 Verna 1.6 CRDI SX MANUAL,Hyundai,"['1.6', 'CRDI', 'SX']",MANUAL,April 2018,"94,593 km","94,593km (10 Mar 2022)",Diesel,1st Owner,Valid upto Mar 2023 3rd Party,Non-Accidental,,₹0/month,"₹7,92,099"
Baleno DELTA 1.2 K12 MANUAL,Maruti,"['DELTA', '1.2', 'K12']",MANUAL,July 2018,"16,970 km","16,970km (27 Dec 2021)",Petrol,1st Owner,Valid upto Aug 2022 Zero_Dep,Non-Accidental,,₹0/month,"₹6,15,499"
osport 1.5TITANIUM TDCI MANUAL,Ford,"['1.5TITANIUM', 'TDCI']",MANUAL,January 2019,"24,011 km","24,011km (07 Mar 2022)",Diesel,1st Owner,Valid upto Mar 2023 3rd Party,Non-Accidental,,₹0/month,"₹9,53,599"
Vitara Brezza ZDI MANUAL,Maruti,['ZDI'],MANUAL,August 2018,"52,560 km","52,560km (10 Jan 2022)",Diesel,1st Owner,Valid upto Mar 2023 3rd Party,Non-Accidental,,₹0/month,"₹7,51,799"
Swift VXI MANUAL,Maruti,['VXI'],MANUAL,October 2016,"72,625 km","72,625km (09 Feb 2022)",Petrol,1st Owner,Valid upto Jul 2022 Comp,Non-Accidental,,₹0/month,"₹4,85,999"
osport 1.5TITANIUM TDCI MANUAL,Ford,"['1.5TITANIUM', 'TDCI']",MANUAL,September 2015,"1,27,849 km","1,27,849km (04 Mar 2022)",Diesel,2nd Owner,Valid upto Mar 2023 3rd Party,Non-Accidental,,₹0/month,"₹4,97,899"
osport 1.5TITANIUM TDCI MANUAL,Ford,"['1.5TITANIUM', 'TDCI']",MANUAL,August 2019,"18,200 km","18,200km (01 Feb 2022)",Diesel,1st Owner,Valid upto Nov 2022 Comprehensive,Non-Accidental,,₹0/month,"₹9,53,599"
Baleno DELTA 1.2 K12 MANUAL,Maruti,"['DELTA', '1.2', 'K12']",MANUAL,January 2020,"4,560 km","4,560km (01 Jan 2022)",Petrol,1st Owner,Valid upto Mar 2023 3rd Party,Non-Accidental,,₹0/month,"₹6,50,699"
 Creta 1.6 SX CRDI MANUAL,Hyundai,"['1.6', 'SX', 'CRDI']",MANUAL,July 2018,"72,987 km","72,987km (27 Feb 2022)",Diesel,1st Owner,Valid upto Oct 2022 Comprehensive,Non-Accidental,,₹0/month,"₹11,25,999"
Dzire VXI MANUAL,Maruti,['VXI'],MANUAL,August 2019,"18,378 km","18,378km (28 Feb 2022)",Petrol,1st Owner,Valid upto Oct 2022 3rd Party,Non-Accidental,,₹0/month,"₹7,11,499"
Baleno DELTA DDIS 190 MANUAL,Maruti,"['DELTA', 'DDIS', '190']",MANUAL,April 2017,"60,422 km","60,422km (27 Dec 2021)",Diesel,1st Owner,Valid upto Mar 2023 3rd Party,Non-Accidental,,₹0/month,"₹5,45,299"
osport 1.5TITANIUM TDCI MANUAL,Ford,"['1.5TITANIUM', 'TDCI']",MANUAL,January 2020,"8,979 km","8,979km (26 Nov 2021)",Diesel,1st Owner,Valid upto Jun 2022 Zero_Dep,Non-Accidental,,₹0/month,"₹9,72,899"
Baleno DELTA 1.2 K12 MANUAL,Maruti,"['DELTA', '1.2', 'K12']",MANUAL,February 2019,"21,775 km","21,775km (10 Mar 2022)",Petrol,1st Owner,Valid upto Mar 2023 3rd Party,Non-Accidental,,₹0/month,"₹6,90,899"
Baleno DELTA 1.2 K12 MANUAL,Maruti,"['DELTA', '1.2', 'K12']",MANUAL,February 2020,"15,275 km","15,275km (18 Dec 2021)",Petrol,1st Owner,Valid upto Mar 2023 3rd Party,Non-Accidental,,₹0/month,"₹6,90,999"
 Eon ERA PLUS MANUAL,Hyundai,"['ERA', 'PLUS']",MANUAL,August 2017,"15,122 km","15,122km (10 Mar 2022)",Petrol,1st Owner,Valid upto Mar 2023 3rd Party,Non-Accidental,,₹0/month,"₹3,44,599"
 VENUE S MT 1.2 KAPPA MANUAL,Hyundai,"['S', 'MT', '1.2', 'KAPPA']",MANUAL,February 2020,"1,420 km","1,420km (01 Jan 2022)",Petrol,1st Owner,Valid upto Mar 2023 3rd Party,Non-Accidental,,₹0/month,"₹7,73,099"
Baleno DELTA 1.2 K12 MANUAL,Maruti,"['DELTA', '1.2', 'K12']",MANUAL,January 2020,179 km,179km (24 Nov 2021),Petrol,1st Owner,Valid upto Aug 2023 Third_party,Non-Accidental,,₹0/month,"₹6,88,499"
Baleno DELTA 1.2 K12 MANUAL,Maruti,"['DELTA', '1.2', 'K12']",MANUAL,January 2020,216 km,216km (23 Nov 2021),Petrol,1st Owner,Valid upto Aug 2023 Third_party,Non-Accidental,,₹0/month,"₹6,88,699"
Baleno DELTA 1.2 K12 MANUAL,Maruti,"['DELTA', '1.2', 'K12']",MANUAL,January 2020,208 km,208km (29 Nov 2021),Petrol,1st Owner,Valid upto Sep 2023 Third_party,Non-Accidental,,₹0/month,"₹6,88,499"
osport 1.5TITANIUM TDCI MANUAL,Ford,"['1.5TITANIUM', 'TDCI']",MANUAL,January 2019,"49,525 km","49,525km (28 Dec 2021)",Diesel,1st Owner,Valid upto Mar 2023 3rd Party,Non-Accidental,,₹0/month,"₹8,16,499"
Baleno DELTA 1.2 K12 MANUAL,Maruti,"['DELTA', '1.2', 'K12']",MANUAL,September 2018,"16,121 km","16,121km (01 Mar 2022)",Petrol,1st Owner,Valid upto Oct 2022 Comprehensive,Non-Accidental,,₹0/month,"₹6,50,599"
Baleno DELTA 1.2 K12 MANUAL,Maruti,"['DELTA', '1.2', 'K12']",MANUAL,October 2020,"6,109 km","6,109km (09 Nov 2021)",Petrol,1st Owner,Valid upto Oct 2023 Third_party,Non-Accidental,,₹0/month,"₹6,57,599"
ity VX MT PETROL MANUAL,Honda,"['VX', 'MT', 'PETROL']",MANUAL,May 2019,"58,549 km","58,549km (15 Feb 2022)",Petrol,2nd Owner,Valid upto Mar 2023 3rd Party,Non-Accidental,,₹0/month,"₹10,16,499"
 Verna 1.6 CRDI SX + AT AUTOMATIC,Hyundai,"['1.6', 'CRDI', 'SX', '+', 'AT']",AUTOMATIC,January 2019,"40,175 km","40,175km (27 Jan 2022)",Diesel,2nd Owner,Valid upto Mar 2023 3rd Party,Non-Accidental,,₹0/month,"₹11,14,399"
Vitara Brezza ZDI MANUAL,Maruti,['ZDI'],MANUAL,March 2018,"38,865 km","38,865km (19 Mar 2022)",Diesel,1st Owner,Valid upto Mar 2023 3rd Party,Non-Accidental,,₹0/month,"₹8,27,499"
 VENUE S MT 1.2 KAPPA MANUAL,Hyundai,"['S', 'MT', '1.2', 'KAPPA']",MANUAL,February 2020,"9,730 km","9,730km (27 Dec 2021)",Petrol,1st Owner,Valid upto Mar 2023 3rd Party,Non-Accidental,,₹0/month,"₹8,29,399"
Baleno DELTA 1.2 K12 MANUAL,Maruti,"['DELTA', '1.2', 'K12']",MANUAL,January 2020,"3,384 km","3,384km (29 Nov 2021)",Petrol,1st Owner,Valid upto Sep 2023 Third_party,Non-Accidental,,₹0/month,"₹7,20,499"
Baleno DELTA 1.2 K12 MANUAL,Maruti,"['DELTA', '1.2', 'K12']",MANUAL,November 2018,"50,896 km","50,896km (28 Dec 2021)",Petrol,2nd Owner,Valid upto Mar 2023 3rd Party,Non-Accidental,,₹0/month,"₹5,57,799"
 Creta 1.6 CRDI sx(o) executive MANUAL,Hyundai,"['1.6', 'CRDI', 'sx(o)', 'executive']",MANUAL,February 2019,"53,159 km","53,159km (16 Feb 2022)",Diesel,1st Owner,Valid upto Mar 2023 3rd Party,Non-Accidental,,₹0/month,"₹12,08,999"
Baleno DELTA DDIS 190 MANUAL,Maruti,"['DELTA', 'DDIS', '190']",MANUAL,July 2017,"52,786 km","52,786km (21 Jan 2022)",Diesel,1st Owner,Valid upto Sep 2022 Zero Depreciation,Non-Accidental,,₹0/month,"₹5,76,099"
Baleno ZETA 1.2 K12 MANUAL,Maruti,"['ZETA', '1.2', 'K12']",MANUAL,October 2018,"19,448 km","19,448km (28 Feb 2022)",Petrol,1st Owner,Valid upto Mar 2023 3rd Party,Non-Accidental,,₹0/month,"₹6,80,299"
Wagon R 1.0 LXI MANUAL,Maruti,['LXI'],MANUAL,January 2015,"1,47,476 km","1,47,476km (29 Dec 2021)",Petrol,1st Owner,Valid upto Mar 2023 3rd Party,Non-Accidental,,₹0/month,"₹3,11,599"
Baleno DELTA 1.2 K12 MANUAL,Maruti,"['DELTA', '1.2', 'K12']",MANUAL,January 2020,"6,138 km","6,138km (26 Nov 2021)",Petrol,1st Owner,Valid upto Mar 2023 3rd Party,Non-Accidental,,₹0/month,"₹6,88,099"
osport 1.5TITANIUM TDCI MANUAL,Ford,"['1.5TITANIUM', 'TDCI']",MANUAL,May 2018,"78,828 km","78,828km (03 Feb 2022)",Diesel,1st Owner,Valid upto Jul 2022 Zero Depreciation,Non-Accidental,,₹0/month,"₹7,44,899"
Dzire VXI MANUAL,Maruti,['VXI'],MANUAL,July 2019,"45,576 km","45,576km (01 Mar 2022)",Petrol,1st Owner,Valid upto Aug 2022 Zero Depreciation,Non-Accidental,,₹0/month,"₹6,83,199"
mpass 2.0 LIMITED MANUAL,Jeep,"['2.0', 'LIMITED']",MANUAL,January 2019,"60,802 km","60,802km (29 Dec 2021)",Diesel,1st Owner,Valid upto Mar 2023 3rd Party,Non-Accidental,,₹0/month,"₹15,00,499"
osport 1.5TITANIUM TDCI MANUAL,Ford,"['1.5TITANIUM', 'TDCI']",MANUAL,February 2020,"15,951 km","15,951km (17 Jan 2022)",Diesel,1st Owner,Valid upto Jun 2023 Third_party,Non-Accidental,,₹0/month,"₹9,97,399"
ity ZX MT PETROL,Honda,"['ZX', 'MT']",NA,October 2020,"23,138 km","23,138km (24 Jan 2022)",Petrol,1st Owner,Valid upto Oct 2022 Comprehensive,Non-Accidental,,₹0/month,"₹13,93,599"
 Eon ERA PLUS MANUAL,Hyundai,"['ERA', 'PLUS']",MANUAL,December 2017,"29,037 km","29,037km (14 Mar 2022)",Petrol,1st Owner,Valid upto Jan 2023 Comprehensive,Non-Accidental,,₹0/month,"₹3,44,599"
Swift VDI MANUAL,Maruti,['VDI'],MANUAL,June 2018,"46,113 km","46,113km (10 Jan 2022)",Diesel,2nd Owner,Valid upto Sep 2022 Third_party,Non-Accidental,,₹0/month,"₹5,65,099"
Baleno DELTA 1.2 K12 MANUAL,Maruti,"['DELTA', '1.2', 'K12']",MANUAL,March 2020,"8,708 km","8,708km (21 Feb 2022)",Petrol,1st Owner,Valid upto Jul 2022 3rd Party,Non-Accidental,,₹0/month,"₹7,22,599"
Baleno ZETA 1.2 K12 MANUAL,Maruti,"['ZETA', '1.2', 'K12']",MANUAL,December 2019,"8,931 km","8,931km (11 Feb 2022)",Petrol,1st Owner,Valid upto Jan 2023 3rd Party,Non-Accidental,,₹0/month,"₹7,03,399"
Swift VDI ABS MANUAL,Maruti,"['VDI', 'ABS']",MANUAL,June 2017,"77,598 km","77,598km (07 Jan 2022)",Diesel,2nd Owner,Valid upto Mar 2023 3rd Party,Non-Accidental,,₹0/month,"₹5,00,999"
 i10 MAGNA 1.1 IRDE2 MANUAL,Hyundai,"['MAGNA', '1.1', 'IRDE2']",MANUAL,October 2015,"38,199 km","38,199km (15 Feb 2022)",Petrol,1st Owner,Valid upto Mar 2023 3rd Party,Non-Accidental,,₹0/month,"₹3,71,599"
IGNIS SIGMA 1.2 K12 MANUAL,Maruti,"['SIGMA', '1.2', 'K12']",MANUAL,May 2017,"16,923 km","16,923km (25 Jan 2022)",Petrol,1st Owner,Valid upto Aug 2022 Zero_Dep,Non-Accidental,,₹0/month,"₹4,36,599"
R-V 1.2 i-VTEC VX MT MANUAL,Honda,"['1.2', 'i-VTEC', 'VX', 'MT']",MANUAL,January 2019,"36,630 km","36,630km (12 Mar 2022)",Petrol,2nd Owner,Valid upto Mar 2023 3rd Party,Non-Accidental,,₹0/month,"₹9,06,099"
Baleno ZETA 1.2 K12 MANUAL,Maruti,"['ZETA', '1.2', 'K12']",MANUAL,April 2018,"52,394 km","52,394km (25 Dec 2021)",Petrol,2nd Owner,Valid upto Mar 2023 3rd Party,Non-Accidental,,₹0/month,"₹6,10,499"
 i10 MAGNA 1.1 IRDE2 MANUAL,Hyundai,"['MAGNA', '1.1', 'IRDE2']",MANUAL,May 2015,"41,080 km","41,080km (11 Mar 2022)",Petrol,1st Owner,Valid upto Mar 2023 3rd Party,Non-Accidental,,₹0/month,"₹3,71,599"
Baleno DELTA 1.2 K12 MANUAL,Maruti,"['DELTA', '1.2', 'K12']",MANUAL,July 2019,"12,118 km","12,118km (16 Mar 2022)",Petrol,1st Owner,Valid upto Jul 2022 Zero Depreciation,Non-Accidental,,₹0/month,"₹6,90,899"
Baleno DELTA 1.2 K12 MANUAL,Maruti,"['DELTA', '1.2', 'K12']",MANUAL,February 2019,"19,272 km","19,272km (01 Dec 2021)",Petrol,1st Owner,Valid upto Mar 2023 3rd Party,Non-Accidental,,₹0/month,"₹6,60,399"
a XUV500 W9 MANUAL,Mahindra,['W9'],MANUAL,August 2018,"1,14,898 km","1,14,898km (23 Feb 2022)",Diesel,1st Owner,Valid upto Oct 2022 3rd Party,Non-Accidental,,₹0/month,"₹11,19,299"
OR SHARP DCT PETROL AUTOMATIC,MG,"['SHARP', 'DCT', 'PETROL']",AUTOMATIC,March 2020,"3,865 km","3,865km (01 Mar 2022)",Petrol,1st Owner,Valid upto Jun 2023 3rd Party,Non-Accidental,,₹0/month,"₹16,55,699"
 VENUE SX 1.0 GDI IMT MANUAL,Hyundai,"['SX', '1.0', 'GDI', 'IMT']",MANUAL,September 2020,"8,933 km","8,933km (27 Dec 2021)",Petrol,1st Owner,Valid upto Mar 2023 3rd Party,Non-Accidental,,₹0/month,"₹10,49,499"
Swift VXI MANUAL,Maruti,['VXI'],MANUAL,January 2015,"62,003 km","62,003km (05 Feb 2022)",Petrol,3rd Owner,Valid upto Mar 2023 3rd Party,Non-Accidental,,₹0/month,"₹4,71,299"
Swift VDI MANUAL,Maruti,['VDI'],MANUAL,January 2018,"74,382 km","74,382km (12 Nov 2021)",Diesel,1st Owner,Valid upto Mar 2023 3rd Party,Non-Accidental,,₹0/month,"₹5,62,599"
osport 1.5 TITANIUM PLUS TI VCT AT AUTOMATIC,Ford,"['1.5', 'TITANIUM', 'PLUS', 'TI', 'VCT', 'AT']",AUTOMATIC,March 2020,"23,511 km","23,511km (03 Mar 2022)",Petrol,1st Owner,Valid upto Jun 2023 3rd Party,Non-Accidental,,₹0/month,"₹10,48,099"
Vitara Brezza VDI MANUAL,Maruti,['VDI'],MANUAL,August 2018,"27,460 km","27,460km (12 Feb 2022)",Diesel,1st Owner,Valid upto Sep 2022 Comprehensive,Non-Accidental,,₹0/month,"₹7,74,199"
Swift VXI MANUAL,Maruti,['VXI'],MANUAL,February 2017,"50,292 km","50,292km (11 Mar 2022)",Petrol,2nd Owner,Valid upto Mar 2023 3rd Party,Non-Accidental,,₹0/month,"₹5,52,899"
Baleno ZETA 1.2 K12 MANUAL,Maruti,"['ZETA', '1.2', 'K12']",MANUAL,September 2019,"39,391 km","39,391km (27 Jan 2022)",Petrol,1st Owner,Valid upto Sep 2022 Zero Depreciation,Non-Accidental,,₹0/month,"₹6,48,399"
Baleno ZETA 1.2 K12 MANUAL,Maruti,"['ZETA', '1.2', 'K12']",MANUAL,January 2019,"23,884 km","23,884km (08 Mar 2022)",Petrol,1st Owner,Valid upto Mar 2023 3rd Party,Non-Accidental,,₹0/month,"₹7,04,199"
 VENUE S MT 1.2 KAPPA MANUAL,Hyundai,"['S', 'MT', '1.2', 'KAPPA']",MANUAL,March 2020,"5,231 km","5,231km (07 Nov 2021)",Petrol,1st Owner,Valid upto Mar 2023 3rd Party,Non-Accidental,,₹0/month,"₹8,24,899"
Baleno DELTA 1.2 K12 MANUAL,Maruti,"['DELTA', '1.2', 'K12']",MANUAL,August 2019,"23,050 km","23,050km (12 Jan 2022)",Petrol,1st Owner,Valid upto Oct 2022 Third_party,Non-Accidental,,₹0/month,"₹6,63,099"
Wagon R 1.0 VXI MANUAL,Maruti,['VXI'],MANUAL,November 2017,"36,824 km","36,824km (28 Jan 2022)",Petrol,1st Owner,Valid upto Jul 2022 Third_party,Non-Accidental,,₹0/month,"₹3,94,799"
 VENUE 1.0L Turbo GDI SX(O) MT MANUAL,Hyundai,"['1.0L', 'Turbo', 'GDI', 'SX(O)', 'MT']",MANUAL,June 2019,"14,673 km","14,673km (10 Feb 2022)",Petrol,2nd Owner,Valid upto Sep 2022 Zero Depreciation,Non-Accidental,,₹0/month,"₹10,12,399"
 VENUE SX(O) CRDi MANUAL,Hyundai,"['SX(O)', 'CRDi']",MANUAL,May 2019,"32,620 km","32,620km (11 Feb 2022)",Diesel,1st Owner,Valid upto Mar 2023 3rd Party,Non-Accidental,,₹0/month,"₹9,68,999"
Swift ZDI MANUAL,Maruti,['ZDI'],MANUAL,May 2016,"1,04,024 km","1,04,024km (10 Jan 2022)",Diesel,1st Owner,Valid upto Mar 2023 3rd Party,Non-Accidental,,₹0/month,"₹4,82,799"
Swift ZDI MANUAL,Maruti,['ZDI'],MANUAL,September 2015,"86,785 km","86,785km (07 Feb 2022)",Diesel,2nd Owner,Valid upto Mar 2023 3rd Party,Non-Accidental,,₹0/month,"₹4,73,199"
osport 1.5TITANIUM TDCI MANUAL,Ford,"['1.5TITANIUM', 'TDCI']",MANUAL,August 2020,"32,683 km","32,683km (10 Jan 2022)",Diesel,1st Owner,Valid upto Aug 2023 Third_party,Non-Accidental,,₹0/month,"₹9,54,199"
azz 1.2 V MT MANUAL,Honda,"['1.2', 'V', 'MT']",MANUAL,August 2018,"30,450 km","30,450km (11 Feb 2022)",Petrol,2nd Owner,Valid upto Mar 2023 3rd Party,Non-Accidental,,₹0/month,"₹6,02,199"
Vitara Brezza VDI OPT MANUAL,Maruti,"['VDI', 'OPT']",MANUAL,January 2018,"38,375 km","38,375km (03 Jan 2022)",Diesel,1st Owner,Valid upto Mar 2023 3rd Party,Non-Accidental,,₹0/month,"₹7,60,899"
Baleno ZETA 1.2 K12 MANUAL,Maruti,"['ZETA', '1.2', 'K12']",MANUAL,January 2019,"69,553 km","69,553km (13 Nov 2021)",Petrol,1st Owner,Valid upto Mar 2023 3rd Party,Non-Accidental,,₹0/month,"₹6,17,999"
Alto 800 LXI MANUAL,Maruti,['LXI'],MANUAL,June 2016,"75,831 km","75,831km (24 Feb 2022)",Petrol,1st Owner,Valid upto Jul 2022 3rd Party,Non-Accidental,,₹0/month,"₹2,60,899"
Vitara Brezza VDI MANUAL,Maruti,['VDI'],MANUAL,May 2019,"29,776 km","29,776km (27 Feb 2022)",Diesel,1st Owner,Valid upto Aug 2022 Zero Depreciation,Non-Accidental,,₹0/month,"₹8,11,499"
IGNIS SIGMA 1.2 K12 MANUAL,Maruti,"['SIGMA', '1.2', 'K12']",MANUAL,July 2021,"3,072 km","3,072km (11 Feb 2022)",Petrol,1st Owner,Valid upto Aug 2022 Zero Depreciation,Non-Accidental,,₹0/month,"₹5,21,699"
IGNIS SIGMA 1.2 K12 MANUAL,Maruti,"['SIGMA', '1.2', 'K12']",MANUAL,July 2020,"4,835 km","4,835km (15 Nov 2021)",Petrol,1st Owner,Valid upto Jul 2022 Zero_Dep,Non-Accidental,,₹0/month,"₹5,04,499"
a XUV500 W11 AT AUTOMATIC,Mahindra,"['W11', 'AT']",AUTOMATIC,January 2019,"84,003 km","84,003km (21 Feb 2022)",Diesel,1st Owner,Valid upto Mar 2023 3rd Party,Non-Accidental,,₹0/month,"₹14,43,699"
Vitara Brezza VDI MANUAL,Maruti,['VDI'],MANUAL,September 2018,"52,597 km","52,597km (23 Dec 2021)",Diesel,1st Owner,Valid upto Mar 2023 3rd Party,Non-Accidental,,₹0/month,"₹7,57,999"
Vitara Brezza VDI MANUAL,Maruti,['VDI'],MANUAL,April 2018,"72,977 km","72,977km (10 Feb 2022)",Diesel,1st Owner,Valid upto Mar 2023 3rd Party,Non-Accidental,,₹0/month,"₹6,84,699"
IGNIS ZETA 1.2 K12 MANUAL,Maruti,"['ZETA', '1.2', 'K12']",MANUAL,February 2018,"47,870 km","47,870km (27 Feb 2022)",Petrol,1st Owner,Valid upto Mar 2023 3rd Party,Non-Accidental,,₹0/month,"₹5,08,899"
S PRESSO VXI MANUAL,Maruti,['VXI'],MANUAL,September 2020,"23,068 km","23,068km (24 Nov 2021)",Petrol,2nd Owner,Valid upto Oct 2022 Zero_Dep,Non-Accidental,,₹0/month,"₹3,88,899"
Alto 800 LXI MANUAL,Maruti,['LXI'],MANUAL,March 2017,"79,235 km","79,235km (06 Jan 2022)",Petrol,1st Owner,Valid upto Mar 2023 3rd Party,Non-Accidental,,₹0/month,"₹2,73,499"
Vitara Brezza VDI MANUAL,Maruti,['VDI'],MANUAL,May 2018,"71,597 km","71,597km (16 Nov 2021)",Diesel,2nd Owner,Valid upto Jul 2022 Zero_Dep,Non-Accidental,,₹0/month,"₹7,22,199"
 Grand i10 MAGNA 1.2 KAPPA VTVT MANUAL,Hyundai,"['MAGNA', '1.2', 'KAPPA', 'VTVT']",MANUAL,November 2017,"20,977 km","20,977km (17 Feb 2022)",Petrol,1st Owner,Valid upto Mar 2023 3rd Party,Non-Accidental,,₹0/month,"₹4,75,999"
 Grand i10 MAGNA 1.2 KAPPA VTVT MANUAL,Hyundai,"['MAGNA', '1.2', 'KAPPA', 'VTVT']",MANUAL,June 2017,"26,164 km","26,164km (19 Jan 2022)",Petrol,1st Owner,Valid upto Mar 2023 3rd Party,Non-Accidental,,₹0/month,"₹4,64,099"
 Grand i10 SPORTZ 1.2 KAPPA VTVT MANUAL,Hyundai,"['SPORTZ', '1.2', 'KAPPA', 'VTVT']",MANUAL,October 2016,"28,830 km","28,830km (05 Mar 2022)",Petrol,1st Owner,Valid upto Oct 2022 Comprehensive,Non-Accidental,,₹0/month,"₹5,16,299"
 Grand i10 MAGNA 1.2 KAPPA VTVT MANUAL,Hyundai,"['MAGNA', '1.2', 'KAPPA', 'VTVT']",MANUAL,December 2017,"19,446 km","19,446km (28 Jan 2022)",Petrol,1st Owner,Valid upto Jan 2023 Zero Depreciation,Non-Accidental,,₹0/month,"₹4,75,999"
 Grand i10 MAGNA 1.2 VTVT MANUAL,Hyundai,"['MAGNA', '1.2', 'VTVT']",MANUAL,October 2017,"9,940 km","9,940km (13 Nov 2021)",Petrol,1st Owner,Valid upto Mar 2023 3rd Party,Non-Accidental,,₹0/month,"₹4,66,999"
 Grand i10 ASTA 1.2 VTVT MANUAL,Hyundai,"['ASTA', '1.2', 'VTVT']",MANUAL,September 2017,"21,046 km","21,046km (28 Feb 2022)",Petrol,1st Owner,Valid upto Oct 2022 Comprehensive,Non-Accidental,,₹0/month,"₹5,41,999"
osport 1.5 TDCI TITANIUM PLUS MANUAL,Ford,"['1.5', 'TDCI', 'TITANIUM', 'PLUS']",MANUAL,January 2018,"95,720 km","95,720km (01 Jan 2022)",Diesel,1st Owner,Valid upto Mar 2023 3rd Party,Non-Accidental,,₹0/month,"₹7,50,099"
Alto 800 LXI MANUAL,Maruti,['LXI'],MANUAL,March 2016,"1,01,906 km","1,01,906km (01 Dec 2021)",Petrol,1st Owner,Valid upto Mar 2023 3rd Party,Non-Accidental,,₹0/month,"₹2,56,499"
Vitara Brezza ZDI PLUS DUAL TONE MANUAL,Maruti,"['ZDI', 'PLUS', 'DUAL', 'TONE']",MANUAL,September 2018,"54,605 km","54,605km (30 Oct 2021)",Diesel,1st Owner,Valid upto Mar 2023 3rd Party,Non-Accidental,,₹0/month,"₹7,85,299"
Vitara Brezza VDI MANUAL,Maruti,['VDI'],MANUAL,August 2019,"19,142 km","19,142km (05 Mar 2022)",Diesel,1st Owner,Valid upto Oct 2022 Zero Depreciation,Non-Accidental,,₹0/month,"₹8,11,499"
Vitara Brezza ZDI MANUAL,Maruti,['ZDI'],MANUAL,May 2018,"53,464 km","53,464km (03 Jan 2022)",Diesel,2nd Owner,Valid upto Jun 2022 Zero_Dep,Non-Accidental,,₹0/month,"₹7,60,699"
Alto 800 LXI MANUAL,Maruti,['LXI'],MANUAL,December 2016,"16,830 km","16,830km (30 Dec 2021)",Petrol,2nd Owner,Valid upto Mar 2023 3rd Party,Non-Accidental,,₹0/month,"₹2,68,699"
osport 1.5TITANIUM TDCI MANUAL,Ford,"['1.5TITANIUM', 'TDCI']",MANUAL,January 2019,"64,308 km","64,308km (28 Feb 2022)",Diesel,1st Owner,Valid upto Jan 2023 Comprehensive,Non-Accidental,,₹0/month,"₹9,32,799"
Vitara Brezza VDI MANUAL,Maruti,['VDI'],MANUAL,August 2018,"72,378 km","72,378km (01 Jan 2022)",Diesel,1st Owner,Valid upto Mar 2023 3rd Party,Non-Accidental,,₹0/month,"₹7,11,299"
Baleno DELTA 1.2 K12 MANUAL,Maruti,"['DELTA', '1.2', 'K12']",MANUAL,August 2019,"66,690 km","66,690km (16 Dec 2021)",Petrol,1st Owner,Valid upto Sep 2022 Comp,Non-Accidental,,₹0/month,"₹6,46,199"
 Grand i10 MAGNA 1.2 KAPPA VTVT MANUAL,Hyundai,"['MAGNA', '1.2', 'KAPPA', 'VTVT']",MANUAL,August 2017,"25,549 km","25,549km (02 Mar 2022)",Petrol,1st Owner,Valid upto Nov 2022 Zero Depreciation,Non-Accidental,,₹0/month,"₹4,75,999"
 Grand i10 Sportz(O) 1.2 MT MANUAL,Hyundai,"['Sportz(O)', '1.2', 'MT']",MANUAL,December 2017,"18,026 km","18,026km (30 Dec 2021)",Petrol,1st Owner,Valid upto Mar 2023 3rd Party,Non-Accidental,,₹0/month,"₹5,24,999"
 Grand i10 MAGNA 1.2 KAPPA VTVT MANUAL,Hyundai,"['MAGNA', '1.2', 'KAPPA', 'VTVT']",MANUAL,October 2018,"46,493 km","46,493km (01 Feb 2022)",Petrol,1st Owner,Valid upto Oct 2022 Zero Depreciation,Non-Accidental,,₹0/month,"₹4,88,799"
 Grand i10 SPORTZ 1.2 KAPPA VTVT MANUAL,Hyundai,"['SPORTZ', '1.2', 'KAPPA', 'VTVT']",MANUAL,April 2017,"12,719 km","12,719km (15 Mar 2022)",Petrol,1st Owner,Valid upto Jun 2022 Zero Depreciation,Non-Accidental,,₹0/month,"₹5,55,899"
 Grand i10 SPORTZ 1.2 KAPPA VTVT MANUAL,Hyundai,"['SPORTZ', '1.2', 'KAPPA', 'VTVT']",MANUAL,May 2017,"7,158 km","7,158km (18 Dec 2021)",Petrol,1st Owner,Valid upto Mar 2023 3rd Party,Non-Accidental,,₹0/month,"₹5,45,799"
Swift VDI ABS MANUAL,Maruti,"['VDI', 'ABS']",MANUAL,May 2017,"1,20,109 km","1,20,109km (30 Oct 2021)",Diesel,1st Owner,Valid upto Mar 2023 3rd Party,Non-Accidental,,₹0/month,"₹4,87,399"
Alto 800 LXI MANUAL,Maruti,['LXI'],MANUAL,July 2018,"70,211 km","70,211km (23 Feb 2022)",Petrol,1st Owner,Valid upto Mar 2023 3rd Party,Non-Accidental,,₹0/month,"₹2,89,899"
Alto LXI MANUAL,Maruti,['LXI'],MANUAL,February 2020,"31,863 km","31,863km (01 Feb 2022)",Petrol,1st Owner,Valid upto Jul 2023 3rd Party,Non-Accidental,,₹0/month,"₹3,95,599"
Alto LXI MANUAL,Maruti,['LXI'],MANUAL,January 2020,"19,899 km","19,899km (05 Mar 2022)",Petrol,1st Owner,Valid upto Jan 2023 3rd Party,Non-Accidental,,₹0/month,"₹4,04,399"
 Grand i10 MAGNA 1.2 KAPPA VTVT MANUAL,Hyundai,"['MAGNA', '1.2', 'KAPPA', 'VTVT']",MANUAL,December 2017,"64,449 km","64,449km (20 Jan 2022)",Petrol,1st Owner,Valid upto Mar 2023 3rd Party,Non-Accidental,,₹0/month,"₹4,75,999"
 Grand i10 SPORTZ 1.2 KAPPA VTVT MANUAL,Hyundai,"['SPORTZ', '1.2', 'KAPPA', 'VTVT']",MANUAL,October 2017,"9,155 km","9,155km (18 Nov 2021)",Petrol,2nd Owner,Valid upto Mar 2023 3rd Party,Non-Accidental,,₹0/month,"₹5,30,799"
Alto LXI MANUAL,Maruti,['LXI'],MANUAL,May 2019,"19,862 km","19,862km (08 Mar 2022)",Petrol,1st Owner,Valid upto Aug 2022 3rd Party,Non-Accidental,,₹0/month,"₹3,44,999"
Alto LXI MANUAL,Maruti,['LXI'],MANUAL,May 2019,"17,432 km","17,432km (14 Mar 2022)",Petrol,1st Owner,Valid upto Dec 2022 Zero Depreciation,Non-Accidental,,₹0/month,"₹3,44,999"
Alto LXI MANUAL,Maruti,['LXI'],MANUAL,April 2019,"18,223 km","18,223km (02 Mar 2022)",Petrol,1st Owner,Valid upto Jul 2022 3rd Party,Non-Accidental,,₹0/month,"₹3,44,999"
Alto LXI MANUAL,Maruti,['LXI'],MANUAL,November 2019,"31,429 km","31,429km (03 Jan 2022)",Petrol,1st Owner,Valid upto Mar 2023 3rd Party,Non-Accidental,,₹0/month,"₹3,44,999"
Alto LXI MANUAL,Maruti,['LXI'],MANUAL,May 2019,"8,082 km","8,082km (11 Mar 2022)",Petrol,1st Owner,Valid upto Oct 2022 Zero Depreciation,Non-Accidental,,₹0/month,"₹3,44,999"
Alto LXI MANUAL,Maruti,['LXI'],MANUAL,June 2019,"16,350 km","16,350km (12 Feb 2022)",Petrol,1st Owner,Valid upto Sep 2022 3rd Party,Non-Accidental,,₹0/month,"₹3,44,999"
Alto VXI MANUAL,Maruti,['VXI'],MANUAL,November 2020,"12,571 km","12,571km (11 Nov 2021)",Petrol,1st Owner,Valid upto Nov 2023 Third_party,Non-Accidental,,₹0/month,"₹3,82,099"
Alto VXI MANUAL,Maruti,['VXI'],MANUAL,June 2020,"10,732 km","10,732km (26 Oct 2021)",Petrol,1st Owner,Valid upto Jun 2023 Third_party,Non-Accidental,,₹0/month,"₹3,79,699"
Alto LXI MANUAL,Maruti,['LXI'],MANUAL,February 2020,"39,054 km","39,054km (01 Nov 2021)",Petrol,1st Owner,Valid upto Mar 2023 Third_party,Non-Accidental,,₹0/month,"₹3,79,699"
Alto LXI MANUAL,Maruti,['LXI'],MANUAL,February 2020,"42,989 km","42,989km (08 Mar 2022)",Petrol,1st Owner,Valid upto Mar 2023 3rd Party,Non-Accidental,,₹0/month,"₹3,74,499"
Alto 800 LXI MANUAL,Maruti,['LXI'],MANUAL,May 2017,"55,904 km","55,904km (02 Mar 2022)",Petrol,1st Owner,Valid upto Jun 2022 Zero Depreciation,Non-Accidental,,₹0/month,"₹2,92,099"
Alto VXI PLUS MANUAL,Maruti,"['VXI', 'PLUS']",MANUAL,August 2020,"5,573 km","5,573km (28 Dec 2021)",Petrol,1st Owner,Valid upto Sep 2022 Zero_Dep,Non-Accidental,,₹0/month,"₹3,63,499"
Alto LXI MANUAL,Maruti,['LXI'],MANUAL,March 2020,"38,540 km","38,540km (23 Feb 2022)",Petrol,1st Owner,Valid upto Jun 2022 Zero Depreciation,Non-Accidental,,₹0/month,"₹3,63,599"
Alto VXI MANUAL,Maruti,['VXI'],MANUAL,December 2020,"11,061 km","11,061km (28 Dec 2021)",Petrol,1st Owner,Valid upto Mar 2023 3rd Party,Non-Accidental,,₹0/month,"₹3,58,299"
Wagon R 1.0 VXI MANUAL,Maruti,['VXI'],MANUAL,July 2017,"59,584 km","59,584km (10 Mar 2022)",Petrol,1st Owner,Valid upto Jul 2022 Zero Depreciation,Non-Accidental,,₹0/month,"₹4,28,499"
Alto VXI MANUAL,Maruti,['VXI'],MANUAL,August 2020,"4,646 km","4,646km (08 Dec 2021)",Petrol,1st Owner,Valid upto Mar 2023 3rd Party,Non-Accidental,,₹0/month,"₹3,89,099"
Baleno DELTA 1.2 K12 MANUAL,Maruti,"['DELTA', '1.2', 'K12']",MANUAL,May 2018,"98,821 km","98,821km (01 Jan 2022)",Petrol,1st Owner,Valid upto Mar 2023 3rd Party,Non-Accidental,,₹0/month,"₹5,38,699"
Wagon R 1.0 VXI MANUAL,Maruti,['VXI'],MANUAL,June 2017,"17,353 km","17,353km (21 Feb 2022)",Petrol,1st Owner,Valid upto Jun 2022 Zero Depreciation,Non-Accidental,,₹0/month,"₹4,45,899"
Swift VDI OPT MANUAL,Maruti,"['VDI', 'OPT']",MANUAL,October 2017,"1,46,251 km","1,46,251km (26 Oct 2021)",Diesel,1st Owner,Valid upto Mar 2023 3rd Party,Non-Accidental,,₹0/month,"₹4,81,599"
S PRESSO VXI PLUS MANUAL,Maruti,"['VXI', 'PLUS']",MANUAL,November 2019,"12,865 km","12,865km (05 Jan 2022)",Petrol,1st Owner,Valid upto Jan 2023 3rd Party,Non-Accidental,,₹0/month,"₹4,43,199"
Alto LXI MANUAL,Maruti,['LXI'],MANUAL,February 2020,"11,958 km","11,958km (31 Jan 2022)",Petrol,1st Owner,Valid upto Jun 2023 3rd Party,Non-Accidental,,₹0/month,"₹4,06,199"
Alto VXI MANUAL,Maruti,['VXI'],MANUAL,February 2020,"6,371 km","6,371km (19 Nov 2021)",Petrol,1st Owner,Valid upto Jun 2022 Zero_Dep,Non-Accidental,,₹0/month,"₹4,06,599"
Alto LXI MANUAL,Maruti,['LXI'],MANUAL,June 2019,"14,811 km","14,811km (29 Dec 2021)",Petrol,2nd Owner,Valid upto Aug 2022 Third_party,Non-Accidental,,₹0/month,"₹3,38,499"
Alto LXI MANUAL,Maruti,['LXI'],MANUAL,September 2019,"60,793 km","60,793km (14 Mar 2022)",Petrol,2nd Owner,Valid upto Sep 2022 Zero Depreciation,Non-Accidental,,₹0/month,"₹3,44,999"
Alto LXI MANUAL,Maruti,['LXI'],MANUAL,November 2019,"12,751 km","12,751km (24 Dec 2021)",Petrol,2nd Owner,Valid upto Mar 2023 3rd Party,Non-Accidental,,₹0/month,"₹3,44,999"
 Grand i10 SPORTS 1.2 VTVT MANUAL,Hyundai,"['SPORTS', '1.2', 'VTVT']",MANUAL,December 2016,"43,777 km","43,777km (03 Mar 2022)",Petrol,1st Owner,Valid upto Mar 2023 3rd Party,Non-Accidental,,₹0/month,"₹4,79,199"
Vitara Brezza VDI MANUAL,Maruti,['VDI'],MANUAL,June 2018,"1,04,921 km","1,04,921km (19 Nov 2021)",Diesel,1st Owner,Valid upto Mar 2023 3rd Party,Non-Accidental,,₹0/month,"₹7,34,699"
 Grand i10 Sportz(O) 1.2 MT MANUAL,Hyundai,"['Sportz(O)', '1.2', 'MT']",MANUAL,July 2017,"44,765 km","44,765km (21 Feb 2022)",Petrol,1st Owner,Valid upto Aug 2022 Zero_Dep,Non-Accidental,,₹0/month,"₹5,35,699"
rio 1.2 S MT I VTEC MANUAL,Honda,"['1.2', 'S', 'MT', 'I', 'VTEC']",MANUAL,January 2017,"41,194 km","41,194km (02 Feb 2022)",Petrol,1st Owner,Valid upto Mar 2023 3rd Party,Non-Accidental,,₹0/month,"₹4,39,899"
S PRESSO VXI PLUS MANUAL,Maruti,"['VXI', 'PLUS']",MANUAL,July 2020,"8,399 km","8,399km (30 Dec 2021)",Petrol,1st Owner,Valid upto Aug 2023 Third_party,Non-Accidental,,₹0/month,"₹4,30,499"
 NEW SANTRO SPORTZ 1.1 MANUAL,Hyundai,"['SPORTZ', '1.1']",MANUAL,November 2018,"9,285 km","9,285km (28 Feb 2022)",Petrol,1st Owner,Valid upto Mar 2023 3rd Party,Non-Accidental,,₹0/month,"₹4,98,499"
 Grand i10 SPORTZ 1.2 KAPPA VTVT MANUAL,Hyundai,"['SPORTZ', '1.2', 'KAPPA', 'VTVT']",MANUAL,June 2016,"1,60,633 km","1,60,633km (16 Feb 2022)",Petrol + CNG,1st Owner,Valid upto Aug 2022 Zero Depreciation,Non-Accidental,,₹0/month,"₹4,54,499"
Alto LXI MANUAL,Maruti,['LXI'],MANUAL,April 2019,"35,103 km","35,103km (10 Dec 2021)",Petrol,1st Owner,Valid upto Mar 2023 3rd Party,Non-Accidental,,₹0/month,"₹3,44,999"
Alto 800 LXI MANUAL,Maruti,['LXI'],MANUAL,March 2017,"29,006 km","29,006km (10 Mar 2022)",Petrol,2nd Owner,Valid upto Mar 2023 3rd Party,Non-Accidental,,₹0/month,"₹2,88,299"
Alto 800 VXI MANUAL,Maruti,['VXI'],MANUAL,January 2017,"12,654 km","12,654km (29 Dec 2021)",Petrol,1st Owner,Valid upto Mar 2023 3rd Party,Non-Accidental,,₹0/month,"₹3,03,399"
Alto 800 LXI MANUAL,Maruti,['LXI'],MANUAL,May 2018,"22,854 km","22,854km (28 Dec 2021)",Petrol,1st Owner,Valid upto Mar 2023 3rd Party,Non-Accidental,,₹0/month,"₹2,89,899"
 Grand i10 SPORTZ 1.2 KAPPA VTVT MANUAL,Hyundai,"['SPORTZ', '1.2', 'KAPPA', 'VTVT']",MANUAL,February 2018,"40,994 km","40,994km (16 Feb 2022)",Petrol,1st Owner,Valid upto Mar 2023 3rd Party,Non-Accidental,,₹0/month,"₹5,58,599"
Alto LXI MANUAL,Maruti,['LXI'],MANUAL,June 2019,"29,891 km","29,891km (27 Feb 2022)",Petrol,1st Owner,Valid upto Nov 2022 3rd Party,Non-Accidental,,₹0/month,"₹3,44,999"
 NEW SANTRO 1.1 SPORTS AMT AUTOMATIC,Hyundai,"['1.1', 'SPORTS', 'AMT']",AUTOMATIC,November 2018,"14,689 km","14,689km (11 Mar 2022)",Petrol,1st Owner,Valid upto Nov 2022 Zero Depreciation,Non-Accidental,,₹0/month,"₹5,39,799"
Alto 800 LXI MANUAL,Maruti,['LXI'],MANUAL,May 2017,"46,081 km","46,081km (09 Nov 2021)",Petrol,1st Owner,Valid upto Mar 2023 3rd Party,Non-Accidental,,₹0/month,"₹2,95,899"
Alto VXI MANUAL,Maruti,['VXI'],MANUAL,December 2020,"4,879 km","4,879km (21 Jan 2022)",Petrol,1st Owner,Valid upto Jan 2024 3rd Party,Non-Accidental,,₹0/month,"₹4,12,299"
Alto 800 LXI MANUAL,Maruti,['LXI'],MANUAL,May 2018,"26,290 km","26,290km (27 Nov 2021)",Petrol,1st Owner,Valid upto Mar 2023 3rd Party,Non-Accidental,,₹0/month,"₹2,89,899"
Alto VXI MANUAL,Maruti,['VXI'],MANUAL,July 2020,"32,695 km","32,695km (10 Mar 2022)",Petrol,1st Owner,Valid upto Sep 2022 Zero Depreciation,Non-Accidental,,₹0/month,"₹4,18,599"
 Grand i10 SPORTZ 1.2 KAPPA VTVT MANUAL,Hyundai,"['SPORTZ', '1.2', 'KAPPA', 'VTVT']",MANUAL,March 2019,"27,957 km","27,957km (03 Jan 2022)",Petrol,1st Owner,Valid upto Mar 2023 3rd Party,Non-Accidental,,₹0/month,"₹5,69,699"
Alto VXI MANUAL,Maruti,['VXI'],MANUAL,February 2020,"13,700 km","13,700km (11 Mar 2022)",Petrol,1st Owner,Valid upto Mar 2023 3rd Party,Non-Accidental,,₹0/month,"₹4,28,299"
Alto K10 VXI MANUAL,Maruti,['VXI'],MANUAL,July 2019,"29,272 km","29,272km (23 Dec 2021)",Petrol,1st Owner,Valid upto Aug 2022 Third_party,Non-Accidental,,₹0/month,"₹3,44,999"
Alto LXI MANUAL,Maruti,['LXI'],MANUAL,January 2020,"13,013 km","13,013km (05 Mar 2022)",Petrol,1st Owner,Valid upto Jun 2023 3rd Party,Non-Accidental,,₹0/month,"₹4,06,199"
 Grand i10 SPORTZ 1.2 KAPPA VTVT MANUAL,Hyundai,"['SPORTZ', '1.2', 'KAPPA', 'VTVT']",MANUAL,February 2017,"62,790 km","62,790km (02 Feb 2022)",Petrol,1st Owner,Valid upto Oct 2022 Comprehensive,Non-Accidental,,₹0/month,"₹5,43,899"
 Grand i10 SPORTZ 1.2 KAPPA VTVT MANUAL,Hyundai,"['SPORTZ', '1.2', 'KAPPA', 'VTVT']",MANUAL,June 2019,"12,754 km","12,754km (04 Mar 2022)",Petrol,1st Owner,Valid upto Sep 2022 Comprehensive,Non-Accidental,,₹0/month,"₹6,12,199"
Alto 800 LXI MANUAL,Maruti,['LXI'],MANUAL,January 2017,"18,379 km","18,379km (30 Nov 2021)",Petrol,1st Owner,Valid upto Aug 2022 Third_party,Non-Accidental,,₹0/month,"₹3,06,499"
Alto 800 VXI MANUAL,Maruti,['VXI'],MANUAL,January 2018,"9,064 km","9,064km (10 Nov 2021)",Petrol,2nd Owner,Valid upto Mar 2023 3rd Party,Non-Accidental,,₹0/month,"₹3,10,299"
Alto K10 VXI MANUAL,Maruti,['VXI'],MANUAL,June 2018,"18,808 km","18,808km (10 Feb 2022)",Petrol,1st Owner,Valid upto Aug 2022 Zero Depreciation,Non-Accidental,,₹0/month,"₹3,63,399"
Celerio ZXI MANUAL,Maruti,['ZXI'],MANUAL,March 2018,"70,963 km","70,963km (08 Mar 2022)",Petrol,2nd Owner,Valid upto Mar 2023 3rd Party,Non-Accidental,,₹0/month,"₹4,36,499"
Alto 800 LXI MANUAL,Maruti,['LXI'],MANUAL,June 2018,"64,103 km","64,103km (14 Dec 2021)",Petrol,1st Owner,Valid upto Jul 2022 Comp,Non-Accidental,,₹0/month,"₹3,14,999"
Alto 800 LXI MANUAL,Maruti,['LXI'],MANUAL,July 2017,"66,365 km","66,365km (03 Mar 2022)",Petrol,1st Owner,Valid upto Mar 2023 3rd Party,Non-Accidental,,₹0/month,"₹3,05,499"
Alto VXI MANUAL,Maruti,['VXI'],MANUAL,August 2020,"4,673 km","4,673km (28 Feb 2022)",Petrol,1st Owner,Valid upto Sep 2023 3rd Party,Non-Accidental,,₹0/month,"₹4,32,999"
Alto 800 LXI MANUAL,Maruti,['LXI'],MANUAL,July 2018,"43,366 km","43,366km (11 Dec 2021)",Petrol,1st Owner,Valid upto Mar 2023 3rd Party,Non-Accidental,,₹0/month,"₹3,23,899"
Alto 800 LXI MANUAL,Maruti,['LXI'],MANUAL,November 2018,"50,463 km","50,463km (10 Jan 2022)",Petrol,1st Owner,Valid upto Mar 2023 3rd Party,Non-Accidental,,₹0/month,"₹3,18,199"
Alto 800 LXI MANUAL,Maruti,['LXI'],MANUAL,October 2018,"52,303 km","52,303km (23 Dec 2021)",Petrol,1st Owner,Valid upto Mar 2023 3rd Party,Non-Accidental,,₹0/month,"₹3,12,199"
Alto 800 LXI MANUAL,Maruti,['LXI'],MANUAL,October 2018,"18,551 km","18,551km (17 Mar 2022)",Petrol,1st Owner,Valid upto Mar 2023 3rd Party,Non-Accidental,,₹0/month,"₹3,27,399"
Alto 800 LXI MANUAL,Maruti,['LXI'],MANUAL,September 2017,"9,785 km","9,785km (31 Jan 2022)",Petrol,1st Owner,Valid upto Dec 2022 3rd Party,Non-Accidental,,₹0/month,"₹3,20,399"
Alto 800 LXI MANUAL,Maruti,['LXI'],MANUAL,September 2017,"20,778 km","20,778km (11 Feb 2022)",Petrol,1st Owner,Valid upto Oct 2022 3rd Party,Non-Accidental,,₹0/month,"₹3,15,999"
Alto 800 LXI MANUAL,Maruti,['LXI'],MANUAL,October 2018,"20,086 km","20,086km (30 Dec 2021)",Petrol,1st Owner,Valid upto Mar 2023 3rd Party,Non-Accidental,,₹0/month,"₹3,12,999"
Alto LXI MANUAL,Maruti,['LXI'],MANUAL,February 2021,"4,066 km","4,066km (02 Dec 2021)",Petrol,1st Owner,Valid upto Mar 2024 Third_party,Non-Accidental,,₹0/month,"₹3,75,499"
Alto 800 LXI MANUAL,Maruti,['LXI'],MANUAL,August 2018,"1,42,263 km","1,42,263km (08 Jan 2022)",Petrol,1st Owner,Valid upto Mar 2023 3rd Party,Non-Accidental,,₹0/month,"₹3,12,999"
Eeco 5 STR WITH AC PLUSHTR MANUAL,Maruti,"['5', 'STR', 'WITH', 'AC', 'PLUSHTR']",MANUAL,June 2019,"80,770 km","80,770km (01 Jan 2022)",Petrol,1st Owner,Valid upto Jul 2022 Comp,Non-Accidental,,₹0/month,"₹4,32,199"
Alto 800 LXI MANUAL,Maruti,['LXI'],MANUAL,June 2018,"65,915 km","65,915km (16 Dec 2021)",Petrol,1st Owner,Valid upto Jul 2022 Third_party,Non-Accidental,,₹0/month,"₹3,22,499"
Alto 800 LXI MANUAL,Maruti,['LXI'],MANUAL,September 2018,"26,949 km","26,949km (02 Dec 2021)",Petrol,2nd Owner,Valid upto Jun 2022 Zero_Dep,Non-Accidental,,₹0/month,"₹3,14,599"
Vitara Brezza ZDI MANUAL,Maruti,['ZDI'],MANUAL,May 2019,"72,902 km","72,902km (16 Feb 2022)",Diesel,1st Owner,Valid upto Mar 2023 3rd Party,Non-Accidental,,₹0/month,"₹8,22,399"
Alto LXI MANUAL,Maruti,['LXI'],MANUAL,January 2021,"2,796 km","2,796km (12 Jan 2022)",Petrol,1st Owner,Valid upto Mar 2023 3rd Party,Non-Accidental,,₹0/month,"₹3,95,499"
Alto 800 LXI MANUAL,Maruti,['LXI'],MANUAL,October 2018,"5,887 km","5,887km (08 Mar 2022)",Petrol,2nd Owner,Valid upto Mar 2023 3rd Party,Non-Accidental,,₹0/month,"₹3,36,699"
Alto 800 LXI MANUAL,Maruti,['LXI'],MANUAL,January 2018,"85,598 km","85,598km (08 Mar 2022)",Petrol,1st Owner,Valid upto Mar 2023 3rd Party,Non-Accidental,,₹0/month,"₹3,21,299"
Alto 800 LXI MANUAL,Maruti,['LXI'],MANUAL,November 2017,"21,323 km","21,323km (14 Mar 2022)",Petrol,1st Owner,Valid upto Jan 2023 Zero Depreciation,Non-Accidental,,₹0/month,"₹3,20,399"
Alto 800 LXI MANUAL,Maruti,['LXI'],MANUAL,June 2017,"46,238 km","46,238km (11 Mar 2022)",Petrol,1st Owner,Valid upto Dec 2022 3rd Party,Non-Accidental,,₹0/month,"₹3,10,399"
Alto 800 LXI MANUAL,Maruti,['LXI'],MANUAL,July 2017,"65,869 km","65,869km (23 Feb 2022)",Petrol,1st Owner,Valid upto Aug 2022 3rd Party,Non-Accidental,,₹0/month,"₹3,09,899"
Alto 800 LXI MANUAL,Maruti,['LXI'],MANUAL,March 2018,"97,402 km","97,402km (19 Feb 2022)",Petrol,1st Owner,Valid upto Jul 2022 3rd Party,Non-Accidental,,₹0/month,"₹3,14,899"
Alto 800 LXI MANUAL,Maruti,['LXI'],MANUAL,May 2018,"35,656 km","35,656km (08 Feb 2022)",Petrol,1st Owner,Valid upto Dec 2022 Comprehensive,Non-Accidental,,₹0/month,"₹3,36,699"
Alto 800 LXI MANUAL,Maruti,['LXI'],MANUAL,July 2017,"29,961 km","29,961km (28 Feb 2022)",Petrol,1st Owner,Valid upto Aug 2022 Comprehensive,Non-Accidental,,₹0/month,"₹3,20,399"
 Grand i10 Sportz(O) 1.2 MT MANUAL,Hyundai,"['Sportz(O)', '1.2', 'MT']",MANUAL,March 2017,"1,00,687 km","1,00,687km (23 Oct 2021)",Petrol,1st Owner,Valid upto Mar 2023 3rd Party,Non-Accidental,,₹0/month,"₹4,84,599"
Alto 800 LXI MANUAL,Maruti,['LXI'],MANUAL,October 2018,"60,267 km","60,267km (07 Mar 2022)",Petrol,1st Owner,Valid upto Feb 2023 3rd Party,Non-Accidental,,₹0/month,"₹3,36,699"
Alto 800 VXI MANUAL,Maruti,['VXI'],MANUAL,January 2019,"33,923 km","33,923km (04 Feb 2022)",Petrol,1st Owner,Valid upto Mar 2023 3rd Party,Non-Accidental,,₹0/month,"₹3,25,299"
Alto LXI MANUAL,Maruti,['LXI'],MANUAL,July 2021,"21,318 km","21,318km (31 Jan 2022)",Petrol,1st Owner,Valid upto Aug 2022 Zero Depreciation,Non-Accidental,,₹0/month,"₹4,07,999"
Alto LXI MANUAL,Maruti,['LXI'],MANUAL,August 2021,"7,076 km","7,076km (01 Mar 2022)",Petrol,1st Owner,Valid upto Aug 2022 Zero Depreciation,Non-Accidental,,₹0/month,"₹4,03,699"
Alto 800 LXI MANUAL,Maruti,['LXI'],MANUAL,February 2018,"20,431 km","20,431km (09 Mar 2022)",Petrol,1st Owner,Valid upto Mar 2023 3rd Party,Non-Accidental,,₹0/month,"₹3,36,699"
Alto LXI MANUAL,Maruti,['LXI'],MANUAL,October 2021,"4,231 km","4,231km (07 Mar 2022)",Petrol,1st Owner,Valid upto Nov 2022 Zero Depreciation,Non-Accidental,,₹0/month,"₹4,01,299"
Alto 800 LXI MANUAL,Maruti,['LXI'],MANUAL,February 2018,"11,967 km","11,967km (21 Feb 2022)",Petrol,2nd Owner,Valid upto Mar 2023 3rd Party,Non-Accidental,,₹0/month,"₹3,36,699"
Alto 800 LXI MANUAL,Maruti,['LXI'],MANUAL,March 2018,"28,516 km","28,516km (10 Feb 2022)",Petrol,1st Owner,Valid upto Mar 2023 3rd Party,Non-Accidental,,₹0/month,"₹3,36,699"
Alto LXI MANUAL,Maruti,['LXI'],MANUAL,March 2021,"4,595 km","4,595km (03 Dec 2021)",Petrol,1st Owner,Valid upto Mar 2023 3rd Party,Non-Accidental,,₹0/month,"₹3,96,499"
Eeco 5 STR WITH AC PLUSHTR MANUAL,Maruti,"['5', 'STR', 'WITH', 'AC', 'PLUSHTR']",MANUAL,November 2017,"21,029 km","21,029km (17 Dec 2021)",Petrol,1st Owner,Valid upto Mar 2023 3rd Party,Non-Accidental,,₹0/month,"₹4,25,199"
Alto LXI MANUAL,Maruti,['LXI'],MANUAL,January 2021,"2,388 km","2,388km (14 Mar 2022)",Petrol,1st Owner,Valid upto Jan 2024 3rd Party,Non-Accidental,,₹0/month,"₹4,23,999"
Eeco 5 STR WITH AC PLUSHTR MANUAL,Maruti,"['5', 'STR', 'WITH', 'AC', 'PLUSHTR']",MANUAL,April 2017,"14,970 km","14,970km (16 Mar 2022)",Petrol,1st Owner,Valid upto Mar 2023 3rd Party,Non-Accidental,,₹0/month,"₹4,36,799"
Baleno DELTA DDIS 190 MANUAL,Maruti,"['DELTA', 'DDIS', '190']",MANUAL,February 2017,"1,15,277 km","1,15,277km (03 Mar 2022)",Diesel,1st Owner,Valid upto Mar 2023 3rd Party,Non-Accidental,,₹0/month,"₹5,86,099"
Alto 800 LXI MANUAL,Maruti,['LXI'],MANUAL,January 2019,"21,967 km","21,967km (20 Jan 2022)",Petrol,2nd Owner,Valid upto Mar 2023 3rd Party,Non-Accidental,,₹0/month,"₹3,41,999"
Alto 800 VXI MANUAL,Maruti,['VXI'],MANUAL,January 2019,"39,425 km","39,425km (12 Feb 2022)",Petrol,1st Owner,Valid upto Mar 2023 3rd Party,Non-Accidental,,₹0/month,"₹3,25,299"
Alto 800 LXI MANUAL,Maruti,['LXI'],MANUAL,February 2019,"59,241 km","59,241km (10 Jan 2022)",Petrol,1st Owner,Valid upto Mar 2023 3rd Party,Non-Accidental,,₹0/month,"₹3,50,399"
Alto 800 LXI MANUAL,Maruti,['LXI'],MANUAL,January 2019,"15,585 km","15,585km (12 Mar 2022)",Petrol,1st Owner,Valid upto Mar 2023 3rd Party,Non-Accidental,,₹0/month,"₹3,52,899"
Alto 800 LXI MANUAL,Maruti,['LXI'],MANUAL,March 2019,"21,673 km","21,673km (09 Mar 2022)",Petrol,1st Owner,Valid upto Mar 2023 3rd Party,Non-Accidental,,₹0/month,"₹3,52,899"
Alto 800 LXI MANUAL,Maruti,['LXI'],MANUAL,February 2019,"20,876 km","20,876km (08 Dec 2021)",Petrol,1st Owner,Valid upto Mar 2023 3rd Party,Non-Accidental,,₹0/month,"₹3,50,499"
Eeco 5 STR WITH AC PLUSHTR MANUAL,Maruti,"['5', 'STR', 'WITH', 'AC', 'PLUSHTR']",MANUAL,May 2017,"54,382 km","54,382km (07 Mar 2022)",Petrol,1st Owner,Valid upto Mar 2023 3rd Party,Non-Accidental,,₹0/month,"₹3,90,399"
 Verna FLUIDIC 1.6 CRDI SX OPT AT AUTOMATIC,Hyundai,"['FLUIDIC', '1.6', 'CRDI', 'SX', 'OPT', 'AT']",AUTOMATIC,June 2013,"1,16,315 km","1,16,315km (23 Feb 2022)",Diesel,1st Owner,Valid upto Mar 2023 3rd Party,Non-Accidental,,₹0/month,"₹4,09,699"
Redi Go 1.0 T(O) MANUAL,Datsun,"['1.0', 'T(O)']",MANUAL,November 2018,"19,423 km","19,423km (08 Feb 2022)",Petrol,2nd Owner,Valid upto Jun 2022 3rd Party,Non-Accidental,,₹0/month,"₹2,65,099"
Ertiga VDI SHVS MANUAL,Maruti,"['VDI', 'SHVS']",MANUAL,July 2017,"1,07,488 km","1,07,488km (13 Nov 2021)",Diesel,2nd Owner,Valid upto Mar 2023 3rd Party,Non-Accidental,,₹0/month,"₹6,79,799"
go Aspire 1.5 TITANIUM DIESEL MANUAL,Ford,"['1.5', 'TITANIUM', 'DIESEL']",MANUAL,December 2017,"96,208 km","96,208km (01 Feb 2022)",Diesel,1st Owner,Valid upto Mar 2023 3rd Party,Non-Accidental,,₹0/month,"₹4,30,699"
Redi Go T (O) MANUAL,Datsun,"['T', '(O)']",MANUAL,April 2018,"8,368 km","8,368km (18 Jan 2022)",Petrol,1st Owner,Valid upto Mar 2023 3rd Party,Non-Accidental,,₹0/month,"₹3,10,299"
 Elite i20 ASTA 1.2 MANUAL,Hyundai,"['ASTA', '1.2']",MANUAL,September 2014,"41,327 km","41,327km (16 Feb 2022)",Petrol,1st Owner,Valid upto Oct 2022 3rd Party,Non-Accidental,,₹0/month,"₹5,45,999"
Wagon R 1.0 VXI MANUAL,Maruti,['VXI'],MANUAL,March 2017,"27,741 km","27,741km (15 Mar 2022)",Petrol,1st Owner,Valid upto Mar 2023 3rd Party,Non-Accidental,,₹0/month,"₹4,45,799"
Swift VXI MANUAL,Maruti,['VXI'],MANUAL,February 2016,"1,01,184 km","1,01,184km (16 Feb 2022)",Petrol,1st Owner,Valid upto Mar 2023 3rd Party,Non-Accidental,,₹0/month,"₹4,79,899"
 Xcent SX 1.2 MANUAL,Hyundai,"['SX', '1.2']",MANUAL,December 2017,"32,905 km","32,905km (09 Feb 2022)",Petrol,1st Owner,Valid upto Mar 2023 3rd Party,Non-Accidental,,₹0/month,"₹5,76,599"
 i10 MAGNA 1.1 IRDE2 MANUAL,Hyundai,"['MAGNA', '1.1', 'IRDE2']",MANUAL,April 2014,"21,930 km","21,930km (27 Feb 2022)",Petrol,2nd Owner,Valid upto Mar 2023 3rd Party,Non-Accidental,,₹0/month,"₹3,41,699"
gen Ameo Trendline 1.0 MANUAL,Volkswagen,"['Trendline', '1.0']",MANUAL,January 2019,"52,582 km","52,582km (17 Mar 2022)",Petrol,1st Owner,Valid upto Mar 2023 3rd Party,Non-Accidental,,₹0/month,"₹5,39,999"
Baleno DELTA DDIS 190 MANUAL,Maruti,"['DELTA', 'DDIS', '190']",MANUAL,January 2017,"83,045 km","83,045km (18 Feb 2022)",Diesel,1st Owner,Valid upto Mar 2023 3rd Party,Non-Accidental,,₹0/month,"₹5,87,099"
New Wagon-R LXI 1.0 L MANUAL,Maruti,"['LXI', '1.0', 'L']",MANUAL,July 2020,"10,098 km","10,098km (10 Feb 2022)",Petrol,1st Owner,Valid upto Jul 2022 Zero Depreciation,Non-Accidental,,₹0/month,"₹5,12,899"
Baleno DELTA DDIS 190 MANUAL,Maruti,"['DELTA', 'DDIS', '190']",MANUAL,April 2017,"41,223 km","41,223km (30 Dec 2021)",Diesel,1st Owner,Valid upto Mar 2023 3rd Party,Non-Accidental,,₹0/month,"₹5,75,899"
Vitara Brezza ZDI PLUS DUAL TONE MANUAL,Maruti,"['ZDI', 'PLUS', 'DUAL', 'TONE']",MANUAL,April 2016,"1,49,993 km","1,49,993km (01 Feb 2022)",Diesel,1st Owner,Valid upto Mar 2023 3rd Party,Non-Accidental,,₹0/month,"₹7,25,999"
Celerio ZXI MANUAL,Maruti,['ZXI'],MANUAL,October 2018,"68,004 km","68,004km (04 Jan 2022)",Petrol,1st Owner,Valid upto Mar 2023 3rd Party,Non-Accidental,,₹0/month,"₹4,36,499"
rrier XZ 2.0L Kryotec MANUAL,Tata,"['XZ', '2.0L', 'Kryotec']",MANUAL,January 2019,"34,644 km","34,644km (08 Feb 2022)",Diesel,1st Owner,Valid upto Mar 2023 3rd Party,Non-Accidental,,₹0/month,"₹14,49,099"
Eeco 5 STR WITH AC PLUSHTR MANUAL,Maruti,"['5', 'STR', 'WITH', 'AC', 'PLUSHTR']",MANUAL,July 2018,"37,392 km","37,392km (23 Feb 2022)",Petrol,1st Owner,Valid upto Jul 2022 Third_party,Non-Accidental,,₹0/month,"₹4,60,699"
Alto 800 LXI MANUAL,Maruti,['LXI'],MANUAL,November 2016,"17,684 km","17,684km (23 Feb 2022)",Petrol,1st Owner,Valid upto Mar 2023 3rd Party,Non-Accidental,,₹0/month,"₹2,82,999"
 Creta SX MT MANUAL,Hyundai,"['SX', 'MT']",MANUAL,December 2021,"3,203 km","3,203km (10 Mar 2022)",Diesel,1st Owner,Valid upto Dec 2022 Zero Depreciation,Non-Accidental,,₹0/month,"₹18,94,799"
Alto 800 LXI MANUAL,Maruti,['LXI'],MANUAL,October 2017,"75,118 km","75,118km (17 Mar 2022)",Petrol,1st Owner,Valid upto Oct 2022 Zero Depreciation,Non-Accidental,,₹0/month,"₹3,10,199"
Swift VXI MANUAL,Maruti,['VXI'],MANUAL,January 2019,"37,359 km","37,359km (04 Mar 2022)",Petrol,2nd Owner,Valid upto Mar 2023 3rd Party,Non-Accidental,,₹0/month,"₹5,63,799"
Baleno DELTA 1.2 K12 MANUAL,Maruti,"['DELTA', '1.2', 'K12']",MANUAL,January 2018,"1,32,012 km","1,32,012km (03 Nov 2021)",Petrol + CNG,1st Owner,Valid upto Mar 2023 3rd Party,Non-Accidental,,₹0/month,"₹5,68,199"
Dzire VXI MANUAL,Maruti,['VXI'],MANUAL,July 2020,"32,153 km","32,153km (09 Feb 2022)",Petrol,1st Owner,Valid upto Sep 2022 Zero Depreciation,Non-Accidental,,₹0/month,"₹6,90,599"
Swift VXI MANUAL,Maruti,['VXI'],MANUAL,August 2020,"51,242 km","51,242km (17 Mar 2022)",Petrol,1st Owner,Valid upto Aug 2022 Zero Depreciation,Non-Accidental,,₹0/month,"₹5,89,699"
Fortuner 3.0 MT 4X4 MANUAL,Toyota,"['3.0', 'MT', '4X4']",MANUAL,May 2012,"1,47,136 km","1,47,136km (04 Jan 2022)",Diesel,2nd Owner,Valid upto Mar 2023 3rd Party,Non-Accidental,,₹0/month,"₹10,86,499"
Alto 800 VXI MANUAL,Maruti,['VXI'],MANUAL,November 2018,"24,853 km","24,853km (04 Jan 2022)",Petrol,1st Owner,Valid upto Mar 2023 3rd Party,Non-Accidental,,₹0/month,"₹3,02,599"
Alto 800 LXI MANUAL,Maruti,['LXI'],MANUAL,February 2018,"55,810 km","55,810km (10 Nov 2021)",Petrol,1st Owner,Valid upto Dec 2022 Zero_Dep,Non-Accidental,,₹0/month,"₹3,09,299"
Dzire VXI MANUAL,Maruti,['VXI'],MANUAL,December 2019,"33,413 km","33,413km (01 Feb 2022)",Petrol,1st Owner,Valid upto Jan 2023 Zero Depreciation,Non-Accidental,,₹0/month,"₹6,64,399"
R-V 1.2 i-VTEC VX MT MANUAL,Honda,"['1.2', 'i-VTEC', 'VX', 'MT']",MANUAL,August 2018,"22,404 km","22,404km (28 Jan 2022)",Petrol,1st Owner,Valid upto Aug 2022 Comprehensive,Non-Accidental,,₹0/month,"₹8,17,299"
Ciaz Alpha 1.5 Diesel,Maruti,"['Alpha', '1.5']",NA,March 2019,"35,940 km","35,940km (03 Mar 2022)",Diesel,2nd Owner,Valid upto Mar 2023 3rd Party,Non-Accidental,,₹0/month,"₹8,11,599"
osport 1.5 TITANIUM PLUS TI VCT AT AUTOMATIC,Ford,"['1.5', 'TITANIUM', 'PLUS', 'TI', 'VCT', 'AT']",AUTOMATIC,June 2018,"15,950 km","15,950km (07 Dec 2021)",Petrol,1st Owner,Valid upto Jun 2022 Third_party,Non-Accidental,,₹0/month,"₹8,40,399"
 Elite i20 ASTA 1.4 CRDI MANUAL,Hyundai,"['ASTA', '1.4', 'CRDI']",MANUAL,February 2018,"44,000 km","44,000km (28 Jan 2022)",Diesel,1st Owner,Valid upto Mar 2023 3rd Party,Non-Accidental,,₹0/month,"₹7,13,099"
Alto LXI MANUAL,Maruti,['LXI'],MANUAL,July 2020,"23,524 km","23,524km (15 Feb 2022)",Petrol,1st Owner,Valid upto Aug 2022 Zero Depreciation,Non-Accidental,,₹0/month,"₹3,70,499"
 Verna 1.6 CRDI SX + AT AUTOMATIC,Hyundai,"['1.6', 'CRDI', 'SX', '+', 'AT']",AUTOMATIC,July 2018,"54,720 km","54,720km (13 Nov 2021)",Diesel,1st Owner,Valid upto Mar 2023 3rd Party,Non-Accidental,,₹0/month,"₹9,21,999"
Alto LXI MANUAL,Maruti,['LXI'],MANUAL,November 2020,"20,604 km","20,604km (09 Dec 2021)",Petrol,1st Owner,Valid upto Nov 2023 Third_party,Non-Accidental,,₹0/month,"₹3,62,499"
R-V 1.5 i-DTEC S MT MANUAL,Honda,"['1.5', 'i-DTEC', 'S', 'MT']",MANUAL,April 2017,"43,136 km","43,136km (31 Dec 2021)",Diesel,2nd Owner,Valid upto Mar 2023 3rd Party,Non-Accidental,,₹0/month,"₹6,29,599"
a XUV500 W10 MANUAL,Mahindra,['W10'],MANUAL,February 2018,"70,384 km","70,384km (17 Feb 2022)",Diesel,1st Owner,Valid upto Mar 2023 3rd Party,Non-Accidental,,₹0/month,"₹10,61,499"
Alto LXI MANUAL,Maruti,['LXI'],MANUAL,October 2020,"21,351 km","21,351km (02 Feb 2022)",Petrol,1st Owner,Valid upto Oct 2023 Third_party,Non-Accidental,,₹0/month,"₹4,03,299"
Alto LXI MANUAL,Maruti,['LXI'],MANUAL,February 2020,"10,790 km","10,790km (18 Jan 2022)",Petrol,1st Owner,Valid upto Jun 2022 Zero Depreciation,Non-Accidental,,₹0/month,"₹3,85,699"
Dzire VXI MANUAL,Maruti,['VXI'],MANUAL,April 2019,"12,347 km","12,347km (29 Jan 2022)",Petrol,1st Owner,Valid upto Oct 2022 3rd Party,Non-Accidental,,₹0/month,"₹7,11,499"
Alto LXI MANUAL,Maruti,['LXI'],MANUAL,January 2020,"11,737 km","11,737km (18 Feb 2022)",Petrol,1st Owner,Valid upto Jan 2023 Comprehensive,Non-Accidental,,₹0/month,"₹3,89,699"
 Verna 1.6 CRDI SX + AT AUTOMATIC,Hyundai,"['1.6', 'CRDI', 'SX', '+', 'AT']",AUTOMATIC,May 2018,"59,415 km","59,415km (27 Feb 2022)",Diesel,1st Owner,Valid upto Mar 2023 3rd Party,Non-Accidental,,₹0/month,"₹10,12,499"
Innova 2.5 VX 8 STR BS IV MANUAL,Toyota,"['2.5', 'VX', '8', 'STR', 'BS', 'IV']",MANUAL,September 2013,"2,80,921 km","2,80,921km (01 Feb 2022)",Diesel,2nd Owner,Valid upto Mar 2023 3rd Party,Non-Accidental,,₹0/month,"₹7,25,599"
Alto LXI MANUAL,Maruti,['LXI'],MANUAL,March 2021,"11,698 km","11,698km (10 Nov 2021)",Petrol,1st Owner,Valid upto Mar 2023 3rd Party,Non-Accidental,,₹0/month,"₹3,63,099"
Baleno DELTA 1.2 K12 MANUAL,Maruti,"['DELTA', '1.2', 'K12']",MANUAL,January 2020,282 km,282km (25 Nov 2021),Petrol,1st Owner,Valid upto Sep 2023 Third_party,Non-Accidental,,₹0/month,"₹6,88,699"
a XUV500 W7 FWD MANUAL,Mahindra,"['W7', 'FWD']",MANUAL,January 2019,"57,183 km","57,183km (23 Feb 2022)",Diesel,1st Owner,Valid upto Jan 2023 Zero Depreciation,Non-Accidental,,₹0/month,"₹11,74,099"
R-V 1.5 i-DTEC VX MT MANUAL,Honda,"['1.5', 'i-DTEC', 'VX', 'MT']",MANUAL,January 2018,"39,984 km","39,984km (21 Feb 2022)",Diesel,2nd Owner,Valid upto Mar 2023 3rd Party,Non-Accidental,,₹0/month,"₹7,69,899"
Alto LXI MANUAL,Maruti,['LXI'],MANUAL,January 2021,"21,588 km","21,588km (25 Dec 2021)",Petrol,1st Owner,Valid upto Apr 2024 Third_party,Non-Accidental,,₹0/month,"₹3,95,799"
Alto 800 LXI MANUAL,Maruti,['LXI'],MANUAL,February 2019,"37,457 km","37,457km (09 Mar 2022)",Petrol,1st Owner,Valid upto Mar 2023 3rd Party,Non-Accidental,,₹0/month,"₹3,52,899"
Alto LXI MANUAL,Maruti,['LXI'],MANUAL,March 2021,"27,148 km","27,148km (14 Mar 2022)",Petrol,1st Owner,Valid upto Mar 2023 3rd Party,Non-Accidental,,₹0/month,"₹4,07,399"
 Grand i10 SPORTS 1.2 VTVT MANUAL,Hyundai,"['SPORTS', '1.2', 'VTVT']",MANUAL,January 2017,"5,403 km","5,403km (21 Mar 2022)",Petrol,1st Owner,Valid upto Aug 2022 Comprehensive,Non-Accidental,,₹0/month,"₹5,04,699"
Baleno DELTA 1.2 K12 MANUAL,Maruti,"['DELTA', '1.2', 'K12']",MANUAL,May 2019,"27,003 km","27,003km (28 Jan 2022)",Petrol,1st Owner,Valid upto Sep 2022 Zero Depreciation,Non-Accidental,,₹0/month,"₹6,70,499"
 Grand i10 MAGNA 1.2 KAPPA VTVT MANUAL,Hyundai,"['MAGNA', '1.2', 'KAPPA', 'VTVT']",MANUAL,January 2017,"26,716 km","26,716km (02 Feb 2022)",Petrol,1st Owner,Valid upto Mar 2023 3rd Party,Non-Accidental,,₹0/month,"₹4,75,999"
azz 1.2 V AT AUTOMATIC,Honda,"['1.2', 'V', 'AT']",AUTOMATIC,March 2017,"45,596 km","45,596km (31 Jan 2022)",Petrol,1st Owner,Valid upto Mar 2023 3rd Party,Non-Accidental,,₹0/month,"₹6,76,699"
 Grand i10 MAGNA 1.2 KAPPA VTVT MANUAL,Hyundai,"['MAGNA', '1.2', 'KAPPA', 'VTVT']",MANUAL,February 2018,"57,458 km","57,458km (06 Jan 2022)",Petrol,1st Owner,Valid upto Jul 2022 Zero_Dep,Non-Accidental,,₹0/month,"₹4,88,799"
 Grand i10 MAGNA 1.2 KAPPA VTVT MANUAL,Hyundai,"['MAGNA', '1.2', 'KAPPA', 'VTVT']",MANUAL,January 2018,"56,012 km","56,012km (09 Feb 2022)",Petrol,1st Owner,Valid upto Mar 2023 3rd Party,Non-Accidental,,₹0/month,"₹4,88,799"
 Grand i10 Sportz(O) 1.2 MT MANUAL,Hyundai,"['Sportz(O)', '1.2', 'MT']",MANUAL,March 2017,"44,851 km","44,851km (10 Feb 2022)",Petrol + CNG,1st Owner,Valid upto Sep 2022 Zero Depreciation,Non-Accidental,,₹0/month,"₹5,40,699"
rio 1.2 S MT I VTEC MANUAL,Honda,"['1.2', 'S', 'MT', 'I', 'VTEC']",MANUAL,July 2015,"75,168 km","75,168km (12 Mar 2022)",Petrol,1st Owner,Valid upto Mar 2023 3rd Party,Non-Accidental,,₹0/month,"₹3,55,199"
 Grand i10 MAGNA 1.2 VTVT MANUAL,Hyundai,"['MAGNA', '1.2', 'VTVT']",MANUAL,May 2019,"22,917 km","22,917km (17 Mar 2022)",Petrol,1st Owner,Valid upto Jun 2022 Comprehensive,Non-Accidental,,₹0/month,"₹5,14,299"
osport 1.5TITANIUM TDCI MANUAL,Ford,"['1.5TITANIUM', 'TDCI']",MANUAL,January 2018,"1,31,657 km","1,31,657km (07 Jan 2022)",Diesel,1st Owner,Valid upto Mar 2023 3rd Party,Non-Accidental,,₹0/month,"₹7,23,899"
 Grand i10 ASTA 1.2 AT VTVT AUTOMATIC,Hyundai,"['ASTA', '1.2', 'AT', 'VTVT']",AUTOMATIC,August 2015,"51,589 km","51,589km (02 Mar 2022)",Petrol,1st Owner,Valid upto Mar 2023 3rd Party,Non-Accidental,,₹0/month,"₹4,79,799"
Alto 800 VXI MANUAL,Maruti,['VXI'],MANUAL,July 2018,"41,873 km","41,873km (28 Jan 2022)",Petrol,1st Owner,Valid upto Aug 2022 Zero Depreciation,Non-Accidental,,₹0/month,"₹3,10,299"
 NEW SANTRO SPORTZ 1.1 MANUAL,Hyundai,"['SPORTZ', '1.1']",MANUAL,January 2020,"5,868 km","5,868km (23 Dec 2021)",Petrol,1st Owner,Valid upto Dec 2023 Third_party,Non-Accidental,,₹0/month,"₹5,58,699"
S Cross ZETA 1.3 SHVS MANUAL,Maruti,"['ZETA', '1.3', 'SHVS']",MANUAL,October 2018,"32,162 km","32,162km (30 Dec 2021)",Diesel,1st Owner,Valid upto Mar 2023 3rd Party,Non-Accidental,,₹0/month,"₹8,19,499"
mpass 2.0 LIMITED MANUAL,Jeep,"['2.0', 'LIMITED']",MANUAL,February 2018,"36,813 km","36,813km (18 Feb 2022)",Diesel,1st Owner,Valid upto Jun 2022 Zero Depreciation,Non-Accidental,,₹0/month,"₹13,63,999"
 Creta 1.6 CRDI SX PLUS AUTO AUTOMATIC,Hyundai,"['1.6', 'CRDI', 'SX', 'PLUS', 'AUTO']",AUTOMATIC,March 2018,"83,240 km","83,240km (27 Feb 2022)",Diesel,1st Owner,Valid upto Mar 2023 3rd Party,Non-Accidental,,₹0/month,"₹12,46,699"
