Name,Brand,Model,Transmission,Year of Purchase,Kilometers Driven,Last Service,Fuel Type,Owner,Insurance,History,Location,EMI per month,Price
Go Plus T MANUAL,Datsun,['T'],MANUAL,Apr-18,"65,550 km","65,550km (04 Feb 2022)",Petrol,1st Owner,Valid upto Jul 2022 Comprehensive,Non-Accidental,KOLKATA,"₹8,489/month","₹3,67,199"
R-V 1.2 i-VTEC VX MT MANUAL,Honda,"['1.2', 'i-VTEC', 'VX', 'MT']",MANUAL,Sep-18,"26,293 km","26,293km (02 Jan 2022)",Petrol,1st Owner,Valid upto Mar 2023 3rd Party,Non-Accidental,KOLKATA,"₹16,529/month","₹7,20,299"
osport 1.5 TITANIUM TI VCT MANUAL,Ford,"['1.5', 'TITANIUM', 'TI', 'VCT']",MANUAL,Oct-13,"50,902 km","50,902km (13 Dec 2021)",Petrol,1st Owner,Valid upto Mar 2023 3rd Party,Non-Accidental,KOLKATA,"₹11,103/month","₹4,81,999"
 Creta 1.6 S MANUAL,Hyundai,"['1.6', 'S']",MANUAL,Nov-15,"61,348 km","61,348km (10 Mar 2022)",Petrol,1st Owner,Valid upto Nov 2022 Comprehensive,Non-Accidental,KOLKATA,"₹15,163/month","₹6,60,299"
Corolla Altis D 4D J MANUAL,Toyota,"['D', '4D', 'J']",MANUAL,Dec-15,"82,675 km","82,675km (28 Feb 2022)",Diesel,1st Owner,Valid upto Mar 2023 3rd Party,Non-Accidental,KOLKATA,"₹15,286/month","₹6,65,699"
 Xcent S 1.2 MANUAL,Hyundai,"['S', '1.2']",MANUAL,Jan-14,"73,007 km","73,007km (21 Feb 2022)",Petrol,1st Owner,Valid upto Mar 2023 3rd Party,Non-Accidental,KOLKATA,"₹8,608/month","₹3,72,399"
 Elite i20 Magna Executive 1.2 MANUAL,Hyundai,"['Magna', 'Executive', '1.2']",MANUAL,Mar-18,"37,576 km","37,576km (31 Jan 2022)",Petrol,1st Owner,Valid upto Mar 2023 3rd Party,Non-Accidental,KOLKATA,"₹12,126/month","₹5,26,899"
Vitara Brezza ZDI PLUS DUAL TONE MANUAL,Maruti,"['ZDI', 'PLUS', 'DUAL', 'TONE']",MANUAL,Jan-16,"95,093 km","95,093km (28 Feb 2022)",Diesel,1st Owner,Valid upto Mar 2023 3rd Party,Non-Accidental,KOLKATA,"₹15,384/month","₹6,69,999"
Vitara Brezza ZDI PLUS DUAL TONE MANUAL,Maruti,"['ZDI', 'PLUS', 'DUAL', 'TONE']",MANUAL,Jan-16,"55,134 km","55,134km (28 Oct 2021)",Diesel,1st Owner,Valid upto Mar 2023 3rd Party,Non-Accidental,KOLKATA,"₹15,222/month","₹6,62,899"
Ciaz VDI PLUS MANUAL,Maruti,"['VDI', 'PLUS']",MANUAL,Sep-14,"1,35,293 km","1,35,293km (07 Jan 2022)",Diesel,1st Owner,Valid upto Mar 2023 3rd Party,Non-Accidental,KOLKATA,"₹10,258/month","₹4,44,899"
 Verna 1.6 SX VTVT (O) MANUAL,Hyundai,"['1.6', 'SX', 'VTVT', '(O)']",MANUAL,Mar-18,"28,491 km","28,491km (17 Nov 2021)",Petrol,1st Owner,Valid upto Mar 2023 3rd Party,Non-Accidental,KOLKATA,"₹19,066/month","₹8,31,699"
 TRIBER 1.0 RXT MANUAL,Renault,"['1.0', 'RXT']",MANUAL,Oct-19,"31,702 km","31,702km (09 Feb 2022)",Petrol,1st Owner,Valid upto Oct 2022 Zero Depreciation,Non-Accidental,KOLKATA,"₹12,485/month","₹5,42,699"
Alto 800 LXI MANUAL,Maruti,['LXI'],MANUAL,Jan-12,"38,986 km","38,986km (21 Feb 2022)",Petrol,1st Owner,Valid upto Mar 2023 3rd Party,Non-Accidental,KOLKATA,"₹4,821/month","₹2,06,099"
Swift VXI MANUAL,Maruti,['VXI'],MANUAL,Feb-18,"31,252 km","31,252km (24 Jan 2022)",Petrol,1st Owner,Valid upto Mar 2023 3rd Party,Non-Accidental,KOLKATA,"₹12,376/month","₹5,37,899"
 Elite i20 SPORTZ 1.2 MANUAL,Hyundai,"['SPORTZ', '1.2']",MANUAL,Jan-16,"84,338 km","84,338km (27 Dec 2021)",Petrol,1st Owner,Valid upto Mar 2023 3rd Party,Non-Accidental,KOLKATA,"₹10,400/month","₹4,51,099"
Swift VXI MANUAL,Maruti,['VXI'],MANUAL,Dec-18,"74,294 km","74,294km (30 Dec 2021)",Petrol,1st Owner,Valid upto Aug 2022 Zero_Dep,Non-Accidental,KOLKATA,"₹12,376/month","₹5,37,899"
 Elite i20 ASTA 1.2 (O) MANUAL,Hyundai,"['ASTA', '1.2', '(O)']",MANUAL,Jun-18,"15,556 km","15,556km (29 Nov 2021)",Petrol,1st Owner,Valid upto Jul 2022 Zero_Dep,Non-Accidental,KOLKATA,"₹14,653/month","₹6,37,899"
osport 1.5TITANIUM TDCI MANUAL,Ford,"['1.5TITANIUM', 'TDCI']",MANUAL,Jun-14,"59,017 km","59,017km (14 Dec 2021)",Diesel,2nd Owner,Valid upto Mar 2023 3rd Party,Non-Accidental,KOLKATA,"₹11,486/month","₹4,98,799"
Swift Dzire VXI 1.2 BS IV MANUAL,Maruti,"['VXI', '1.2', 'BS', 'IV']",MANUAL,Jan-12,"65,238 km","65,238km (14 Jan 2022)",Petrol,1st Owner,Valid upto Mar 2023 3rd Party,Non-Accidental,KOLKATA,"₹8,084/month","₹3,49,399"
Swift VXI AMT AUTOMATIC,Maruti,"['VXI', 'AMT']",AUTOMATIC,May-18,"18,958 km","18,958km (19 Jan 2022)",Petrol,1st Owner,Valid upto Sept 2022 Comprehensive,Non-Accidental,KOLKATA,"₹13,191/month","₹5,73,699"
Swift ZXI MANUAL,Maruti,['ZXI'],MANUAL,Jan-11,"62,081 km","62,081km (03 Feb 2022)",Petrol,1st Owner,Valid upto Mar 2023 3rd Party,Non-Accidental,KOLKATA,"₹6,829/month","₹2,94,299"
Swift Dzire VXI 1.2 BS IV MANUAL,Maruti,"['VXI', '1.2', 'BS', 'IV']",MANUAL,Jan-13,"63,820 km","63,820km (29 Dec 2021)",Petrol,1st Owner,Valid upto Mar 2023 3rd Party,Non-Accidental,KOLKATA,"₹8,708/month","₹3,76,799"
maze 1.2 SMT I VTEC MANUAL,Honda,"['1.2', 'SMT', 'I', 'VTEC']",MANUAL,Jan-13,"81,316 km","81,316km (16 Mar 2022)",Petrol,1st Owner,Valid upto Mar 2023 3rd Party,Non-Accidental,KOLKATA,"₹7,223/month","₹3,11,599"
 Verna FLUIDIC 1.6 SX CRDI MANUAL,Hyundai,"['FLUIDIC', '1.6', 'SX', 'CRDI']",MANUAL,Mar-15,"47,025 km","47,025km (24 Jan 2022)",Diesel,2nd Owner,Valid upto Aug 2022 3rd Party,Non-Accidental,KOLKATA,"₹12,494/month","₹5,43,099"
 Elite i20 SPORTZ 1.2 MANUAL,Hyundai,"['SPORTZ', '1.2']",MANUAL,Dec-18,"8,405 km","8,405km (16 Dec 2021)",Petrol,1st Owner,Valid upto Mar 2023 3rd Party,Non-Accidental,KOLKATA,"₹14,134/month","₹6,15,099"
Ertiga ZXI MANUAL,Maruti,['ZXI'],MANUAL,Jan-14,"12,904 km","12,904km (10 Mar 2022)",Petrol,1st Owner,Valid upto Jul 2022 Comprehensive,Non-Accidental,KOLKATA,"₹13,542/month","₹5,89,099"
Wagon R 1.0 VXI MANUAL,Maruti,['VXI'],MANUAL,Nov-18,"22,625 km","22,625km (26 Oct 2021)",Petrol,1st Owner,Valid upto Mar 2023 3rd Party,Non-Accidental,KOLKATA,"₹9,211/month","₹3,98,899"
Eeco 5 STR WITH AC PLUSHTR MANUAL,Maruti,"['5', 'STR', 'WITH', 'AC', 'PLUSHTR']",MANUAL,Apr-19,"11,410 km","11,410km (29 Oct 2021)",Petrol,1st Owner,Valid upto Mar 2023 3rd Party,Non-Accidental,KOLKATA,"₹9,166/month","₹3,96,899"
 Kwid CLIMBER 1.0 MANUAL,Renault,"['CLIMBER', '1.0']",MANUAL,Feb-18,"21,230 km","21,230km (29 Dec 2021)",Petrol,1st Owner,Valid upto Mar 2023 3rd Party,Non-Accidental,KOLKATA,"₹8,359/month","₹3,61,499"
ity S MT PETROL MANUAL,Honda,"['S', 'MT', 'PETROL']",MANUAL,Jan-14,"60,651 km","60,651km (15 Jan 2022)",Petrol,1st Owner,Valid upto Mar 2023 3rd Party,Non-Accidental,KOLKATA,"₹10,932/month","₹4,74,499"
 Captur RXE PETROL MT MANUAL,Renault,"['RXE', 'PETROL', 'MT']",MANUAL,Mar-18,"6,511 km","6,511km (25 Feb 2022)",Petrol,1st Owner,Valid upto Mar 2023 3rd Party,Non-Accidental,KOLKATA,"₹15,398/month","₹6,70,599"
 Elite i20 ASTA 1.2 MANUAL,Hyundai,"['ASTA', '1.2']",MANUAL,Aug-14,"82,336 km","82,336km (15 Jan 2022)",Petrol,1st Owner,Valid upto Mar 2023 3rd Party,Non-Accidental,KOLKATA,"₹9,778/month","₹4,23,799"
Baleno DELTA 1.2 K12 MANUAL,Maruti,"['DELTA', '1.2', 'K12']",MANUAL,Sep-18,"26,882 km","26,882km (28 Dec 2021)",Petrol,1st Owner,Valid upto Mar 2023 3rd Party,Non-Accidental,KOLKATA,"₹12,922/month","₹5,61,899"
ity VX MT PETROL MANUAL,Honda,"['VX', 'MT', 'PETROL']",MANUAL,Jul-18,"14,473 km","14,473km (25 Dec 2021)",Petrol,2nd Owner,Valid upto Jul 2022 Comp,Non-Accidental,KOLKATA,"₹19,182/month","₹8,36,799"
Ciaz ZETA 1.4 VVT MANUAL,Maruti,"['ZETA', '1.4', 'VVT']",MANUAL,Apr-18,"43,757 km","43,757km (16 Mar 2022)",Petrol,1st Owner,Valid upto Mar 2023 3rd Party,Non-Accidental,KOLKATA,"₹15,056/month","₹6,55,599"
osport 1.5 TITANIUM TI VCT MANUAL,Ford,"['1.5', 'TITANIUM', 'TI', 'VCT']",MANUAL,Sep-14,"60,263 km","60,263km (05 Mar 2022)",Petrol,1st Owner,Valid upto Aug 2022 Comprehensive,Non-Accidental,KOLKATA,"₹10,452/month","₹4,53,399"
Ciaz ZETA 1.4 VVT MANUAL,Maruti,"['ZETA', '1.4', 'VVT']",MANUAL,Apr-18,"37,826 km","37,826km (23 Dec 2021)",Petrol,1st Owner,Valid upto Mar 2023 3rd Party,Non-Accidental,KOLKATA,"₹15,618/month","₹6,80,299"
Dzire VXI MANUAL,Maruti,['VXI'],MANUAL,Dec-19,"1,674 km","1,674km (25 Dec 2021)",Petrol,2nd Owner,Valid upto Dec 2022 Third_party,Non-Accidental,KOLKATA,"₹14,924/month","₹6,49,799"
 Elite i20 MAGNA 1.2 MANUAL,Hyundai,"['MAGNA', '1.2']",MANUAL,Dec-15,"61,799 km","61,799km (16 Dec 2021)",Petrol,2nd Owner,Valid upto Mar 2023 3rd Party,Non-Accidental,KOLKATA,"₹9,812/month","₹4,25,299"
 2.0 TDI 174BHP PRM PLUS AUTOMATIC,Audi,"['2.0', 'TDI', '174BHP', 'PRM', 'PLUS']",AUTOMATIC,Oct-13,"55,798 km","55,798km (11 Feb 2022)",Diesel,2nd Owner,Valid upto Mar 2023 3rd Party,Non-Accidental,KOLKATA,"₹27,775/month","₹12,14,199"
Go Plus T MANUAL,Datsun,['T'],MANUAL,Apr-18,"65,550 km","65,550km (04 Feb 2022)",Petrol,1st Owner,Valid upto Jul 2022 Comprehensive,Non-Accidental,KOLKATA,"₹8,489/month","₹3,67,199"
R-V 1.2 i-VTEC VX MT MANUAL,Honda,"['1.2', 'i-VTEC', 'VX', 'MT']",MANUAL,Sep-18,"26,293 km","26,293km (02 Jan 2022)",Petrol,1st Owner,Valid upto Mar 2023 3rd Party,Non-Accidental,KOLKATA,"₹16,529/month","₹7,20,299"
osport 1.5 TITANIUM TI VCT MANUAL,Ford,"['1.5', 'TITANIUM', 'TI', 'VCT']",MANUAL,Oct-13,"50,902 km","50,902km (13 Dec 2021)",Petrol,1st Owner,Valid upto Mar 2023 3rd Party,Non-Accidental,KOLKATA,"₹11,103/month","₹4,81,999"
 Creta 1.6 S MANUAL,Hyundai,"['1.6', 'S']",MANUAL,Nov-15,"61,348 km","61,348km (10 Mar 2022)",Petrol,1st Owner,Valid upto Nov 2022 Comprehensive,Non-Accidental,KOLKATA,"₹15,163/month","₹6,60,299"
Corolla Altis D 4D J MANUAL,Toyota,"['D', '4D', 'J']",MANUAL,Dec-15,"82,675 km","82,675km (28 Feb 2022)",Diesel,1st Owner,Valid upto Mar 2023 3rd Party,Non-Accidental,KOLKATA,"₹15,286/month","₹6,65,699"
 Xcent S 1.2 MANUAL,Hyundai,"['S', '1.2']",MANUAL,Jan-14,"73,007 km","73,007km (21 Feb 2022)",Petrol,1st Owner,Valid upto Mar 2023 3rd Party,Non-Accidental,KOLKATA,"₹8,608/month","₹3,72,399"
 Elite i20 Magna Executive 1.2 MANUAL,Hyundai,"['Magna', 'Executive', '1.2']",MANUAL,Mar-18,"37,576 km","37,576km (31 Jan 2022)",Petrol,1st Owner,Valid upto Mar 2023 3rd Party,Non-Accidental,KOLKATA,"₹12,126/month","₹5,26,899"
Vitara Brezza ZDI PLUS DUAL TONE MANUAL,Maruti,"['ZDI', 'PLUS', 'DUAL', 'TONE']",MANUAL,Jan-16,"95,093 km","95,093km (28 Feb 2022)",Diesel,1st Owner,Valid upto Mar 2023 3rd Party,Non-Accidental,KOLKATA,"₹15,384/month","₹6,69,999"
Vitara Brezza ZDI PLUS DUAL TONE MANUAL,Maruti,"['ZDI', 'PLUS', 'DUAL', 'TONE']",MANUAL,Jan-16,"55,134 km","55,134km (28 Oct 2021)",Diesel,1st Owner,Valid upto Mar 2023 3rd Party,Non-Accidental,KOLKATA,"₹15,222/month","₹6,62,899"
Ciaz VDI PLUS MANUAL,Maruti,"['VDI', 'PLUS']",MANUAL,Sep-14,"1,35,293 km","1,35,293km (07 Jan 2022)",Diesel,1st Owner,Valid upto Mar 2023 3rd Party,Non-Accidental,KOLKATA,"₹10,258/month","₹4,44,899"
 Verna 1.6 SX VTVT (O) MANUAL,Hyundai,"['1.6', 'SX', 'VTVT', '(O)']",MANUAL,Mar-18,"28,491 km","28,491km (17 Nov 2021)",Petrol,1st Owner,Valid upto Mar 2023 3rd Party,Non-Accidental,KOLKATA,"₹19,066/month","₹8,31,699"
 TRIBER 1.0 RXT MANUAL,Renault,"['1.0', 'RXT']",MANUAL,Oct-19,"31,702 km","31,702km (09 Feb 2022)",Petrol,1st Owner,Valid upto Oct 2022 Zero Depreciation,Non-Accidental,KOLKATA,"₹12,485/month","₹5,42,699"
Alto 800 LXI MANUAL,Maruti,['LXI'],MANUAL,Jan-12,"38,986 km","38,986km (21 Feb 2022)",Petrol,1st Owner,Valid upto Mar 2023 3rd Party,Non-Accidental,KOLKATA,"₹4,821/month","₹2,06,099"
Swift VXI MANUAL,Maruti,['VXI'],MANUAL,Feb-18,"31,252 km","31,252km (24 Jan 2022)",Petrol,1st Owner,Valid upto Mar 2023 3rd Party,Non-Accidental,KOLKATA,"₹12,376/month","₹5,37,899"
 Elite i20 SPORTZ 1.2 MANUAL,Hyundai,"['SPORTZ', '1.2']",MANUAL,Jan-16,"84,338 km","84,338km (27 Dec 2021)",Petrol,1st Owner,Valid upto Mar 2023 3rd Party,Non-Accidental,KOLKATA,"₹10,400/month","₹4,51,099"
Swift VXI MANUAL,Maruti,['VXI'],MANUAL,Dec-18,"74,294 km","74,294km (30 Dec 2021)",Petrol,1st Owner,Valid upto Aug 2022 Zero_Dep,Non-Accidental,KOLKATA,"₹12,376/month","₹5,37,899"
 Elite i20 ASTA 1.2 (O) MANUAL,Hyundai,"['ASTA', '1.2', '(O)']",MANUAL,Jun-18,"15,556 km","15,556km (29 Nov 2021)",Petrol,1st Owner,Valid upto Jul 2022 Zero_Dep,Non-Accidental,KOLKATA,"₹14,653/month","₹6,37,899"
osport 1.5TITANIUM TDCI MANUAL,Ford,"['1.5TITANIUM', 'TDCI']",MANUAL,Jun-14,"59,017 km","59,017km (14 Dec 2021)",Diesel,2nd Owner,Valid upto Mar 2023 3rd Party,Non-Accidental,KOLKATA,"₹11,486/month","₹4,98,799"
Swift Dzire VXI 1.2 BS IV MANUAL,Maruti,"['VXI', '1.2', 'BS', 'IV']",MANUAL,Jan-12,"65,238 km","65,238km (14 Jan 2022)",Petrol,1st Owner,Valid upto Mar 2023 3rd Party,Non-Accidental,KOLKATA,"₹8,084/month","₹3,49,399"
Swift VXI AMT AUTOMATIC,Maruti,"['VXI', 'AMT']",AUTOMATIC,May-18,"18,958 km","18,958km (19 Jan 2022)",Petrol,1st Owner,Valid upto Sept 2022 Comprehensive,Non-Accidental,KOLKATA,"₹13,191/month","₹5,73,699"
Dzire ZXI Plus MANUAL,Maruti,"['ZXI', 'Plus']",MANUAL,Feb-18,"55,711 km","55,711km (11 Mar 2022)",Petrol,1st Owner,Valid upto Mar 2023 3rd Party,Non-Accidental,KOLKATA,"₹15,939/month","₹6,94,399"
Swift VXI MANUAL,Maruti,['VXI'],MANUAL,Apr-18,"79,284 km","79,284km (11 Mar 2022)",Petrol,1st Owner,Valid upto Mar 2023 3rd Party,Non-Accidental,KOLKATA,"₹12,376/month","₹5,37,899"
 i20 SPORTZ 1.4 CRDI MANUAL,Hyundai,"['SPORTZ', '1.4', 'CRDI']",MANUAL,Apr-14,"78,007 km","78,007km (21 Feb 2022)",Diesel,2nd Owner,Valid upto Mar 2023 3rd Party,Non-Accidental,KOLKATA,"₹8,316/month","₹3,59,599"
mpass LIMITED O 1.4 AT AUTOMATIC,Jeep,"['LIMITED', 'O', '1.4', 'AT']",AUTOMATIC,Dec-17,"38,602 km","38,602km (10 Feb 2022)",Petrol,2nd Owner,Valid upto Mar 2023 3rd Party,Non-Accidental,KOLKATA,"₹27,866/month","₹12,18,199"
ity V MT DIESEL MANUAL,Honda,"['V', 'MT', 'DIESEL']",MANUAL,Jan-14,"79,605 km","79,605km (01 Mar 2022)",Diesel,1st Owner,Valid upto Mar 2023 3rd Party,Non-Accidental,KOLKATA,"₹10,800/month","₹4,68,699"
Swift Dzire VDI BS IV MANUAL,Maruti,"['VDI', 'BS', 'IV']",MANUAL,Feb-13,"74,822 km","74,822km (27 Dec 2021)",Diesel,1st Owner,Valid upto Mar 2023 3rd Party,Non-Accidental,KOLKATA,"₹8,849/month","₹3,82,999"
New Wagon-R 1.0 VXI (O) MANUAL,Maruti,"['1.0', 'VXI', '(O)']",MANUAL,Jan-20,"5,004 km","5,004km (12 Mar 2022)",Petrol,1st Owner,Valid upto Dec 2023 3rd Party,Non-Accidental,KOLKATA,"₹14,949/month","₹6,50,899"
Vitara Brezza VDI OPT MANUAL,Maruti,"['VDI', 'OPT']",MANUAL,Feb-18,"71,059 km","71,059km (26 Feb 2022)",Diesel,1st Owner,Valid upto Mar 2023 3rd Party,Non-Accidental,KOLKATA,"₹18,037/month","₹7,86,499"
Swift Dzire VXI 1.2 BS IV MANUAL,Maruti,"['VXI', '1.2', 'BS', 'IV']",MANUAL,Jan-14,"31,351 km","31,351km (20 Dec 2021)",Petrol,1st Owner,Valid upto Mar 2023 3rd Party,Non-Accidental,KOLKATA,"₹9,676/month","₹4,19,299"
Baleno DELTA 1.2 K12 MANUAL,Maruti,"['DELTA', '1.2', 'K12']",MANUAL,Nov-18,"43,678 km","43,678km (14 Jan 2022)",Petrol,1st Owner,Valid upto Mar 2023 3rd Party,Non-Accidental,KOLKATA,"₹12,287/month","₹5,33,999"
 VENUE S MT 1.2 KAPPA MANUAL,Hyundai,"['S', 'MT', '1.2', 'KAPPA']",MANUAL,Nov-19,"28,891 km","28,891km (10 Feb 2022)",Petrol,1st Owner,Valid upto Nov 2022 Comprehensive,Non-Accidental,KOLKATA,"₹16,272/month","₹7,08,999"
 Grand i10 SPORTZ 1.2 KAPPA VTVT MANUAL,Hyundai,"['SPORTZ', '1.2', 'KAPPA', 'VTVT']",MANUAL,Apr-19,"19,168 km","19,168km (23 Dec 2021)",Petrol,1st Owner,Valid upto Mar 2023 3rd Party,Non-Accidental,KOLKATA,"₹11,761/month","₹5,10,899"
 i10 SPORTZ 1.1 IRDE2 MANUAL,Hyundai,"['SPORTZ', '1.1', 'IRDE2']",MANUAL,Jan-14,"60,072 km","60,072km (02 Nov 2021)",Petrol,1st Owner,Valid upto Mar 2023 3rd Party,Non-Accidental,KOLKATA,"₹7,292/month","₹3,14,599"
osport 1.5TITANIUM TDCI MANUAL,Ford,"['1.5TITANIUM', 'TDCI']",MANUAL,May-18,"35,222 km","35,222km (31 Dec 2021)",Diesel,2nd Owner,Valid upto Sept 2022 Comp,Non-Accidental,KOLKATA,"₹16,757/month","₹7,30,299"
 Grand i10 SPORTZ 1.2 KAPPA VTVT MANUAL,Hyundai,"['SPORTZ', '1.2', 'KAPPA', 'VTVT']",MANUAL,Feb-19,"21,499 km","21,499km (31 Jan 2022)",Petrol,1st Owner,Valid upto Mar 2023 3rd Party,Non-Accidental,KOLKATA,"₹12,285/month","₹5,33,899"
 Grand i10 MAGNA 1.2 VTVT MANUAL,Hyundai,"['MAGNA', '1.2', 'VTVT']",MANUAL,Oct-13,"50,310 km","50,310km (29 Oct 2021)",Petrol,1st Owner,Valid upto Mar 2023 3rd Party,Non-Accidental,KOLKATA,"₹7,772/month","₹3,35,699"
Dzire VXI MANUAL,Maruti,['VXI'],MANUAL,Apr-19,"10,793 km","10,793km (26 Dec 2021)",Petrol,1st Owner,Valid upto Mar 2023 3rd Party,Non-Accidental,KOLKATA,"₹14,421/month","₹6,27,699"
Baleno DELTA 1.2 K12 MANUAL,Maruti,"['DELTA', '1.2', 'K12']",MANUAL,Aug-18,"25,613 km","25,613km (29 Dec 2021)",Petrol,1st Owner,Valid upto Mar 2023 3rd Party,Non-Accidental,KOLKATA,"₹12,918/month","₹5,61,699"
Celerio VXI MANUAL,Maruti,['VXI'],MANUAL,May-15,"19,886 km","19,886km (13 Dec 2021)",Petrol,1st Owner,Valid upto Aug 2022 Comp,Non-Accidental,KOLKATA,"₹8,469/month","₹3,66,299"
 Elite i20 1.2 SPORTS PLUS VTVT MANUAL,Hyundai,"['1.2', 'SPORTS', 'PLUS', 'VTVT']",MANUAL,Feb-19,"19,082 km","19,082km (13 Dec 2021)",Petrol,1st Owner,Valid upto Aug 2022 Comp,Non-Accidental,KOLKATA,"₹15,001/month","₹6,53,199"
Swift VXI MANUAL,Maruti,['VXI'],MANUAL,Jul-14,"54,947 km","54,947km (23 Dec 2021)",Petrol,2nd Owner,Valid upto Mar 2023 3rd Party,Non-Accidental,KOLKATA,"₹8,722/month","₹3,77,399"
Swift Dzire VXI 1.2 BS IV MANUAL,Maruti,"['VXI', '1.2', 'BS', 'IV']",MANUAL,Aug-14,"75,102 km","75,102km (23 Dec 2021)",Petrol,2nd Owner,Valid upto Mar 2023 3rd Party,Non-Accidental,KOLKATA,"₹9,557/month","₹4,14,099"
Baleno DELTA 1.2 K12 MANUAL,Maruti,"['DELTA', '1.2', 'K12']",MANUAL,Sep-18,"19,357 km","19,357km (11 Mar 2022)",Petrol,1st Owner,Valid upto Nov 2022 Comprehensive,Non-Accidental,KOLKATA,"₹14,193/month","₹6,17,699"
 Elite i20 SPORTZ 1.2 MANUAL,Hyundai,"['SPORTZ', '1.2']",MANUAL,Jan-14,"62,047 km","62,047km (22 Dec 2021)",Petrol,1st Owner,Valid upto Mar 2023 3rd Party,Non-Accidental,KOLKATA,"₹10,345/month","₹4,48,699"
 Elite i20 ASTA 1.2 MANUAL,Hyundai,"['ASTA', '1.2']",MANUAL,Jan-15,"1,05,969 km","1,05,969km (05 Jan 2022)",Petrol,1st Owner,Valid upto Mar 2023 3rd Party,Non-Accidental,KOLKATA,"₹10,841/month","₹4,70,499"
Swift VXI MANUAL,Maruti,['VXI'],MANUAL,Apr-16,"34,622 km","34,622km (05 Mar 2022)",Petrol,1st Owner,Valid upto Mar 2023 3rd Party,Non-Accidental,KOLKATA,"₹10,718/month","₹4,65,099"
 Eon ERA PLUS MANUAL,Hyundai,"['ERA', 'PLUS']",MANUAL,Feb-13,"33,905 km","33,905km (21 Feb 2022)",Petrol,1st Owner,Valid upto Mar 2023 3rd Party,Non-Accidental,KOLKATA,"₹5,440/month","₹2,33,299"
Dzire VXI MANUAL,Maruti,['VXI'],MANUAL,Mar-19,"5,788 km","5,788km (30 Dec 2021)",Petrol,2nd Owner,Valid upto Mar 2023 3rd Party,Non-Accidental,KOLKATA,"₹14,557/month","₹6,33,699"
Swift VXI AMT AUTOMATIC,Maruti,"['VXI', 'AMT']",AUTOMATIC,Feb-19,"34,018 km","34,018km (30 Dec 2021)",Petrol,1st Owner,Valid upto Mar 2023 3rd Party,Non-Accidental,KOLKATA,"₹13,810/month","₹6,00,899"
azz 1.2 SV MT MANUAL,Honda,"['1.2', 'SV', 'MT']",MANUAL,Jan-16,"64,421 km","64,421km (17 Feb 2022)",Petrol,1st Owner,Valid upto Mar 2023 3rd Party,Non-Accidental,KOLKATA,"₹9,698/month","₹4,20,299"
Baleno DELTA 1.2 K12 MANUAL,Maruti,"['DELTA', '1.2', 'K12']",MANUAL,Jan-15,"62,713 km","62,713km (25 Feb 2022)",Petrol,1st Owner,Valid upto Jan 2023 Comprehensive,Non-Accidental,KOLKATA,"₹11,062/month","₹4,80,199"
 Grand i10 MAGNA 1.2 KAPPA VTVT MANUAL,Hyundai,"['MAGNA', '1.2', 'KAPPA', 'VTVT']",MANUAL,May-14,"8,014 km","8,014km (02 Feb 2022)",Petrol,1st Owner,Valid upto Jul 2022 Comprehensive,Non-Accidental,KOLKATA,"₹9,102/month","₹3,94,099"
 Grand i10 SPORTZ 1.2 KAPPA VTVT MANUAL,Hyundai,"['SPORTZ', '1.2', 'KAPPA', 'VTVT']",MANUAL,Apr-14,"66,438 km","66,438km (29 Dec 2021)",Petrol,1st Owner,Valid upto Mar 2023 3rd Party,Non-Accidental,KOLKATA,"₹8,838/month","₹3,82,499"
 Elite i20 SPORTZ 1.2 MANUAL,Hyundai,"['SPORTZ', '1.2']",MANUAL,Sep-17,"31,602 km","31,602km (25 Dec 2021)",Petrol,2nd Owner,Valid upto Mar 2023 3rd Party,Non-Accidental,KOLKATA,"₹11,948/month","₹5,19,099"
Baleno DELTA 1.2 K12 MANUAL,Maruti,"['DELTA', '1.2', 'K12']",MANUAL,Sep-19,"17,973 km","17,973km (30 Dec 2021)",Petrol,1st Owner,Valid upto Mar 2023 3rd Party,Non-Accidental,KOLKATA,"₹13,656/month","₹5,94,099"
 Eon ERA PLUS MANUAL,Hyundai,"['ERA', 'PLUS']",MANUAL,Jan-14,"22,343 km","22,343km (25 Jan 2022)",Petrol,1st Owner,Valid upto Mar 2023 3rd Party,Non-Accidental,KOLKATA,"₹5,964/month","₹2,56,299"
 Grand i10 ASTA 1.2 (O) VTVT MANUAL,Hyundai,"['ASTA', '1.2', '(O)', 'VTVT']",MANUAL,Jan-14,"31,612 km","31,612km (14 Mar 2022)",Petrol,1st Owner,Valid upto Jun 2022 3rd Party,Non-Accidental,KOLKATA,"₹9,596/month","₹4,15,799"
 Grand i10 ASTA 1.2 (O) VTVT MANUAL,Hyundai,"['ASTA', '1.2', '(O)', 'VTVT']",MANUAL,Apr-14,"67,993 km","67,993km (11 Dec 2021)",Petrol,1st Owner,Valid upto Mar 2023 3rd Party,Non-Accidental,KOLKATA,"₹9,869/month","₹4,27,799"
 Eon ERA PLUS MANUAL,Hyundai,"['ERA', 'PLUS']",MANUAL,Oct-14,"27,768 km","27,768km (05 Feb 2022)",Petrol,2nd Owner,Valid upto Mar 2023 3rd Party,Non-Accidental,KOLKATA,"₹5,894/month","₹2,53,199"
Baleno DELTA 1.2 K12 MANUAL,Maruti,"['DELTA', '1.2', 'K12']",MANUAL,Mar-19,"2,829 km","2,829km (30 Dec 2021)",Petrol,1st Owner,Valid upto Mar 2023 3rd Party,Non-Accidental,KOLKATA,"₹15,070/month","₹6,56,199"
 Kwid 1.0 CLIMBER OPT AMT AUTOMATIC,Renault,"['1.0', 'CLIMBER', 'OPT', 'AMT']",AUTOMATIC,Jul-20,"10,796 km","10,796km (29 Dec 2021)",Petrol,1st Owner,Valid upto Sept 2022 Zero_Dep,Non-Accidental,KOLKATA,"₹10,361/month","₹4,49,399"
 Eon MAGNA PLUS MANUAL,Hyundai,"['MAGNA', 'PLUS']",MANUAL,Feb-15,"62,307 km","62,307km (31 Dec 2021)",Petrol,2nd Owner,Valid upto Mar 2023 3rd Party,Non-Accidental,KOLKATA,"₹5,566/month","₹2,38,799"
Wagon R 1.0 LXI MANUAL,Maruti,['LXI'],MANUAL,Jan-10,"96,134 km","96,134km (28 Dec 2021)",Petrol,1st Owner,Valid upto Mar 2023 3rd Party,Non-Accidental,KOLKATA,"₹4,874/month","₹2,08,399"
Alto K10 VXI MANUAL,Maruti,['VXI'],MANUAL,Feb-14,"78,038 km","78,038km (21 Feb 2022)",Petrol,1st Owner,Valid upto Mar 2023 3rd Party,Non-Accidental,KOLKATA,"₹5,372/month","₹2,30,299"
S PRESSO VXI PLUS MANUAL,Maruti,"['VXI', 'PLUS']",MANUAL,Dec-20,"4,021 km","4,021km (03 Feb 2022)",Petrol,1st Owner,Valid upto Jan 2024 3rd Party,Non-Accidental,KOLKATA,"₹10,773/month","₹4,67,499"
Wagon R 1.0 VXI PLUS MANUAL,Maruti,"['VXI', 'PLUS']",MANUAL,Nov-17,"46,478 km","46,478km (27 Dec 2021)",Petrol,1st Owner,Valid upto Mar 2023 3rd Party,Non-Accidental,KOLKATA,"₹8,337/month","₹3,60,499"
 Grand i10 MAGNA 1.2 KAPPA VTVT MANUAL,Hyundai,"['MAGNA', '1.2', 'KAPPA', 'VTVT']",MANUAL,Mar-19,"9,682 km","9,682km (22 Dec 2021)",Petrol,1st Owner,Valid upto Mar 2023 3rd Party,Non-Accidental,KOLKATA,"₹11,793/month","₹5,12,299"
Wagon R 1.0 VXI MANUAL,Maruti,['VXI'],MANUAL,Jun-14,"14,956 km","14,956km (19 Feb 2022)",Petrol,1st Owner,Valid upto Jul 2022 Comprehensive,Non-Accidental,KOLKATA,"₹7,895/month","₹3,41,099"
 NEW SANTRO 1.1 MAGNA MT MANUAL,Hyundai,"['1.1', 'MAGNA', 'MT']",MANUAL,Oct-19,"10,204 km","10,204km (24 Dec 2021)",Petrol,1st Owner,Valid upto Mar 2023 3rd Party,Non-Accidental,KOLKATA,"₹9,298/month","₹4,02,699"
 NEW SANTRO 1.1 MAGNA MT MANUAL,Hyundai,"['1.1', 'MAGNA', 'MT']",MANUAL,Mar-19,"9,628 km","9,628km (10 Nov 2021)",Petrol,1st Owner,Valid upto Mar 2023 3rd Party,Non-Accidental,KOLKATA,"₹9,926/month","₹4,30,299"
Alto LXI MANUAL,Maruti,['LXI'],MANUAL,Jun-19,"10,266 km","10,266km (25 Dec 2021)",Petrol,1st Owner,Valid upto Sept 2022 Comp,Non-Accidental,KOLKATA,"₹7,984/month","₹3,44,999"
Alto K10 VXI (O) AMT AUTOMATIC,Maruti,"['VXI', '(O)', 'AMT']",AUTOMATIC,Jul-20,"11,081 km","11,081km (11 Nov 2021)",Petrol,1st Owner,Valid upto Aug 2022 Third_party,Non-Accidental,KOLKATA,"₹8,508/month","₹3,67,999"
S PRESSO VXI PLUS MANUAL,Maruti,"['VXI', 'PLUS']",MANUAL,Aug-20,"5,794 km","5,794km (28 Dec 2021)",Petrol,1st Owner,Valid upto Jul 2022 Comp,Non-Accidental,KOLKATA,"₹10,156/month","₹4,40,399"
Alto VXI MANUAL,Maruti,['VXI'],MANUAL,Apr-17,"3,266 km","3,266km (28 Dec 2021)",Petrol,1st Owner,Valid upto Mar 2023 3rd Party,Non-Accidental,KOLKATA,"₹8,323/month","₹3,59,899"
 Grand i10 Sportz(O) 1.2 MT MANUAL,Hyundai,"['Sportz(O)', '1.2', 'MT']",MANUAL,Aug-19,"41,182 km","41,182km (24 Dec 2021)",Petrol,2nd Owner,Valid upto Mar 2023 3rd Party,Non-Accidental,KOLKATA,"₹9,635/month","₹4,17,499"
Eeco 5 STR WITH AC PLUSHTR MANUAL,Maruti,"['5', 'STR', 'WITH', 'AC', 'PLUSHTR']",MANUAL,Dec-17,"3,700 km","3,700km (12 Jan 2022)",Petrol,1st Owner,Valid upto Mar 2023 3rd Party,Non-Accidental,KOLKATA,"₹10,095/month","₹4,37,699"
Wagon R 1.0 VXI MANUAL,Maruti,['VXI'],MANUAL,Mar-18,"27,238 km","27,238km (12 Jan 2022)",Petrol,1st Owner,Valid upto Mar 2023 3rd Party,Non-Accidental,KOLKATA,"₹9,623/month","₹4,16,999"
go Aspire 1.2 TITANIUM PETROL MANUAL,Ford,"['1.2', 'TITANIUM', 'PETROL']",MANUAL,Apr-18,"21,165 km","21,165km (07 Feb 2022)",Petrol,1st Owner,Valid upto Jul 2022 Comprehensive,Non-Accidental,KOLKATA,"₹11,723/month","₹5,09,199"
Swift LXI MANUAL,Maruti,['LXI'],MANUAL,Aug-17,"30,183 km","30,183km (17 Mar 2022)",Petrol,1st Owner,Valid upto Mar 2023 3rd Party,Non-Accidental,KOLKATA,"₹11,657/month","₹5,06,299"
Ciaz DELTA 1.4 VVT MANUAL,Maruti,"['DELTA', '1.4', 'VVT']",MANUAL,Jul-19,"41,264 km","41,264km (24 Dec 2021)",Petrol,1st Owner,Valid upto Mar 2023 3rd Party,Non-Accidental,KOLKATA,"₹13,102/month","₹5,69,799"
R-V 1.2 i-VTEC S MT MANUAL,Honda,"['1.2', 'i-VTEC', 'S', 'MT']",MANUAL,Feb-21,"18,303 km","18,303km (07 Jan 2022)",Petrol,1st Owner,Valid upto Aug 2022 Third Party,Non-Accidental,KOLKATA,"₹16,338/month","₹7,11,899"
MAGNITE XV TURBO MT MANUAL,Nissan,"['XV', 'TURBO', 'MT']",MANUAL,Mar-19,"18,953 km","18,953km (15 Feb 2022)",Petrol,1st Owner,Valid upto Mar 2023 3rd Party,Non-Accidental,KOLKATA,"₹15,489/month","₹6,74,599"
Swift VXI MANUAL,Maruti,['VXI'],MANUAL,Feb-14,"4,954 km","4,954km (07 Mar 2022)",Petrol,1st Owner,Valid upto Mar 2023 3rd Party,Non-Accidental,KOLKATA,"₹12,966/month","₹5,63,799"
 i10 SPORTZ 1.1 IRDE2 MANUAL,Hyundai,"['SPORTZ', '1.1', 'IRDE2']",MANUAL,Oct-17,"48,753 km","48,753km (27 Dec 2021)",Petrol,2nd Owner,Valid upto Jul 2022 Comp,Non-Accidental,KOLKATA,"₹6,675/month","₹2,87,499"
Alto K10 VXI MANUAL,Maruti,['VXI'],MANUAL,Mar-19,"18,142 km","18,142km (07 Jan 2022)",Petrol,1st Owner,Valid upto Mar 2023 3rd Party,Non-Accidental,KOLKATA,"₹7,148/month","₹3,08,299"
Dzire VXI AMT AUTOMATIC,Maruti,"['VXI', 'AMT']",AUTOMATIC,Jan-19,"11,413 km","11,413km (05 Mar 2022)",Petrol,1st Owner,Valid upto Jun 2022 Comprehensive,Non-Accidental,KOLKATA,"₹14,746/month","₹6,41,999"
maze 1.2 VXMT I VTEC MANUAL,Honda,"['1.2', 'VXMT', 'I', 'VTEC']",MANUAL,Feb-19,"8,511 km","8,511km (22 Jan 2022)",Petrol,1st Owner,Valid upto Mar 2023 3rd Party,Non-Accidental,KOLKATA,"₹15,873/month","₹6,91,499"
mpass 2.0 LIMITED MANUAL,Jeep,"['2.0', 'LIMITED']",MANUAL,Feb-18,"21,469 km","21,469km (03 Mar 2022)",Diesel,1st Owner,Valid upto Mar 2023 3rd Party,Non-Accidental,KOLKATA,"₹31,780/month","₹13,90,099"
 Grand i10 ASTA 1.2 KAPPA VTVT MANUAL,Hyundai,"['ASTA', '1.2', 'KAPPA', 'VTVT']",MANUAL,Jul-12,"17,458 km","17,458km (05 Mar 2022)",Petrol,2nd Owner,Valid upto Mar 2023 3rd Party,Non-Accidental,KOLKATA,"₹11,914/month","₹5,17,599"
Swift Dzire VXI 1.2 BS IV MANUAL,Maruti,"['VXI', '1.2', 'BS', 'IV']",MANUAL,Jan-12,"78,628 km","78,628km (01 Mar 2022)",Petrol,1st Owner,Valid upto Mar 2023 3rd Party,Non-Accidental,KOLKATA,"₹8,414/month","₹3,63,899"
Swift Dzire LDI BS IV MANUAL,Maruti,"['LDI', 'BS', 'IV']",MANUAL,Jun-16,"46,529 km","46,529km (29 Dec 2021)",Diesel,1st Owner,Valid upto Mar 2023 3rd Party,Non-Accidental,KOLKATA,"₹7,569/month","₹3,26,799"
 Kwid RXT MANUAL,Renault,['RXT'],MANUAL,Jan-13,"58,087 km","58,087km (05 Mar 2022)",Petrol,1st Owner,Valid upto Mar 2023 3rd Party,Non-Accidental,KOLKATA,"₹6,716/month","₹2,89,299"
Swift Dzire VXI 1.2 BS IV MANUAL,Maruti,"['VXI', '1.2', 'BS', 'IV']",MANUAL,Jan-15,"1,04,992 km","1,04,992km (27 Dec 2021)",Petrol,1st Owner,Valid upto Mar 2023 3rd Party,Non-Accidental,KOLKATA,"₹8,278/month","₹3,57,899"
Eeco 5 STR WITH AC PLUSHTR MANUAL,Maruti,"['5', 'STR', 'WITH', 'AC', 'PLUSHTR']",MANUAL,Jan-12,"81,055 km","81,055km (07 Mar 2022)",Petrol,1st Owner,Valid upto Mar 2023 3rd Party,Non-Accidental,KOLKATA,"₹6,656/month","₹2,86,699"
Alto K10 LXI MANUAL,Maruti,['LXI'],MANUAL,Jan-13,"29,799 km","29,799km (09 Feb 2022)",Petrol,2nd Owner,Valid upto Mar 2023 3rd Party,Non-Accidental,KOLKATA,"₹4,880/month","₹2,08,699"
 Duster RXZ DIESEL 110 MANUAL,Renault,"['RXZ', 'DIESEL', '110']",MANUAL,Jan-12,"51,522 km","51,522km (09 Mar 2022)",Diesel,1st Owner,Valid upto Mar 2023 3rd Party,Non-Accidental,KOLKATA,"₹10,240/month","₹4,44,099"
Alto K10 LXI MANUAL,Maruti,['LXI'],MANUAL,Mar-18,"1,609 km","1,609km (03 Nov 2021)",Petrol,1st Owner,Valid upto Mar 2023 3rd Party,Non-Accidental,KOLKATA,"₹5,072/month","₹2,17,099"
a KUV 100 NXT K4+ 6S MANUAL,Mahindra,"['K4+', '6S']",MANUAL,Mar-16,"61,644 km","61,644km (03 Mar 2022)",Petrol,1st Owner,Valid upto Mar 2023 3rd Party,Non-Accidental,KOLKATA,"₹9,227/month","₹3,99,599"
 Elite i20 SPORTZ 1.2 MANUAL,Hyundai,"['SPORTZ', '1.2']",MANUAL,Jan-14,"69,855 km","69,855km (31 Dec 2021)",Petrol,1st Owner,Valid upto Mar 2023 3rd Party,Non-Accidental,KOLKATA,"₹10,964/month","₹4,75,899"
Etios V MANUAL,Toyota,['V'],MANUAL,Oct-14,"23,441 km","23,441km (01 Mar 2022)",Petrol,1st Owner,Valid upto Mar 2023 3rd Party,Non-Accidental,KOLKATA,"₹8,990/month","₹3,89,199"
maze 1.5 VXMT I DTEC MANUAL,Honda,"['1.5', 'VXMT', 'I', 'DTEC']",MANUAL,Jan-13,"70,607 km","70,607km (22 Dec 2021)",Diesel,2nd Owner,Valid upto Jul 2022 Comp,Non-Accidental,KOLKATA,"₹8,544/month","₹3,69,599"
ity V MT PETROL MANUAL,Honda,"['V', 'MT', 'PETROL']",MANUAL,May-15,"65,402 km","65,402km (23 Nov 2021)",Petrol,1st Owner,Valid upto Mar 2023 3rd Party,Non-Accidental,KOLKATA,"₹9,266/month","₹4,01,299"
a Scorpio S10 MANUAL,Mahindra,['S10'],MANUAL,Mar-19,"53,662 km","53,662km (04 Feb 2022)",Diesel,2nd Owner,Valid upto Mar 2023 3rd Party,Non-Accidental,KOLKATA,"₹20,742/month","₹9,05,299"
a XUV 3OO W8 (O) Dual tone Diesel MANUAL,Mahindra,"['W8', '(O)', 'Dual', 'tone', 'Diesel']",MANUAL,May-18,"29,193 km","29,193km (08 Mar 2022)",Diesel,1st Owner,Valid upto Mar 2023 3rd Party,Non-Accidental,KOLKATA,"₹23,702/month","₹10,35,299"
Alto 800 LXI MANUAL,Maruti,['LXI'],MANUAL,Nov-17,"29,750 km","29,750km (10 Jan 2022)",Petrol,1st Owner,Valid upto Mar 2023 3rd Party,Non-Accidental,KOLKATA,"₹6,517/month","₹2,80,599"
Alto K10 VXI (O) AMT AUTOMATIC,Maruti,"['VXI', '(O)', 'AMT']",AUTOMATIC,Nov-10,"2,595 km","2,595km (29 Dec 2021)",Petrol,1st Owner,Valid upto Mar 2023 3rd Party,Non-Accidental,KOLKATA,"₹8,576/month","₹3,70,999"
Wagon R 1.0 VXI MANUAL,Maruti,['VXI'],MANUAL,Jan-14,"43,876 km","43,876km (13 Jan 2022)",Petrol,1st Owner,Valid upto Mar 2023 3rd Party,Non-Accidental,KOLKATA,"₹5,627/month","₹2,41,499"
osport 1.5TITANIUM TDCI MANUAL,Ford,"['1.5TITANIUM', 'TDCI']",MANUAL,Jul-17,"1,38,624 km","1,38,624km (07 Dec 2021)",Diesel,1st Owner,Valid upto Mar 2023 3rd Party,Non-Accidental,KOLKATA,"₹10,743/month","₹4,66,199"
a TUV300 T8 MANUAL,Mahindra,['T8'],MANUAL,May-17,"32,277 km","32,277km (11 Jan 2022)",Diesel,1st Owner,Valid upto Mar 2023 3rd Party,Non-Accidental,KOLKATA,"₹14,771/month","₹6,43,099"
 Kwid RXT MANUAL,Renault,['RXT'],MANUAL,Jun-20,"55,054 km","55,054km (16 Mar 2022)",Petrol,1st Owner,Valid upto Mar 2023 3rd Party,Non-Accidental,KOLKATA,"₹6,850/month","₹2,95,199"
a Scorpio S5 MANUAL,Mahindra,['S5'],MANUAL,Jan-18,"59,972 km","59,972km (25 Jan 2022)",Diesel,1st Owner,Valid upto Mar 2023 3rd Party,Non-Accidental,KOLKATA,"₹25,364/month","₹11,08,299"
 Elite i20 Magna Executive 1.2 MANUAL,Hyundai,"['Magna', 'Executive', '1.2']",MANUAL,Jan-16,"5,099 km","5,099km (09 Feb 2022)",Petrol,1st Owner,Valid upto Aug 2022 Comprehensive,Non-Accidental,KOLKATA,"₹12,998/month","₹5,65,199"
ity SV CVT PETROL AUTOMATIC,Honda,"['SV', 'CVT', 'PETROL']",AUTOMATIC,Dec-14,"21,029 km","21,029km (03 Mar 2022)",Petrol,1st Owner,Valid upto Mar 2023 3rd Party,Non-Accidental,KOLKATA,"₹16,878/month","₹7,35,599"
Alto K10 VXI MANUAL,Maruti,['VXI'],MANUAL,Aug-17,"64,569 km","64,569km (31 Dec 2021)",Petrol,1st Owner,Valid upto Mar 2023 3rd Party,Non-Accidental,KOLKATA,"₹5,618/month","₹2,41,099"
 Xcent SX 1.2 MANUAL,Hyundai,"['SX', '1.2']",MANUAL,Mar-15,"26,921 km","26,921km (16 Feb 2022)",Petrol,1st Owner,Valid upto Mar 2023 3rd Party,Non-Accidental,KOLKATA,"₹11,923/month","₹5,17,999"
osport 1.5 TITANIUM TI VCT MANUAL,Ford,"['1.5', 'TITANIUM', 'TI', 'VCT']",MANUAL,Jul-14,"34,218 km","34,218km (23 Feb 2022)",Petrol,1st Owner,Valid upto Mar 2023 3rd Party,Non-Accidental,KOLKATA,"₹12,977/month","₹5,64,299"
 Xcent SX 1.2 OPT MANUAL,Hyundai,"['SX', '1.2', 'OPT']",MANUAL,Oct-14,"43,673 km","43,673km (31 Jan 2022)",Petrol,1st Owner,Valid upto Aug 2022 3rd Party,Non-Accidental,KOLKATA,"₹8,560/month","₹3,70,299"
 Xcent S 1.2 MANUAL,Hyundai,"['S', '1.2']",MANUAL,Jun-14,"71,520 km","71,520km (26 Feb 2022)",Petrol,1st Owner,Valid upto Mar 2023 3rd Party,Non-Accidental,KOLKATA,"₹8,692/month","₹3,76,099"
 Xcent S 1.2 OPT MANUAL,Hyundai,"['S', '1.2', 'OPT']",MANUAL,Feb-18,"36,053 km","36,053km (17 Feb 2022)",Petrol,1st Owner,Valid upto Mar 2023 3rd Party,Non-Accidental,KOLKATA,"₹8,986/month","₹3,88,999"
Celerio X Vxi MANUAL,Maruti,['Vxi'],MANUAL,Jun-18,"15,253 km","15,253km (25 Feb 2022)",Petrol,1st Owner,Valid upto Mar 2023 3rd Party,Non-Accidental,KOLKATA,"₹9,188/month","₹3,97,899"
ity ZX CVT AUTOMATIC,Honda,"['ZX', 'CVT']",AUTOMATIC,Mar-18,"16,322 km","16,322km (11 Mar 2022)",Petrol,1st Owner,Valid upto Mar 2023 3rd Party,Non-Accidental,KOLKATA,"₹21,830/month","₹9,53,099"
Swift VXI MANUAL,Maruti,['VXI'],MANUAL,Jan-14,"27,252 km","27,252km (12 Jan 2022)",Petrol,1st Owner,Valid upto Mar 2023 3rd Party,Non-Accidental,KOLKATA,"₹8,171/month","₹3,53,199"
Swift VXI MANUAL,Maruti,['VXI'],MANUAL,Jul-18,"7,199 km","7,199km (09 Mar 2022)",Petrol,1st Owner,Valid upto Mar 2023 3rd Party,Non-Accidental,KOLKATA,"₹12,376/month","₹5,37,899"
maze 1.2 VXMT I VTEC MANUAL,Honda,"['1.2', 'VXMT', 'I', 'VTEC']",MANUAL,Feb-15,"48,400 km","48,400km (01 Jan 2022)",Petrol,2nd Owner,Valid upto Jul 2022 Third_party,Non-Accidental,KOLKATA,"₹8,523/month","₹3,68,699"
Dzire VXI MANUAL,Maruti,['VXI'],MANUAL,Feb-18,"36,488 km","36,488km (01 Mar 2022)",Petrol,1st Owner,Valid upto Jul 2022 Comprehensive,Non-Accidental,KOLKATA,"₹13,988/month","₹6,08,699"
ity SV MT PETROL MANUAL,Honda,"['SV', 'MT', 'PETROL']",MANUAL,Aug-18,"71,118 km","71,118km (25 Dec 2021)",Petrol,2nd Owner,Valid upto Mar 2023 3rd Party,Non-Accidental,KOLKATA,"₹11,276/month","₹4,89,599"
Swift VXI MANUAL,Maruti,['VXI'],MANUAL,Mar-18,"3,688 km","3,688km (14 Jan 2022)",Petrol,1st Owner,Valid upto Mar 2023 3rd Party,Non-Accidental,KOLKATA,"₹12,376/month","₹5,37,899"
Swift VXI MANUAL,Maruti,['VXI'],MANUAL,Aug-15,"48,572 km","48,572km (25 Dec 2021)",Petrol,1st Owner,Valid upto Mar 2023 3rd Party,Non-Accidental,KOLKATA,"₹12,376/month","₹5,37,899"
Swift VXI MANUAL,Maruti,['VXI'],MANUAL,Apr-17,"30,217 km","30,217km (26 Dec 2021)",Petrol,1st Owner,Valid upto Mar 2023 3rd Party,Non-Accidental,KOLKATA,"₹12,376/month","₹5,37,899"
ity VX CVT PETROL AUTOMATIC,Honda,"['VX', 'CVT', 'PETROL']",AUTOMATIC,Jan-14,"77,564 km","77,564km (02 Mar 2022)",Petrol,1st Owner,Valid upto Mar 2023 3rd Party,Non-Accidental,KOLKATA,"₹14,571/month","₹6,34,299"
 Kwid RXL1.0 EASY-R AT MANUAL,Renault,"['RXL1.0', 'EASY-R', 'AT']",MANUAL,Nov-18,"22,989 km","22,989km (10 Jan 2022)",Petrol,1st Owner,Valid upto Mar 2023 3rd Party,Non-Accidental,KOLKATA,"₹7,405/month","₹3,19,599"
ity SV MT PETROL MANUAL,Honda,"['SV', 'MT', 'PETROL']",MANUAL,Sep-18,"92,311 km","92,311km (17 Dec 2021)",Petrol,1st Owner,Valid upto Mar 2023 3rd Party,Non-Accidental,KOLKATA,"₹9,598/month","₹4,15,899"
Swift VXI MANUAL,Maruti,['VXI'],MANUAL,Jan-18,"57,996 km","57,996km (03 Jan 2022)",Petrol,1st Owner,Valid upto Mar 2023 3rd Party,Non-Accidental,KOLKATA,"₹12,376/month","₹5,37,899"
Swift VXI MANUAL,Maruti,['VXI'],MANUAL,Apr-13,"36,905 km","36,905km (15 Feb 2022)",Petrol,1st Owner,Valid upto Mar 2023 3rd Party,Non-Accidental,KOLKATA,"₹12,376/month","₹5,37,899"
Dzire VXI MANUAL,Maruti,['VXI'],MANUAL,Sep-18,"28,902 km","28,902km (17 Jan 2022)",Petrol,1st Owner,Valid upto Mar 2023 3rd Party,Non-Accidental,KOLKATA,"₹13,480/month","₹5,86,399"
Swift Dzire VXI 1.2 BS IV MANUAL,Maruti,"['VXI', '1.2', 'BS', 'IV']",MANUAL,Apr-12,"60,640 km","60,640km (31 Dec 2021)",Petrol,2nd Owner,Valid upto Mar 2023 3rd Party,Non-Accidental,KOLKATA,"₹8,396/month","₹3,63,099"
Dzire VXI MANUAL,Maruti,['VXI'],MANUAL,Jan-13,"25,308 km","25,308km (04 Mar 2022)",Petrol,1st Owner,Valid upto Mar 2023 3rd Party,Non-Accidental,KOLKATA,"₹15,584/month","₹6,78,799"
Swift Dzire VXI 1.2 BS IV MANUAL,Maruti,"['VXI', '1.2', 'BS', 'IV']",MANUAL,Feb-18,"59,178 km","59,178km (03 Jan 2022)",Petrol,1st Owner,Valid upto Mar 2023 3rd Party,Non-Accidental,KOLKATA,"₹8,252/month","₹3,56,799"
Swift Dzire VXI 1.2 BS IV MANUAL,Maruti,"['VXI', '1.2', 'BS', 'IV']",MANUAL,Nov-12,"34,646 km","34,646km (12 Feb 2022)",Petrol,2nd Owner,Valid upto Mar 2023 3rd Party,Non-Accidental,KOLKATA,"₹9,311/month","₹4,03,299"
Baleno DELTA 1.2 K12 MANUAL,Maruti,"['DELTA', '1.2', 'K12']",MANUAL,Jan-15,"4,171 km","4,171km (23 Dec 2021)",Petrol,1st Owner,Valid upto Mar 2023 3rd Party,Non-Accidental,KOLKATA,"₹13,476/month","₹5,86,199"
Swift Dzire VDI BS IV MANUAL,Maruti,"['VDI', 'BS', 'IV']",MANUAL,Sep-17,"49,670 km","49,670km (28 Dec 2021)",Diesel,3rd Owner,Valid upto Mar 2023 3rd Party,Non-Accidental,KOLKATA,"₹8,373/month","₹3,62,099"
maze 1.2 SMT I VTEC MANUAL,Honda,"['1.2', 'SMT', 'I', 'VTEC']",MANUAL,May-15,"51,623 km","51,623km (09 Mar 2022)",Petrol,2nd Owner,Valid upto Mar 2023 3rd Party,Non-Accidental,KOLKATA,"₹7,788/month","₹3,36,399"
Dzire VXI MANUAL,Maruti,['VXI'],MANUAL,Jan-18,"43,421 km","43,421km (03 Dec 2021)",Petrol,1st Owner,Valid upto Mar 2023 3rd Party,Non-Accidental,KOLKATA,"₹12,642/month","₹5,49,599"
 i20 Active 1.2 S MANUAL,Hyundai,"['1.2', 'S']",MANUAL,Jan-13,"47,204 km","47,204km (24 Feb 2022)",Petrol,1st Owner,Valid upto Mar 2023 3rd Party,Non-Accidental,KOLKATA,"₹11,128/month","₹4,83,099"
Zen Estilo VXI MANUAL,Maruti,['VXI'],MANUAL,Apr-16,"37,265 km","37,265km (03 Mar 2022)",Petrol,1st Owner,Valid upto Mar 2023 3rd Party,Non-Accidental,KOLKATA,"₹5,971/month","₹2,56,599"
IGNIS ALPHA 1.2 K12 MANUAL,Maruti,"['ALPHA', '1.2', 'K12']",MANUAL,Jan-12,"38,316 km","38,316km (11 Feb 2022)",Petrol,1st Owner,Valid upto Aug 2022 Zero Depreciation,Non-Accidental,KOLKATA,"₹12,428/month","₹5,40,199"
 i20 SPORTZ 1.2 VTVT MANUAL,Hyundai,"['SPORTZ', '1.2', 'VTVT']",MANUAL,Jan-14,"84,343 km","84,343km (28 Dec 2021)",Petrol,1st Owner,Valid upto Mar 2023 3rd Party,Non-Accidental,KOLKATA,"₹8,416/month","₹3,63,999"
 i20 Active 1.2 S MANUAL,Hyundai,"['1.2', 'S']",MANUAL,Jul-13,"1,00,848 km","1,00,848km (14 Dec 2021)",Petrol,1st Owner,Valid upto Mar 2023 3rd Party,Non-Accidental,KOLKATA,"₹11,024/month","₹4,78,499"
Alto 800 LXI MANUAL,Maruti,['LXI'],MANUAL,Mar-18,982 km,982km (13 Jan 2022),Petrol,1st Owner,Valid upto Mar 2023 3rd Party,Non-Accidental,KOLKATA,"₹5,504/month","₹2,36,099"
Swift Dzire ZXI 1.2 BS IV MANUAL,Maruti,"['ZXI', '1.2', 'BS', 'IV']",MANUAL,Jan-13,"48,059 km","48,059km (22 Feb 2022)",Petrol,1st Owner,Valid upto Mar 2023 3rd Party,Non-Accidental,KOLKATA,"₹9,880/month","₹4,28,299"
 Eon D LITE PLUS MANUAL,Hyundai,"['D', 'LITE', 'PLUS']",MANUAL,Jul-15,"35,184 km","35,184km (23 Feb 2022)",Petrol,2nd Owner,Valid upto Mar 2023 3rd Party,Non-Accidental,KOLKATA,"₹5,015/month","₹2,14,599"
Baleno ZETA 1.2 K12 MANUAL,Maruti,"['ZETA', '1.2', 'K12']",MANUAL,Sep-18,"9,403 km","9,403km (02 Jan 2022)",Petrol,1st Owner,Valid upto Mar 2023 3rd Party,Non-Accidental,KOLKATA,"₹14,168/month","₹6,16,599"
 i10 SPORTZ 1.2 KAPPA2 MANUAL,Hyundai,"['SPORTZ', '1.2', 'KAPPA2']",MANUAL,Jan-15,"36,937 km","36,937km (31 Dec 2021)",Petrol,1st Owner,Valid upto Mar 2023 3rd Party,Non-Accidental,KOLKATA,"₹6,859/month","₹2,95,599"
Swift Dzire VXI 1.2 BS IV MANUAL,Maruti,"['VXI', '1.2', 'BS', 'IV']",MANUAL,Mar-14,"48,858 km","48,858km (02 Jan 2022)",Petrol,1st Owner,Valid upto Mar 2023 3rd Party,Non-Accidental,KOLKATA,"₹10,265/month","₹4,45,199"
Baleno DELTA 1.2 K12 MANUAL,Maruti,"['DELTA', '1.2', 'K12']",MANUAL,Aug-15,"28,329 km","28,329km (05 Feb 2022)",Petrol,1st Owner,Valid upto Nov 2022 Zero Depreciation,Non-Accidental,KOLKATA,"₹13,626/month","₹5,92,799"
 Elite i20 ASTA 1.2 MANUAL,Hyundai,"['ASTA', '1.2']",MANUAL,May-13,"67,254 km","67,254km (21 Dec 2021)",Petrol,1st Owner,Valid upto Mar 2023 3rd Party,Non-Accidental,KOLKATA,"₹11,276/month","₹4,89,599"
 i20 SPORTZ 1.2 VTVT MANUAL,Hyundai,"['SPORTZ', '1.2', 'VTVT']",MANUAL,Jul-19,"32,741 km","32,741km (07 Mar 2022)",Petrol,1st Owner,Valid upto Dec 2022 3rd Party,Non-Accidental,KOLKATA,"₹9,767/month","₹4,23,299"
 Elite i20 SPORTZ (O) 1.2 MANUAL,Hyundai,"['SPORTZ', '(O)', '1.2']",MANUAL,Jan-13,"33,677 km","33,677km (10 Feb 2022)",Petrol,1st Owner,Valid upto Mar 2023 3rd Party,Non-Accidental,KOLKATA,"₹11,602/month","₹5,03,899"
Alto 800 LXI MANUAL,Maruti,['LXI'],MANUAL,Jan-13,"40,771 km","40,771km (28 Dec 2021)",Petrol,2nd Owner,Valid upto Mar 2023 3rd Party,Non-Accidental,KOLKATA,"₹5,256/month","₹2,25,199"
 Kwid RXL MANUAL,Renault,['RXL'],MANUAL,Aug-18,498 km,498km (10 Jan 2022),Petrol,1st Owner,Valid upto Oct 2022 Zero Depreciation,Non-Accidental,KOLKATA,"₹9,013/month","₹3,90,199"
Alto 800 LXI MANUAL,Maruti,['LXI'],MANUAL,Apr-14,"3,904 km","3,904km (15 Nov 2021)",Petrol,1st Owner,Valid upto Mar 2023 3rd Party,Non-Accidental,KOLKATA,"₹5,584/month","₹2,39,599"
 Grand i10 SPORTS 1.2 VTVT MANUAL,Hyundai,"['SPORTS', '1.2', 'VTVT']",MANUAL,Jan-13,"31,165 km","31,165km (16 Feb 2022)",Petrol,1st Owner,Valid upto Mar 2023 3rd Party,Non-Accidental,KOLKATA,"₹8,553/month","₹3,69,999"
Baleno DELTA 1.2 K12 MANUAL,Maruti,"['DELTA', '1.2', 'K12']",MANUAL,Aug-14,"18,367 km","18,367km (01 Nov 2021)",Petrol,1st Owner,Valid upto Mar 2023 3rd Party,Non-Accidental,KOLKATA,"₹13,362/month","₹5,81,199"
Swift VXI MANUAL,Maruti,['VXI'],MANUAL,Dec-13,"45,966 km","45,966km (29 Dec 2021)",Petrol,1st Owner,Valid upto Mar 2023 3rd Party,Non-Accidental,KOLKATA,"₹9,049/month","₹3,91,799"
Alto 800 LXI MANUAL,Maruti,['LXI'],MANUAL,Jan-14,"40,650 km","40,650km (03 Mar 2022)",Petrol,1st Owner,Valid upto Mar 2023 3rd Party,Non-Accidental,KOLKATA,"₹5,547/month","₹2,37,999"
Swift VXI MANUAL,Maruti,['VXI'],MANUAL,Apr-13,"31,436 km","31,436km (27 Dec 2021)",Petrol,1st Owner,Valid upto Mar 2023 3rd Party,Non-Accidental,KOLKATA,"₹8,790/month","₹3,80,399"
Alto 800 LXI MANUAL,Maruti,['LXI'],MANUAL,Nov-17,"13,563 km","13,563km (28 Dec 2021)",Petrol,1st Owner,Valid upto Mar 2023 3rd Party,Non-Accidental,KOLKATA,"₹5,379/month","₹2,30,599"
Swift VXI MANUAL,Maruti,['VXI'],MANUAL,Jan-13,"37,144 km","37,144km (11 Nov 2021)",Petrol,1st Owner,Valid upto Mar 2023 3rd Party,Non-Accidental,KOLKATA,"₹9,361/month","₹4,05,499"
Alto 800 LXI MANUAL,Maruti,['LXI'],MANUAL,Jul-13,"30,544 km","30,544km (03 Mar 2022)",Petrol,2nd Owner,Valid upto Mar 2023 3rd Party,Non-Accidental,KOLKATA,"₹5,427/month","₹2,32,699"
 Elite i20 Magna Executive 1.2 MANUAL,Hyundai,"['Magna', 'Executive', '1.2']",MANUAL,Jan-19,"21,677 km","21,677km (05 Mar 2022)",Petrol,1st Owner,Valid upto Mar 2023 3rd Party,Non-Accidental,KOLKATA,"₹12,326/month","₹5,35,699"
Wagon R 1.0 VXI MANUAL,Maruti,['VXI'],MANUAL,Dec-12,"52,240 km","52,240km (09 Nov 2021)",Petrol,1st Owner,Valid upto Mar 2023 3rd Party,Non-Accidental,KOLKATA,"₹6,581/month","₹2,83,399"
Wagon R 1.0 VXI MANUAL,Maruti,['VXI'],MANUAL,Jan-14,"29,524 km","29,524km (11 Nov 2021)",Petrol,1st Owner,Valid upto Oct 2022 Comp,Non-Accidental,KOLKATA,"₹6,688/month","₹2,88,099"
Swift VXI MANUAL,Maruti,['VXI'],MANUAL,Nov-20,"60,955 km","60,955km (24 Dec 2021)",Petrol,1st Owner,Valid upto Mar 2023 3rd Party,Non-Accidental,KOLKATA,"₹12,966/month","₹5,63,799"
Alto K10 VXI MANUAL,Maruti,['VXI'],MANUAL,Jun-15,"27,650 km","27,650km (03 Nov 2021)",Petrol,2nd Owner,Valid upto Mar 2023 3rd Party,Non-Accidental,KOLKATA,"₹5,160/month","₹2,20,999"
 Grand i10 MAGNA 1.2 KAPPA VTVT MANUAL,Hyundai,"['MAGNA', '1.2', 'KAPPA', 'VTVT']",MANUAL,May-14,"73,877 km","73,877km (28 Dec 2021)",Petrol,1st Owner,Valid upto Aug 2022 Zero_Dep,Non-Accidental,KOLKATA,"₹8,148/month","₹3,52,199"
 Kwid 1.0 RXT Opt MANUAL,Renault,"['1.0', 'RXT', 'Opt']",MANUAL,Dec-18,"14,740 km","14,740km (16 Feb 2022)",Petrol,1st Owner,Valid upto Jan 2024 3rd Party,Non-Accidental,KOLKATA,"₹9,366/month","₹4,05,699"
 Elite i20 MAGNA 1.2 MANUAL,Hyundai,"['MAGNA', '1.2']",MANUAL,Jan-12,"47,804 km","47,804km (12 Mar 2022)",Petrol,2nd Owner,Valid upto Mar 2023 3rd Party,Non-Accidental,KOLKATA,"₹9,769/month","₹4,23,399"
 Grand i10 SPORTS 1.2 VTVT MANUAL,Hyundai,"['SPORTS', '1.2', 'VTVT']",MANUAL,Jan-14,"41,654 km","41,654km (03 Jan 2022)",Petrol,1st Owner,Valid upto Jul 2022 Third Party,Non-Accidental,KOLKATA,"₹9,029/month","₹3,90,899"
 NEW SANTRO SPORTZ 1.1 MANUAL,Hyundai,"['SPORTZ', '1.1']",MANUAL,Jan-18,"12,673 km","12,673km (22 Feb 2022)",Petrol,1st Owner,Valid upto Mar 2023 3rd Party,Non-Accidental,KOLKATA,"₹11,354/month","₹4,92,999"
Alto K10 VXI MANUAL,Maruti,['VXI'],MANUAL,Mar-18,"36,989 km","36,989km (20 Dec 2021)",Petrol,1st Owner,Valid upto Mar 2023 3rd Party,Non-Accidental,KOLKATA,"₹5,249/month","₹2,24,899"
Wagon R 1.0 LXI MANUAL,Maruti,['LXI'],MANUAL,Nov-20,"63,459 km","63,459km (11 Nov 2021)",Petrol,1st Owner,Valid upto Mar 2023 3rd Party,Non-Accidental,KOLKATA,"₹6,586/month","₹2,83,599"
Wagon R 1.0 VXI MANUAL,Maruti,['VXI'],MANUAL,Oct-12,"26,371 km","26,371km (12 Mar 2022)",Petrol,1st Owner,Valid upto Mar 2023 3rd Party,Non-Accidental,KOLKATA,"₹9,391/month","₹4,06,799"
 Grand i10 MAGNA 1.2 VTVT MANUAL,Hyundai,"['MAGNA', '1.2', 'VTVT']",MANUAL,Jan-18,"22,017 km","22,017km (08 Nov 2021)",Petrol,2nd Owner,Valid upto Mar 2023 3rd Party,Non-Accidental,KOLKATA,"₹10,072/month","₹4,36,699"
 Kwid 1.0 CLIMBER OPT MANUAL,Renault,"['1.0', 'CLIMBER', 'OPT']",MANUAL,Jan-14,690 km,690km (15 Jan 2022),Petrol,1st Owner,Valid upto Nov 2023 Third_party,Non-Accidental,KOLKATA,"₹9,981/month","₹4,32,699"
Wagon R 1.0 VXI MANUAL,Maruti,['VXI'],MANUAL,Oct-18,"27,508 km","27,508km (01 Feb 2022)",Petrol,1st Owner,Valid upto Mar 2023 3rd Party,Non-Accidental,KOLKATA,"₹6,857/month","₹2,95,499"
 Grand i10 SPORTZ O 1.2 MANUAL,Hyundai,"['SPORTZ', 'O', '1.2']",MANUAL,Jul-18,"9,847 km","9,847km (09 Nov 2021)",Petrol,2nd Owner,Valid upto Mar 2023 3rd Party,Non-Accidental,KOLKATA,"₹11,534/month","₹5,00,899"
 Grand i10 ASTA 1.2 (O) VTVT MANUAL,Hyundai,"['ASTA', '1.2', '(O)', 'VTVT']",MANUAL,Jan-14,"34,645 km","34,645km (17 Feb 2022)",Petrol,1st Owner,Valid upto Mar 2023 3rd Party,Non-Accidental,KOLKATA,"₹10,340/month","₹4,48,499"
 NEW SANTRO SPORTZ 1.1 MANUAL,Hyundai,"['SPORTZ', '1.1']",MANUAL,Mar-18,"13,668 km","13,668km (20 Jan 2022)",Petrol,2nd Owner,Valid upto Mar 2023 3rd Party,Non-Accidental,KOLKATA,"₹10,737/month","₹4,65,899"
Wagon R 1.0 VXI MANUAL,Maruti,['VXI'],MANUAL,Jan-14,"23,896 km","23,896km (24 Jan 2022)",Petrol,1st Owner,Valid upto Aug 2022 3rd Party,Non-Accidental,KOLKATA,"₹9,917/month","₹4,29,899"
Alto 800 LXI MANUAL,Maruti,['LXI'],MANUAL,Apr-13,"1,37,199 km","1,37,199km (08 Mar 2022)",Petrol,1st Owner,Valid upto Mar 2023 3rd Party,Non-Accidental,KOLKATA,"₹5,329/month","₹2,28,399"
Alto K10 VXI MANUAL,Maruti,['VXI'],MANUAL,Apr-14,"43,650 km","43,650km (07 Jan 2022)",Petrol,1st Owner,Valid upto Mar 2023 3rd Party,Non-Accidental,KOLKATA,"₹7,305/month","₹3,15,199"
Wagon R 1.0 VXI MANUAL,Maruti,['VXI'],MANUAL,Aug-17,"35,834 km","35,834km (25 Dec 2021)",Petrol,1st Owner,Valid upto Jul 2022 Comp,Non-Accidental,KOLKATA,"₹7,380/month","₹3,18,499"
Alto K10 VXI MANUAL,Maruti,['VXI'],MANUAL,Jul-15,"41,992 km","41,992km (10 Jan 2022)",Petrol,1st Owner,Valid upto Mar 2023 3rd Party,Non-Accidental,KOLKATA,"₹5,365/month","₹2,29,999"
Wagon R 1.0 VXI MANUAL,Maruti,['VXI'],MANUAL,Mar-18,"37,944 km","37,944km (31 Jan 2022)",Petrol,1st Owner,Valid upto Jun 2022 Comprehensive,Non-Accidental,KOLKATA,"₹7,342/month","₹3,16,799"
Baleno ALPHA 1.2 K12 MANUAL,Maruti,"['ALPHA', '1.2', 'K12']",MANUAL,Sep-17,"26,028 km","26,028km (19 Jan 2022)",Petrol,1st Owner,Valid upto Mar 2023 3rd Party,Non-Accidental,KOLKATA,"₹14,582/month","₹6,34,799"
Wagon R 1.0 VXI MANUAL,Maruti,['VXI'],MANUAL,Mar-19,"53,124 km","53,124km (17 Jan 2022)",Petrol,1st Owner,Valid upto Mar 2023 3rd Party,Non-Accidental,KOLKATA,"₹7,387/month","₹3,18,799"
 Grand i10 ASTA 1.2 VTVT MANUAL,Hyundai,"['ASTA', '1.2', 'VTVT']",MANUAL,Jan-14,"22,094 km","22,094km (26 Feb 2022)",Petrol,1st Owner,Valid upto Mar 2023 3rd Party,Non-Accidental,KOLKATA,"₹12,836/month","₹5,58,099"
 Eon MAGNA PLUS MANUAL,Hyundai,"['MAGNA', 'PLUS']",MANUAL,Sep-19,"25,833 km","25,833km (03 Mar 2022)",Petrol,1st Owner,Valid upto Mar 2023 3rd Party,Non-Accidental,KOLKATA,"₹7,100/month","₹3,06,199"
 NEW SANTRO SPORTZ 1.1 MANUAL,Hyundai,"['SPORTZ', '1.1']",MANUAL,Jan-14,"2,096 km","2,096km (10 Mar 2022)",Petrol,1st Owner,Valid upto Mar 2023 3rd Party,Non-Accidental,KOLKATA,"₹11,697/month","₹5,08,099"
Alto 800 LXI MANUAL,Maruti,['LXI'],MANUAL,Jan-15,"51,024 km","51,024km (12 Mar 2022)",Petrol,1st Owner,Valid upto Mar 2023 3rd Party,Non-Accidental,KOLKATA,"₹5,472/month","₹2,34,699"
S PRESSO VXI PLUS MANUAL,Maruti,"['VXI', 'PLUS']",MANUAL,Nov-15,"21,938 km","21,938km (31 Dec 2021)",Petrol,1st Owner,Valid upto Mar 2023 3rd Party,Non-Accidental,KOLKATA,"₹10,060/month","₹4,36,199"
Wagon R 1.0 VXI MANUAL,Maruti,['VXI'],MANUAL,Dec-14,"33,309 km","33,309km (09 Mar 2022)",Petrol,1st Owner,Valid upto Mar 2023 3rd Party,Non-Accidental,KOLKATA,"₹7,635/month","₹3,29,699"
Wagon R 1.0 VXI MANUAL,Maruti,['VXI'],MANUAL,Sep-14,"53,252 km","53,252km (24 Dec 2021)",Petrol,1st Owner,Valid upto Mar 2023 3rd Party,Non-Accidental,KOLKATA,"₹7,681/month","₹3,31,699"
Wagon R 1.0 VXI MANUAL,Maruti,['VXI'],MANUAL,Apr-18,"26,359 km","26,359km (02 Nov 2021)",Petrol,1st Owner,Valid upto Mar 2023 3rd Party,Non-Accidental,KOLKATA,"₹7,808/month","₹3,37,299"
Wagon R 1.0 VXI MANUAL,Maruti,['VXI'],MANUAL,Jan-14,"58,110 km","58,110km (20 Jan 2022)",Petrol,1st Owner,Valid upto Nov 2022 Comp,Non-Accidental,KOLKATA,"₹7,929/month","₹3,42,599"
Alto 800 LXI MANUAL,Maruti,['LXI'],MANUAL,Jun-16,"27,137 km","27,137km (03 Feb 2022)",Petrol,1st Owner,Valid upto Mar 2023 3rd Party,Non-Accidental,KOLKATA,"₹5,677/month","₹2,43,699"
Wagon R 1.0 VXI MANUAL,Maruti,['VXI'],MANUAL,Jan-14,"32,370 km","32,370km (16 Feb 2022)",Petrol,1st Owner,Valid upto Sept 2022 Comprehensive,Non-Accidental,KOLKATA,"₹7,861/month","₹3,39,599"
Alto 800 LXI MANUAL,Maruti,['LXI'],MANUAL,Jan-14,"34,696 km","34,696km (25 Dec 2021)",Petrol,1st Owner,Valid upto Mar 2023 3rd Party,Non-Accidental,KOLKATA,"₹6,782/month","₹2,92,199"
Wagon R 1.0 VXI MANUAL,Maruti,['VXI'],MANUAL,Apr-14,"52,722 km","52,722km (05 Mar 2022)",Petrol,1st Owner,Valid upto Mar 2023 3rd Party,Non-Accidental,KOLKATA,"₹7,754/month","₹3,34,899"
Alto K10 VXI MANUAL,Maruti,['VXI'],MANUAL,Jul-14,"49,194 km","49,194km (30 Dec 2021)",Petrol,1st Owner,Valid upto Jul 2022 Comp,Non-Accidental,KOLKATA,"₹6,422/month","₹2,76,399"
Alto 800 VXI MANUAL,Maruti,['VXI'],MANUAL,Sep-20,"20,801 km","20,801km (03 Jan 2022)",Petrol,1st Owner,Valid upto Mar 2023 3rd Party,Non-Accidental,KOLKATA,"₹5,470/month","₹2,34,599"
Alto 800 LXI MANUAL,Maruti,['LXI'],MANUAL,Sep-15,"29,950 km","29,950km (14 Dec 2021)",Petrol,1st Owner,Valid upto Jul 2022 Comp,Non-Accidental,KOLKATA,"₹5,356/month","₹2,29,599"
Wagon R 1.0 VXI MANUAL,Maruti,['VXI'],MANUAL,Feb-18,"64,101 km","64,101km (03 Mar 2022)",Petrol,1st Owner,Valid upto Mar 2023 3rd Party,Non-Accidental,KOLKATA,"₹7,840/month","₹3,38,699"
Alto 800 LXI MANUAL,Maruti,['LXI'],MANUAL,Sep-19,"24,316 km","24,316km (31 Dec 2021)",Petrol,1st Owner,Valid upto Mar 2023 3rd Party,Non-Accidental,KOLKATA,"₹5,393/month","₹2,31,199"
S PRESSO VXI MANUAL,Maruti,['VXI'],MANUAL,Dec-19,"9,864 km","9,864km (28 Jan 2022)",Petrol,1st Owner,Valid upto Sept 2022 Zero Depreciation,Non-Accidental,KOLKATA,"₹10,359/month","₹4,49,299"
 Grand i10 SPORTS 1.2 VTVT MANUAL,Hyundai,"['SPORTS', '1.2', 'VTVT']",MANUAL,Jun-16,"34,200 km","34,200km (12 Jan 2022)",Petrol,1st Owner,Valid upto Aug 2022 Comp,Non-Accidental,KOLKATA,"₹8,733/month","₹3,77,899"
Alto 800 LXI MANUAL,Maruti,['LXI'],MANUAL,Jan-17,"30,398 km","30,398km (28 Dec 2021)",Petrol,1st Owner,Valid upto Mar 2023 3rd Party,Non-Accidental,KOLKATA,"₹7,371/month","₹3,18,099"
Alto VXI MANUAL,Maruti,['VXI'],MANUAL,Nov-19,"5,197 km","5,197km (23 Dec 2021)",Petrol,1st Owner,Valid upto Sept 2022 Zero_Dep,Non-Accidental,KOLKATA,"₹8,751/month","₹3,78,699"
Alto VXI MANUAL,Maruti,['VXI'],MANUAL,Apr-18,"14,963 km","14,963km (11 Jan 2022)",Petrol,1st Owner,Valid upto Dec 2022 Zero_Dep,Non-Accidental,KOLKATA,"₹8,548/month","₹3,69,799"
 Grand i10 MAGNA 1.2 KAPPA VTVT MANUAL,Hyundai,"['MAGNA', '1.2', 'KAPPA', 'VTVT']",MANUAL,Sep-17,"49,503 km","49,503km (17 Feb 2022)",Petrol,1st Owner,Valid upto Mar 2023 3rd Party,Non-Accidental,KOLKATA,"₹8,815/month","₹3,81,499"
 Grand i10 MAGNA 1.2 VTVT MANUAL,Hyundai,"['MAGNA', '1.2', 'VTVT']",MANUAL,Jul-14,"20,561 km","20,561km (28 Dec 2021)",Petrol,1st Owner,Valid upto Mar 2023 3rd Party,Non-Accidental,KOLKATA,"₹9,455/month","₹4,09,599"
Alto LXI MANUAL,Maruti,['LXI'],MANUAL,Feb-14,"11,526 km","11,526km (08 Mar 2022)",Petrol,1st Owner,Valid upto Nov 2022 Comprehensive,Non-Accidental,KOLKATA,"₹7,984/month","₹3,44,999"
Alto 800 LXI MANUAL,Maruti,['LXI'],MANUAL,Jan-16,"11,462 km","11,462km (17 Jan 2022)",Petrol,1st Owner,Valid upto Mar 2023 3rd Party,Non-Accidental,KOLKATA,"₹7,403/month","₹3,19,499"
 Grand i10 MAGNA 1.2 VTVT MANUAL,Hyundai,"['MAGNA', '1.2', 'VTVT']",MANUAL,Jan-20,"24,906 km","24,906km (27 Oct 2021)",Petrol,1st Owner,Valid upto Mar 2023 3rd Party,Non-Accidental,KOLKATA,"₹10,206/month","₹4,42,599"
Alto 800 LXI MANUAL,Maruti,['LXI'],MANUAL,Mar-20,"27,011 km","27,011km (16 Nov 2021)",Petrol,2nd Owner,Valid upto Sept 2022 Comp,Non-Accidental,KOLKATA,"₹5,522/month","₹2,36,899"
Alto 800 LXI MANUAL,Maruti,['LXI'],MANUAL,Sep-20,"5,387 km","5,387km (13 Nov 2021)",Petrol,1st Owner,Valid upto Mar 2023 3rd Party,Non-Accidental,KOLKATA,"₹5,898/month","₹2,53,399"
Wagon R 1.0 VXI MANUAL,Maruti,['VXI'],MANUAL,Jan-15,"81,832 km","81,832km (03 Jan 2022)",Petrol,1st Owner,Valid upto Mar 2023 3rd Party,Non-Accidental,KOLKATA,"₹8,171/month","₹3,53,199"
Alto LXI MANUAL,Maruti,['LXI'],MANUAL,Aug-19,"4,113 km","4,113km (23 Dec 2021)",Petrol,1st Owner,Valid upto Jul 2022 Comp,Non-Accidental,KOLKATA,"₹8,758/month","₹3,78,999"
Alto VXI MANUAL,Maruti,['VXI'],MANUAL,Dec-15,"7,198 km","7,198km (27 Dec 2021)",Petrol,1st Owner,Valid upto Mar 2023 3rd Party,Non-Accidental,KOLKATA,"₹8,560/month","₹3,70,299"
Alto VXI MANUAL,Maruti,['VXI'],MANUAL,Sep-20,"1,584 km","1,584km (30 Dec 2021)",Petrol,1st Owner,Valid upto Mar 2023 3rd Party,Non-Accidental,KOLKATA,"₹8,323/month","₹3,59,899"
 Grand i10 SPORTS 1.2 VTVT MANUAL,Hyundai,"['SPORTS', '1.2', 'VTVT']",MANUAL,Feb-15,"20,306 km","20,306km (24 Jan 2022)",Petrol,2nd Owner,Valid upto Mar 2023 3rd Party,Non-Accidental,KOLKATA,"₹9,304/month","₹4,02,999"
Eeco 5 STR WITH AC PLUSHTR MANUAL,Maruti,"['5', 'STR', 'WITH', 'AC', 'PLUSHTR']",MANUAL,Nov-17,"23,545 km","23,545km (31 Dec 2021)",Petrol,1st Owner,Valid upto Mar 2023 3rd Party,Non-Accidental,KOLKATA,"₹9,304/month","₹4,02,999"
Alto K10 VXI MANUAL,Maruti,['VXI'],MANUAL,Apr-15,"28,718 km","28,718km (12 Jan 2022)",Petrol,1st Owner,Valid upto Mar 2023 3rd Party,Non-Accidental,KOLKATA,"₹6,465/month","₹2,78,299"
Alto VXI MANUAL,Maruti,['VXI'],MANUAL,Jul-17,"6,207 km","6,207km (28 Jan 2022)",Petrol,1st Owner,Valid upto Nov 2022 Comprehensive,Non-Accidental,KOLKATA,"₹9,197/month","₹3,98,299"
Alto K10 VXI MANUAL,Maruti,['VXI'],MANUAL,Jan-15,"13,498 km","13,498km (19 Nov 2021)",Petrol,1st Owner,Valid upto Mar 2023 3rd Party,Non-Accidental,KOLKATA,"₹6,456/month","₹2,77,899"
Alto 800 VXI MANUAL,Maruti,['VXI'],MANUAL,Jul-15,"55,280 km","55,280km (14 Dec 2021)",Petrol,1st Owner,Valid upto Mar 2023 3rd Party,Non-Accidental,KOLKATA,"₹6,511/month","₹2,80,299"
Alto 800 VXI MANUAL,Maruti,['VXI'],MANUAL,May-15,"40,883 km","40,883km (02 Nov 2021)",Petrol,1st Owner,Valid upto Jul 2022 Third Party,Non-Accidental,KOLKATA,"₹5,670/month","₹2,43,399"
Wagon R 1.0 VXI MANUAL,Maruti,['VXI'],MANUAL,Jan-15,"35,717 km","35,717km (05 Mar 2022)",Petrol,1st Owner,Valid upto Jul 2022 Comprehensive,Non-Accidental,KOLKATA,"₹9,457/month","₹4,09,699"
Alto 800 LXI MANUAL,Maruti,['LXI'],MANUAL,Mar-17,"22,237 km","22,237km (14 Feb 2022)",Petrol,1st Owner,Valid upto Mar 2023 3rd Party,Non-Accidental,KOLKATA,"₹6,089/month","₹2,61,799"
Alto 800 LXI MANUAL,Maruti,['LXI'],MANUAL,Feb-16,"42,467 km","42,467km (05 Feb 2022)",Petrol,1st Owner,Valid upto Mar 2023 3rd Party,Non-Accidental,KOLKATA,"₹5,962/month","₹2,56,199"
Alto 800 VXI MANUAL,Maruti,['VXI'],MANUAL,May-16,"25,652 km","25,652km (23 Dec 2021)",Petrol,1st Owner,Valid upto Aug 2022 Comp,Non-Accidental,KOLKATA,"₹5,964/month","₹2,56,299"
Alto 800 LXI MANUAL,Maruti,['LXI'],MANUAL,Dec-17,"4,329 km","4,329km (31 Dec 2021)",Petrol,1st Owner,Valid upto Mar 2023 3rd Party,Non-Accidental,KOLKATA,"₹6,169/month","₹2,65,299"
 Grand i10 SPORTS 1.2 VTVT MANUAL,Hyundai,"['SPORTS', '1.2', 'VTVT']",MANUAL,Feb-19,"26,485 km","26,485km (21 Jan 2022)",Petrol,2nd Owner,Valid upto Mar 2023 3rd Party,Non-Accidental,KOLKATA,"₹10,436/month","₹4,52,699"
Alto 800 LXI MANUAL,Maruti,['LXI'],MANUAL,Nov-17,"15,753 km","15,753km (10 Jan 2022)",Petrol,1st Owner,Valid upto Mar 2023 3rd Party,Non-Accidental,KOLKATA,"₹5,939/month","₹2,55,199"
Alto 800 VXI MANUAL,Maruti,['VXI'],MANUAL,Mar-19,"7,558 km","7,558km (25 Feb 2022)",Petrol,1st Owner,Valid upto Jul 2022 Comprehensive,Non-Accidental,KOLKATA,"₹6,513/month","₹2,80,399"
Alto 800 LXI MANUAL,Maruti,['LXI'],MANUAL,Mar-15,"23,793 km","23,793km (05 Feb 2022)",Petrol,1st Owner,Valid upto Mar 2023 3rd Party,Non-Accidental,KOLKATA,"₹6,488/month","₹2,79,299"
Alto 800 LXI MANUAL,Maruti,['LXI'],MANUAL,Jul-15,"7,646 km","7,646km (27 Dec 2021)",Petrol,1st Owner,Valid upto Mar 2023 3rd Party,Non-Accidental,KOLKATA,"₹7,838/month","₹3,38,599"
Alto 800 VXI MANUAL,Maruti,['VXI'],MANUAL,Jan-15,"16,909 km","16,909km (30 Dec 2021)",Petrol,1st Owner,Valid upto Mar 2023 3rd Party,Non-Accidental,KOLKATA,"₹6,738/month","₹2,90,299"
Alto 800 VXI MANUAL,Maruti,['VXI'],MANUAL,Jan-15,"5,017 km","5,017km (21 Feb 2022)",Petrol,1st Owner,Valid upto Mar 2023 3rd Party,Non-Accidental,KOLKATA,"₹7,535/month","₹3,25,299"
Swift Dzire VXI 1.2 BS IV MANUAL,Maruti,"['VXI', '1.2', 'BS', 'IV']",MANUAL,Aug-15,"1,26,168 km","1,26,168km (23 Dec 2021)",Petrol,1st Owner,Valid upto Mar 2023 3rd Party,Non-Accidental,KOLKATA,"₹9,976/month","₹4,32,499"
Swift Dzire VXI 1.2 BS IV MANUAL,Maruti,"['VXI', '1.2', 'BS', 'IV']",MANUAL,Apr-14,"56,321 km","56,321km (25 Dec 2021)",Petrol,1st Owner,Valid upto Mar 2023 3rd Party,Non-Accidental,KOLKATA,"₹10,072/month","₹4,36,699"
Celerio VXI MANUAL,Maruti,['VXI'],MANUAL,Dec-12,"9,471 km","9,471km (08 Jan 2022)",Petrol,1st Owner,Valid upto Mar 2023 3rd Party,Non-Accidental,KOLKATA,"₹8,735/month","₹3,77,999"
Celerio VXI MANUAL,Maruti,['VXI'],MANUAL,Mar-18,"6,777 km","6,777km (26 Nov 2021)",Petrol,1st Owner,Valid upto Mar 2023 3rd Party,Non-Accidental,KOLKATA,"₹8,416/month","₹3,63,999"
 Xcent S 1.2 OPT MANUAL,Hyundai,"['S', '1.2', 'OPT']",MANUAL,Mar-18,"52,947 km","52,947km (28 Jan 2022)",Petrol,1st Owner,Valid upto Sept 2022 Comprehensive,Non-Accidental,KOLKATA,"₹8,986/month","₹3,88,999"
Swift ZXI MANUAL,Maruti,['ZXI'],MANUAL,Apr-18,"46,387 km","46,387km (16 Feb 2022)",Petrol,2nd Owner,Valid upto Sept 2022 3rd Party,Non-Accidental,KOLKATA,"₹9,384/month","₹4,06,499"
 i20 MAGNA O 1.2 MANUAL,Hyundai,"['MAGNA', 'O', '1.2']",MANUAL,Sep-18,"66,112 km","66,112km (17 Mar 2022)",Petrol,2nd Owner,Valid upto Mar 2023 3rd Party,Non-Accidental,KOLKATA,"₹7,446/month","₹3,21,399"
Swift VXI MANUAL,Maruti,['VXI'],MANUAL,Aug-16,"44,698 km","44,698km (01 Dec 2021)",Petrol,1st Owner,Valid upto Mar 2023 3rd Party,Non-Accidental,KOLKATA,"₹12,376/month","₹5,37,899"
 Kwid CLIMBER 1.0 MANUAL,Renault,"['CLIMBER', '1.0']",MANUAL,Dec-17,"3,331 km","3,331km (24 Dec 2021)",Petrol,1st Owner,Valid upto Mar 2023 3rd Party,Non-Accidental,KOLKATA,"₹9,216/month","₹3,99,099"
Wagon R 1.0 VXI MANUAL,Maruti,['VXI'],MANUAL,Jan-13,"13,700 km","13,700km (16 Mar 2022)",Petrol,1st Owner,Valid upto Mar 2023 3rd Party,Non-Accidental,KOLKATA,"₹10,493/month","₹4,55,199"
Wagon R 1.0 VXI MANUAL,Maruti,['VXI'],MANUAL,May-18,"32,472 km","32,472km (17 Jan 2022)",Petrol,1st Owner,Valid upto Dec 2022 3rd Party,Non-Accidental,KOLKATA,"₹9,762/month","₹4,23,099"
Wagon R 1.0 VXI MANUAL,Maruti,['VXI'],MANUAL,Apr-16,"50,249 km","50,249km (15 Feb 2022)",Petrol,1st Owner,Valid upto Sept 2022 Comprehensive,Non-Accidental,KOLKATA,"₹8,385/month","₹3,62,599"
Baleno ZETA 1.2 K12 MANUAL,Maruti,"['ZETA', '1.2', 'K12']",MANUAL,Mar-19,"13,311 km","13,311km (18 Dec 2021)",Petrol,1st Owner,Valid upto Mar 2023 3rd Party,Non-Accidental,KOLKATA,"₹13,603/month","₹5,91,799"
