Name,Brand,Model,Transmission,Year of Purchase,Kilometers Driven,Last Service,Fuel Type,Owner,Insurance,History,Location,EMI per month,Price
osport 1.5 TITANIUMTDCI OPT MANUAL,Ford,"['1.5', 'TITANIUMTDCI', 'OPT']",MANUAL,August 2013,"1,79,045 km","1,79,045km (26 Feb 2022)",Diesel,1st Owner,Valid upto Mar 2023 3rd Party,Non-Accidental,HYDERABAD,"₹11,686/month","₹5,07,599"
 i20 Active 1.2 S MANUAL,Hyundai,"['1.2', 'S']",MANUAL,May 2016,"40,586 km","40,586km (26 Feb 2022)",Petrol,1st Owner,Valid upto Dec 2022 Comprehensive,Non-Accidental,HYDERABAD,"₹14,252/month","₹6,20,299"
ctavia Style 1.4 TSI MT MANUAL,Skoda,"['Style', '1.4', 'TSI', 'MT']",MANUAL,July 2017,"47,264 km","47,264km (04 Feb 2022)",Petrol,1st Owner,Valid upto Mar 2023 3rd Party,Non-Accidental,HYDERABAD,"₹29,567/month","₹12,92,899"
Vitara Brezza VDI AMT AUTOMATIC,Maruti,"['VDI', 'AMT']",AUTOMATIC,July 2018,"81,477 km","81,477km (18 Jan 2022)",Diesel,2nd Owner,Valid upto Mar 2023 3rd Party,Non-Accidental,HYDERABAD,"₹18,355/month","₹8,00,499"
 Verna 1.6 CRDI SX + AT AUTOMATIC,Hyundai,"['1.6', 'CRDI', 'SX', '+', 'AT']",AUTOMATIC,March 2018,"33,367 km","33,367km (11 Mar 2022)",Diesel,1st Owner,Valid upto Mar 2023 3rd Party,Non-Accidental,HYDERABAD,"₹24,489/month","₹10,69,899"
 VENUE 1.5 SX CRDI MT MANUAL,Hyundai,"['1.5', 'SX', 'CRDI', 'MT']",MANUAL,May 2020,"40,139 km","40,139km (07 Jan 2022)",Diesel,1st Owner,Valid upto Mar 2023 3rd Party,Non-Accidental,HYDERABAD,"₹23,872/month","₹10,42,799"
Ciaz ALPHA 1.5 AT VTVT SHVS,Maruti,"['ALPHA', '1.5', 'AT', 'VTVT']",NA,February 2020,"35,019 km","35,019km (27 Jan 2022)",Petrol,1st Owner,Valid upto Mar 2023 3rd Party,Non-Accidental,HYDERABAD,"₹24,794/month","₹10,83,299"
a XUV500 W11 AUTOMATIC,Mahindra,['W11'],AUTOMATIC,February 2021,"14,755 km","14,755km (10 Mar 2022)",Diesel,1st Owner,Valid upto Mar 2023 3rd Party,Non-Accidental,HYDERABAD,"₹52,521/month","₹23,00,999"
Baleno DELTA 1.2 K12 MANUAL,Maruti,"['DELTA', '1.2', 'K12']",MANUAL,February 2018,"49,094 km","49,094km (23 Feb 2022)",Petrol,1st Owner,Valid upto Mar 2023 3rd Party,Non-Accidental,HYDERABAD,"₹14,878/month","₹6,47,799"
osport 1.5 TITANIUM PLUS TI VCT AT AUTOMATIC,Ford,"['1.5', 'TITANIUM', 'PLUS', 'TI', 'VCT', 'AT']",AUTOMATIC,November 2020,"5,634 km","5,634km (10 Jan 2022)",Petrol,1st Owner,Valid upto Nov 2023 Third_party,Non-Accidental,HYDERABAD,"₹28,834/month","₹12,60,699"
Alto K10 LXI MANUAL,Maruti,['LXI'],MANUAL,March 2011,"86,129 km","86,129km (10 Mar 2022)",Petrol,2nd Owner,Valid upto Mar 2023 3rd Party,Non-Accidental,HYDERABAD,"₹4,935/month","₹2,11,099"
Alto K10 VXI MANUAL,Maruti,['VXI'],MANUAL,April 2015,"2,34,695 km","2,34,695km (20 Jan 2022)",Petrol,1st Owner,Valid upto Mar 2023 3rd Party,Non-Accidental,HYDERABAD,"₹6,351/month","₹2,73,299"
Wagon R 1.0 VXI MANUAL,Maruti,['VXI'],MANUAL,September 2012,"78,088 km","78,088km (01 Mar 2022)",Petrol,1st Owner,Valid upto Oct 2022 Comprehensive,Non-Accidental,HYDERABAD,"₹8,416/month","₹3,63,999"
 Grand i10 SPORTZ (O) 1.2 AT VTVT AUTOMATIC,Hyundai,"['SPORTZ', '(O)', '1.2', 'AT', 'VTVT']",AUTOMATIC,January 2018,"41,620 km","41,620km (03 Mar 2022)",Petrol,1st Owner,Valid upto Mar 2023 3rd Party,Non-Accidental,HYDERABAD,"₹15,106/month","₹6,57,799"
Wagon R 1.0 VXI MANUAL,Maruti,['VXI'],MANUAL,October 2012,"86,777 km","86,777km (03 Mar 2022)",Petrol,2nd Owner,Valid upto Mar 2023 3rd Party,Non-Accidental,HYDERABAD,"₹8,161/month","₹3,52,799"
Wagon R 1.0 VXI MANUAL,Maruti,['VXI'],MANUAL,July 2016,"55,405 km","55,405km (03 Feb 2022)",Petrol,1st Owner,Valid upto Oct 2022 Comprehensive,Non-Accidental,HYDERABAD,"₹9,692/month","₹4,19,999"
Wagon R 1.0 VXI MANUAL,Maruti,['VXI'],MANUAL,February 2016,"39,789 km","39,789km (22 Jan 2022)",Petrol,1st Owner,Valid upto Mar 2023 3rd Party,Non-Accidental,HYDERABAD,"₹9,193/month","₹3,98,099"
Wagon R 1.0 VXI AMT AUTOMATIC,Maruti,"['VXI', 'AMT']",AUTOMATIC,March 2016,"46,870 km","46,870km (15 Feb 2022)",Petrol,1st Owner,Valid upto Mar 2023 3rd Party,Non-Accidental,HYDERABAD,"₹9,942/month","₹4,30,999"
Eeco 7 STR MANUAL,Maruti,"['7', 'STR']",MANUAL,June 2018,"40,023 km","40,023km (09 Mar 2022)",Petrol,2nd Owner,Valid upto Mar 2023 3rd Party,Non-Accidental,HYDERABAD,"₹9,268/month","₹4,01,399"
Wagon R 1.0 VXI MANUAL,Maruti,['VXI'],MANUAL,February 2014,"55,530 km","55,530km (04 Mar 2022)",Petrol,2nd Owner,Valid upto Mar 2023 3rd Party,Non-Accidental,HYDERABAD,"₹9,473/month","₹4,10,399"
Wagon R 1.0 VXI MANUAL,Maruti,['VXI'],MANUAL,February 2013,"58,771 km","58,771km (10 Feb 2022)",Petrol,1st Owner,Valid upto Mar 2023 3rd Party,Non-Accidental,HYDERABAD,"₹8,400/month","₹3,63,299"
Alto K10 VXI (O) AMT AUTOMATIC,Maruti,"['VXI', '(O)', 'AMT']",AUTOMATIC,April 2017,"77,672 km","77,672km (16 Mar 2022)",Petrol,1st Owner,Valid upto Mar 2023 3rd Party,Non-Accidental,HYDERABAD,"₹9,193/month","₹3,98,099"
Alto K10 VXI MANUAL,Maruti,['VXI'],MANUAL,April 2018,"41,877 km","41,877km (19 Feb 2022)",Petrol,2nd Owner,Valid upto Mar 2023 3rd Party,Non-Accidental,HYDERABAD,"₹8,870/month","₹3,83,899"
rio 1.2 VX AT I VTEC AUTOMATIC,Honda,"['1.2', 'VX', 'AT', 'I', 'VTEC']",AUTOMATIC,May 2013,"27,101 km","27,101km (11 Feb 2022)",Petrol,2nd Owner,Valid upto Mar 2023 3rd Party,Non-Accidental,HYDERABAD,"₹10,038/month","₹4,35,199"
Eeco 5 STR WITH AC PLUSHTR MANUAL,Maruti,"['5', 'STR', 'WITH', 'AC', 'PLUSHTR']",MANUAL,January 2019,"21,336 km","21,336km (25 Jan 2022)",Petrol,1st Owner,Valid upto Mar 2023 3rd Party,Non-Accidental,HYDERABAD,"₹9,969/month","₹4,32,199"
Wagon R 1.0 VXI MANUAL,Maruti,['VXI'],MANUAL,April 2012,"73,245 km","73,245km (15 Feb 2022)",Petrol,1st Owner,Valid upto Mar 2023 3rd Party,Non-Accidental,HYDERABAD,"₹8,264/month","₹3,57,299"
Go Plus T MANUAL,Datsun,['T'],MANUAL,January 2018,"28,864 km","28,864km (18 Mar 2022)",Petrol,1st Owner,Valid upto Mar 2023 3rd Party,Non-Accidental,HYDERABAD,"₹8,373/month","₹3,62,099"
Wagon R 1.0 VXI MANUAL,Maruti,['VXI'],MANUAL,December 2014,"52,689 km","52,689km (11 Mar 2022)",Petrol,1st Owner,Valid upto Mar 2023 3rd Party,Non-Accidental,HYDERABAD,"₹9,263/month","₹4,01,199"
Swift VXI OPT MANUAL,Maruti,"['VXI', 'OPT']",MANUAL,November 2017,"1,04,760 km","1,04,760km (26 Feb 2022)",Petrol,1st Owner,Valid upto Mar 2023 3rd Party,Non-Accidental,HYDERABAD,"₹13,196/month","₹5,73,899"
New Wagon-R VXI 1.2L MANUAL,Maruti,"['VXI', '1.2L']",MANUAL,January 2019,"48,692 km","48,692km (15 Feb 2022)",Petrol,2nd Owner,Valid upto Mar 2023 3rd Party,Non-Accidental,HYDERABAD,"₹12,255/month","₹5,32,599"
Alto 800 LXI MANUAL,Maruti,['LXI'],MANUAL,May 2017,"61,247 km","61,247km (28 Jan 2022)",Petrol,1st Owner,Valid upto Mar 2023 3rd Party,Non-Accidental,HYDERABAD,"₹6,650/month","₹2,86,399"
 Elite i20 1.2 MAGNA PLUS VTVT MANUAL,Hyundai,"['1.2', 'MAGNA', 'PLUS', 'VTVT']",MANUAL,April 2019,"34,387 km","34,387km (03 Mar 2022)",Petrol,1st Owner,Valid upto Mar 2023 3rd Party,Non-Accidental,HYDERABAD,"₹15,589/month","₹6,78,999"
maze 1.2 SMT I VTEC MANUAL,Honda,"['1.2', 'SMT', 'I', 'VTEC']",MANUAL,February 2015,"71,525 km","71,525km (22 Feb 2022)",Petrol,2nd Owner,Valid upto Mar 2023 3rd Party,Non-Accidental,HYDERABAD,"₹10,684/month","₹4,63,599"
Alto VXI MANUAL,Maruti,['VXI'],MANUAL,April 2019,"41,432 km","41,432km (25 Jan 2022)",Petrol,1st Owner,Valid upto Mar 2023 3rd Party,Non-Accidental,HYDERABAD,"₹9,398/month","₹4,07,099"
 Kwid RXT 1.0 EASY-R AT AUTOMATIC,Renault,"['RXT', '1.0', 'EASY-R', 'AT']",AUTOMATIC,September 2018,"32,161 km","32,161km (03 Feb 2022)",Petrol,1st Owner,Valid upto Mar 2023 3rd Party,Non-Accidental,HYDERABAD,"₹10,063/month","₹4,36,299"
Vitara Brezza VDI MANUAL,Maruti,['VDI'],MANUAL,May 2019,"51,619 km","51,619km (10 Feb 2022)",Diesel,1st Owner,Valid upto Aug 2022 Third_party,Non-Accidental,HYDERABAD,"₹18,606/month","₹8,11,499"
 i10 SPORTZ 1.2 KAPPA2 MANUAL,Hyundai,"['SPORTZ', '1.2', 'KAPPA2']",MANUAL,April 2011,"67,297 km","67,297km (12 Mar 2022)",Petrol,2nd Owner,Valid upto Mar 2023 3rd Party,Non-Accidental,HYDERABAD,"₹7,059/month","₹3,04,399"
 Grand i10 SPORTS 1.2 AT VTVT AUTOMATIC,Hyundai,"['SPORTS', '1.2', 'AT', 'VTVT']",AUTOMATIC,December 2018,"13,916 km","13,916km (15 Mar 2022)",Petrol,1st Owner,Valid upto Jan 2023 Zero Depreciation,Non-Accidental,HYDERABAD,"₹14,680/month","₹6,39,099"
rio 1.2 S MT I VTEC MANUAL,Honda,"['1.2', 'S', 'MT', 'I', 'VTEC']",MANUAL,April 2015,"68,623 km","68,623km (29 Jan 2022)",Petrol,1st Owner,Valid upto Aug 2022 Third_party,Non-Accidental,HYDERABAD,"₹9,298/month","₹4,02,699"
 Elite i20 SPORTZ 1.4 MANUAL,Hyundai,"['SPORTZ', '1.4']",MANUAL,April 2016,"51,885 km","51,885km (19 Feb 2022)",Diesel,1st Owner,Valid upto Mar 2023 3rd Party,Non-Accidental,HYDERABAD,"₹15,782/month","₹6,87,499"
Wagon R 1.0 VXI MANUAL,Maruti,['VXI'],MANUAL,November 2014,"92,708 km","92,708km (29 Dec 2021)",Petrol,1st Owner,Valid upto Mar 2023 3rd Party,Non-Accidental,HYDERABAD,"₹8,364/month","₹3,61,699"
 Grand i10 ASTA 1.1 (O) CRDI MANUAL,Hyundai,"['ASTA', '1.1', '(O)', 'CRDI']",MANUAL,July 2014,"1,06,258 km","1,06,258km (17 Feb 2022)",Diesel,1st Owner,Valid upto Mar 2023 3rd Party,Non-Accidental,HYDERABAD,"₹10,753/month","₹4,66,599"
s Benz C Class 220 CDI ELEGANCE AT AUTOMATIC,Mercedes,"['220', 'CDI', 'ELEGANCE', 'AT']",AUTOMATIC,October 2009,"66,250 km","66,250km (16 Mar 2022)",Diesel,2nd Owner,Valid upto Mar 2023 3rd Party,Non-Accidental,HYDERABAD,"₹19,831/month","₹8,65,299"
Fortuner 3.0 MT 4X4 MANUAL,Toyota,"['3.0', 'MT', '4X4']",MANUAL,October 2009,"2,16,114 km","2,16,114km (01 Mar 2022)",Diesel,2nd Owner,Valid upto Mar 2023 3rd Party,Non-Accidental,HYDERABAD,"₹19,976/month","₹8,71,699"
rrier XZ 2.0L Kryotec MANUAL,Tata,"['XZ', '2.0L', 'Kryotec']",MANUAL,February 2019,"81,479 km","81,479km (17 Mar 2022)",Diesel,1st Owner,Valid upto Mar 2023 3rd Party,Non-Accidental,HYDERABAD,"₹33,570/month","₹14,68,699"
Swift Dzire VXI 1.2 BS IV MANUAL,Maruti,"['VXI', '1.2', 'BS', 'IV']",MANUAL,October 2015,"61,290 km","61,290km (09 Nov 2021)",Petrol,2nd Owner,Valid upto Mar 2023 3rd Party,Non-Accidental,HYDERABAD,"₹12,112/month","₹5,26,299"
Redi Go S MANUAL,Datsun,['S'],MANUAL,May 2017,"29,131 km","29,131km (16 Feb 2022)",Petrol,1st Owner,Valid upto Mar 2023 3rd Party,Non-Accidental,HYDERABAD,"₹7,242/month","₹3,12,399"
 Creta 1.6 CRDI SX PLUS AUTO AUTOMATIC,Hyundai,"['1.6', 'CRDI', 'SX', 'PLUS', 'AUTO']",AUTOMATIC,August 2016,"1,09,897 km","1,09,897km (24 Feb 2022)",Diesel,1st Owner,Valid upto Mar 2023 3rd Party,Non-Accidental,HYDERABAD,"₹22,048/month","₹9,62,699"
 Creta 1.6 SX CRDI MANUAL,Hyundai,"['1.6', 'SX', 'CRDI']",MANUAL,June 2016,"44,124 km","44,124km (10 Mar 2022)",Diesel,1st Owner,Valid upto Mar 2023 3rd Party,Non-Accidental,HYDERABAD,"₹26,625/month","₹11,63,699"
New Wagon-R 1.0 VXI (O) MANUAL,Maruti,"['1.0', 'VXI', '(O)']",MANUAL,January 2019,"19,377 km","19,377km (04 Mar 2022)",Petrol,1st Owner,Valid upto Mar 2023 3rd Party,Non-Accidental,HYDERABAD,"₹12,356/month","₹5,36,999"
s Benz C Class C 220 CDI AVANTGARDE AUTOMATIC,Mercedes,"['C', '220', 'CDI', 'AVANTGARDE']",AUTOMATIC,August 2013,"88,866 km","88,866km (12 Feb 2022)",Diesel,1st Owner,Valid upto Mar 2023 3rd Party,Non-Accidental,HYDERABAD,"₹32,493/month","₹14,21,399"
 Creta 1.6 SX PLUS AUTO PETROL AUTOMATIC,Hyundai,"['1.6', 'SX', 'PLUS', 'AUTO', 'PETROL']",AUTOMATIC,August 2017,"44,234 km","44,234km (19 Jan 2022)",Petrol,2nd Owner,Valid upto Aug 2022 Comp,Non-Accidental,HYDERABAD,"₹24,471/month","₹10,69,099"
 Elite i20 ASTA 1.4 CRDI MANUAL,Hyundai,"['ASTA', '1.4', 'CRDI']",MANUAL,April 2016,"1,18,824 km","1,18,824km (11 Feb 2022)",Diesel,1st Owner,Valid upto Mar 2023 3rd Party,Non-Accidental,HYDERABAD,"₹15,127/month","₹6,58,699"
w Figo 1.2 TITANIUM MANUAL,Ford,"['1.2', 'TITANIUM']",MANUAL,August 2017,"38,954 km","38,954km (15 Mar 2022)",Petrol,1st Owner,Valid upto Mar 2023 3rd Party,Non-Accidental,HYDERABAD,"₹11,682/month","₹5,07,399"
Fortuner 3.0 AT 4X2 AUTOMATIC,Toyota,"['3.0', 'AT', '4X2']",AUTOMATIC,June 2012,"1,58,977 km","1,58,977km (15 Mar 2022)",Diesel,2nd Owner,Valid upto Mar 2023 3rd Party,Non-Accidental,HYDERABAD,"₹33,989/month","₹14,87,099"
Baleno ALPHA 1.2 K12 MANUAL,Maruti,"['ALPHA', '1.2', 'K12']",MANUAL,September 2017,"56,571 km","56,571km (26 Feb 2022)",Petrol,1st Owner,Valid upto Mar 2023 3rd Party,Non-Accidental,HYDERABAD,"₹16,345/month","₹7,12,199"
Swift VDI ABS MANUAL,Maruti,"['VDI', 'ABS']",MANUAL,January 2015,"1,23,057 km","1,23,057km (16 Mar 2022)",Diesel,2nd Owner,Valid upto Mar 2023 3rd Party,Non-Accidental,HYDERABAD,"₹11,666/month","₹5,06,699"
Baleno ZETA 1.2 K12 MANUAL,Maruti,"['ZETA', '1.2', 'K12']",MANUAL,May 2017,"52,645 km","52,645km (28 Feb 2022)",Petrol,2nd Owner,Valid upto Mar 2023 3rd Party,Non-Accidental,HYDERABAD,"₹14,938/month","₹6,50,399"
 Verna 1.6 CRDI SX + AT AUTOMATIC,Hyundai,"['1.6', 'CRDI', 'SX', '+', 'AT']",AUTOMATIC,August 2018,"83,119 km","83,119km (01 Jan 2022)",Diesel,1st Owner,Valid upto Mar 2023 3rd Party,Non-Accidental,HYDERABAD,"₹23,362/month","₹10,20,399"
 Kwid CLIMBER 1.0 AT AUTOMATIC,Renault,"['CLIMBER', '1.0', 'AT']",AUTOMATIC,April 2017,"11,036 km","11,036km (08 Mar 2022)",Petrol,1st Owner,Valid upto Dec 2022 Comprehensive,Non-Accidental,HYDERABAD,"₹10,614/month","₹4,60,499"
Swift Dzire VDI BS IV MANUAL,Maruti,"['VDI', 'BS', 'IV']",MANUAL,January 2015,"97,519 km","97,519km (15 Feb 2022)",Diesel,1st Owner,Valid upto Mar 2023 3rd Party,Non-Accidental,HYDERABAD,"₹12,397/month","₹5,38,799"
azz 1.2 ZX MT MANUAL,Honda,"['1.2', 'ZX', 'MT']",MANUAL,January 2021,"8,459 km","8,459km (24 Jan 2022)",Petrol,1st Owner,Valid upto Mar 2023 3rd Party,Non-Accidental,HYDERABAD,"₹22,367/month","₹9,76,699"
Baleno DELTA 1.2 K12 MANUAL,Maruti,"['DELTA', '1.2', 'K12']",MANUAL,February 2020,"24,307 km","24,307km (10 Mar 2022)",Petrol,1st Owner,Valid upto Mar 2023 3rd Party,Non-Accidental,HYDERABAD,"₹16,582/month","₹7,22,599"
Swift VXI MANUAL,Maruti,['VXI'],MANUAL,March 2014,"30,466 km","30,466km (29 Nov 2021)",Petrol,1st Owner,Valid upto Mar 2023 3rd Party,Non-Accidental,HYDERABAD,"₹10,698/month","₹4,64,199"
Vitara Brezza ZDI + AMT AUTOMATIC,Maruti,"['ZDI', '+', 'AMT']",AUTOMATIC,January 2019,"74,043 km","74,043km (18 Mar 2022)",Diesel,2nd Owner,Valid upto Mar 2023 3rd Party,Non-Accidental,HYDERABAD,"₹21,607/month","₹9,43,299"
Alto 800 LXI MANUAL,Maruti,['LXI'],MANUAL,April 2013,"60,810 km","60,810km (26 Feb 2022)",Petrol,2nd Owner,Valid upto Mar 2023 3rd Party,Non-Accidental,HYDERABAD,"₹6,137/month","₹2,63,899"
 Grand i10 SPORTS 1.2 VTVT MANUAL,Hyundai,"['SPORTS', '1.2', 'VTVT']",MANUAL,March 2018,"58,996 km","58,996km (17 Feb 2022)",Petrol,1st Owner,Valid upto Mar 2023 3rd Party,Non-Accidental,HYDERABAD,"₹12,203/month","₹5,30,299"
 Grand i10 SPORTS 1.2 VTVT MANUAL,Hyundai,"['SPORTS', '1.2', 'VTVT']",MANUAL,September 2016,"68,792 km","68,792km (05 Feb 2022)",Petrol,2nd Owner,Valid upto Mar 2023 3rd Party,Non-Accidental,HYDERABAD,"₹11,039/month","₹4,79,199"
 Grand i10 SPORTS 1.2 VTVT MANUAL,Hyundai,"['SPORTS', '1.2', 'VTVT']",MANUAL,August 2017,"19,376 km","19,376km (07 Jan 2022)",Petrol,2nd Owner,Valid upto Mar 2023 3rd Party,Non-Accidental,HYDERABAD,"₹11,927/month","₹5,18,199"
Wagon R 1.0 VXI AMT AUTOMATIC,Maruti,"['VXI', 'AMT']",AUTOMATIC,September 2016,"67,469 km","67,469km (08 Mar 2022)",Petrol,1st Owner,Valid upto Mar 2023 3rd Party,Non-Accidental,HYDERABAD,"₹9,858/month","₹4,27,299"
 Grand i10 SPORTZ (O) 1.2 AT VTVT AUTOMATIC,Hyundai,"['SPORTZ', '(O)', '1.2', 'AT', 'VTVT']",AUTOMATIC,April 2017,"34,023 km","34,023km (18 Mar 2022)",Petrol,1st Owner,Valid upto Mar 2023 3rd Party,Non-Accidental,HYDERABAD,"₹14,685/month","₹6,39,299"
Wagon R 1.0 VXI MANUAL,Maruti,['VXI'],MANUAL,March 2015,"77,595 km","77,595km (16 Mar 2022)",Petrol,2nd Owner,Valid upto Mar 2023 3rd Party,Non-Accidental,HYDERABAD,"₹9,373/month","₹4,05,999"
Alto K10 VXI MANUAL,Maruti,['VXI'],MANUAL,February 2012,"55,395 km","55,395km (18 Feb 2022)",Petrol,1st Owner,Valid upto Mar 2023 3rd Party,Non-Accidental,HYDERABAD,"₹6,190/month","₹2,66,199"
Alto K10 VXI MANUAL,Maruti,['VXI'],MANUAL,September 2019,"18,838 km","18,838km (20 Jan 2022)",Petrol,1st Owner,Valid upto Dec 2022 Comprehensive,Non-Accidental,HYDERABAD,"₹9,496/month","₹4,11,399"
Alto K10 VXI MANUAL,Maruti,['VXI'],MANUAL,May 2017,"23,366 km","23,366km (28 Jan 2022)",Petrol,1st Owner,Valid upto Jun 2022 Comp,Non-Accidental,HYDERABAD,"₹8,833/month","₹3,82,299"
 i10 ASTA 1.2 AT KAPPA2 WITH SUNROOF AUTOMATIC,Hyundai,"['ASTA', '1.2', 'AT', 'KAPPA2', 'WITH', 'SUNROOF']",AUTOMATIC,May 2013,"45,062 km","45,062km (12 Mar 2022)",Petrol,1st Owner,Valid upto Jul 2022 Comprehensive,Non-Accidental,HYDERABAD,"₹10,568/month","₹4,58,499"
Alto K10 VXI MANUAL,Maruti,['VXI'],MANUAL,September 2019,"5,270 km","5,270km (17 Feb 2022)",Petrol,1st Owner,Valid upto Oct 2022 Comprehensive,Non-Accidental,HYDERABAD,"₹10,181/month","₹4,41,499"
A Star VXI ABS AT AUTOMATIC,Maruti,"['VXI', 'ABS', 'AT']",AUTOMATIC,March 2012,"98,240 km","98,240km (14 Mar 2022)",Petrol,2nd Owner,Valid upto Mar 2023 3rd Party,Non-Accidental,HYDERABAD,"₹7,294/month","₹3,14,699"
 Kwid RXL MANUAL,Renault,['RXL'],MANUAL,June 2016,"56,750 km","56,750km (04 Mar 2022)",Petrol,2nd Owner,Valid upto Mar 2023 3rd Party,Non-Accidental,HYDERABAD,"₹7,194/month","₹3,10,299"
Celerio VXI AMT AUTOMATIC,Maruti,"['VXI', 'AMT']",AUTOMATIC,March 2015,"70,894 km","70,894km (08 Mar 2022)",Petrol,1st Owner,Valid upto Mar 2023 3rd Party,Non-Accidental,HYDERABAD,"₹9,254/month","₹4,00,799"
Wagon R 1.0 VXI MANUAL,Maruti,['VXI'],MANUAL,August 2014,"77,315 km","77,315km (27 Feb 2022)",Petrol,1st Owner,Valid upto Sept 2022 3rd Party,Non-Accidental,HYDERABAD,"₹8,835/month","₹3,82,399"
 Elite i20 SPORTZ (O) 1.4 MANUAL,Hyundai,"['SPORTZ', '(O)', '1.4']",MANUAL,March 2015,"1,83,608 km","1,83,608km (19 Feb 2022)",Diesel,1st Owner,Valid upto Mar 2023 3rd Party,Non-Accidental,HYDERABAD,"₹13,382/month","₹5,82,099"
Swift VXI MANUAL,Maruti,['VXI'],MANUAL,March 2014,"49,168 km","49,168km (21 Feb 2022)",Petrol,1st Owner,Valid upto Mar 2023 3rd Party,Non-Accidental,HYDERABAD,"₹11,092/month","₹4,81,499"
IGNIS ALPHA 1.2 K12 DUAL TONE MANUAL,Maruti,"['ALPHA', '1.2', 'K12', 'DUAL', 'TONE']",MANUAL,January 2017,"79,312 km","79,312km (31 Jan 2022)",Petrol,1st Owner,Valid upto Mar 2023 3rd Party,Non-Accidental,HYDERABAD,"₹13,004/month","₹5,65,499"
gen Polo HIGHLINE PLUS 1.5L DIESEL MANUAL,Volkswagen,"['HIGHLINE', 'PLUS', '1.5L', 'DIESEL']",MANUAL,April 2017,"50,062 km","50,062km (12 Mar 2022)",Diesel,1st Owner,Valid upto Mar 2023 3rd Party,Non-Accidental,HYDERABAD,"₹16,420/month","₹7,15,499"
ity VX MT PETROL MANUAL,Honda,"['VX', 'MT', 'PETROL']",MANUAL,January 2018,"47,032 km","47,032km (11 Mar 2022)",Petrol,1st Owner,Valid upto Aug 2022 Zero Depreciation,Non-Accidental,HYDERABAD,"₹23,947/month","₹10,46,099"
R-V 1.5 i-DTEC VX MT MANUAL,Honda,"['1.5', 'i-DTEC', 'VX', 'MT']",MANUAL,July 2018,"83,311 km","83,311km (10 Mar 2022)",Diesel,1st Owner,Valid upto Mar 2023 3rd Party,Non-Accidental,HYDERABAD,"₹18,729/month","₹8,16,899"
 Eon MAGNA PLUS MANUAL,Hyundai,"['MAGNA', 'PLUS']",MANUAL,April 2015,"38,789 km","38,789km (28 Jan 2022)",Petrol,1st Owner,Valid upto Mar 2023 3rd Party,Non-Accidental,HYDERABAD,"₹7,510/month","₹3,24,199"
 Santro Xing GLS MANUAL,Hyundai,['GLS'],MANUAL,January 2010,"74,312 km","74,312km (11 Jan 2022)",Petrol,1st Owner,Valid upto Mar 2023 3rd Party,Non-Accidental,HYDERABAD,"₹5,522/month","₹2,36,899"
YARIS G CVT AUTOMATIC,Toyota,"['G', 'CVT']",AUTOMATIC,August 2019,"11,884 km","11,884km (18 Mar 2022)",Petrol,1st Owner,Valid upto Oct 2022 Zero Depreciation,Non-Accidental,HYDERABAD,"₹25,657/month","₹11,21,199"
 Grand i10 ASTA 1.2 KAPPA VTVT MANUAL,Hyundai,"['ASTA', '1.2', 'KAPPA', 'VTVT']",MANUAL,March 2016,"27,665 km","27,665km (26 Feb 2022)",Petrol,1st Owner,Valid upto Mar 2023 3rd Party,Non-Accidental,HYDERABAD,"₹12,262/month","₹5,32,899"
maze 1.2 SMT I VTEC MANUAL,Honda,"['1.2', 'SMT', 'I', 'VTEC']",MANUAL,June 2019,"42,915 km","42,915km (07 Mar 2022)",Petrol,1st Owner,Valid upto Mar 2023 3rd Party,Non-Accidental,HYDERABAD,"₹14,965/month","₹6,51,599"
Swift ZDI MANUAL,Maruti,['ZDI'],MANUAL,September 2012,"78,819 km","78,819km (31 Jan 2022)",Diesel,2nd Owner,Valid upto Mar 2023 3rd Party,Non-Accidental,HYDERABAD,"₹10,983/month","₹4,76,699"
gen Polo Trendline 1.0 L Petrol MANUAL,Volkswagen,"['Trendline', '1.0', 'L', 'Petrol']",MANUAL,July 2019,"52,142 km","52,142km (14 Mar 2022)",Petrol,2nd Owner,Valid upto Mar 2023 3rd Party,Non-Accidental,HYDERABAD,"₹13,428/month","₹5,84,099"
w Figo 1.5 TITANIUM AT PETROL AUTOMATIC,Ford,"['1.5', 'TITANIUM', 'AT', 'PETROL']",AUTOMATIC,October 2016,"21,202 km","21,202km (25 Feb 2022)",Petrol,2nd Owner,Valid upto Mar 2023 3rd Party,Non-Accidental,HYDERABAD,"₹13,351/month","₹5,80,699"
Innova Crysta 2.8 ZX AT 7 STR AUTOMATIC,Toyota,"['2.8', 'ZX', 'AT', '7', 'STR']",AUTOMATIC,June 2017,"72,222 km","72,222km (02 Feb 2022)",Diesel,2nd Owner,Valid upto Mar 2023 3rd Party,Non-Accidental,HYDERABAD,"₹43,994/month","₹19,26,499"
ity V MT DIESEL MANUAL,Honda,"['V', 'MT', 'DIESEL']",MANUAL,June 2015,"80,573 km","80,573km (12 Mar 2022)",Diesel,1st Owner,Valid upto Jun 2024 3rd Party,Non-Accidental,HYDERABAD,"₹14,136/month","₹6,15,199"
R-V 1.2 i-VTEC VX MT MANUAL,Honda,"['1.2', 'i-VTEC', 'VX', 'MT']",MANUAL,August 2018,"13,989 km","13,989km (29 Dec 2021)",Petrol,1st Owner,Valid upto Mar 2023 3rd Party,Non-Accidental,HYDERABAD,"₹19,084/month","₹8,32,499"
ity VX MT PETROL MANUAL,Honda,"['VX', 'MT', 'PETROL']",MANUAL,September 2017,"34,013 km","34,013km (24 Feb 2022)",Petrol,1st Owner,Valid upto Sept 2022 Comprehensive,Non-Accidental,HYDERABAD,"₹21,381/month","₹9,33,399"
Baleno ZETA 1.2 K12 MANUAL,Maruti,"['ZETA', '1.2', 'K12']",MANUAL,July 2016,"36,772 km","36,772km (08 Mar 2022)",Petrol,1st Owner,Valid upto Sept 2022 Zero Depreciation,Non-Accidental,HYDERABAD,"₹15,024/month","₹6,54,199"
XL6 ALPHA SHVS MT MANUAL,Maruti,"['ALPHA', 'SHVS', 'MT']",MANUAL,August 2019,"23,652 km","23,652km (28 Jan 2022)",Petrol,1st Owner,Valid upto Sept 2022 Zero Depreciation,Non-Accidental,HYDERABAD,"₹22,513/month","₹9,83,099"
ity VX MT PETROL MANUAL,Honda,"['VX', 'MT', 'PETROL']",MANUAL,April 2018,"48,992 km","48,992km (10 Mar 2022)",Petrol,1st Owner,Valid upto Mar 2023 3rd Party,Non-Accidental,HYDERABAD,"₹22,825/month","₹9,96,799"
 NEW I20 ASTA (O) 1.5 CRDI MT,Hyundai,"['ASTA', '(O)', '1.5', 'CRDI']",NA,March 2021,"15,187 km","15,187km (10 Mar 2022)",Diesel,1st Owner,Valid upto Mar 2023 3rd Party,Non-Accidental,HYDERABAD,"₹26,295/month","₹11,49,199"
 i20 Active 1.2 S MANUAL,Hyundai,"['1.2', 'S']",MANUAL,January 2017,"1,09,519 km","1,09,519km (18 Jan 2022)",Petrol,1st Owner,Valid upto Mar 2023 3rd Party,Non-Accidental,HYDERABAD,"₹14,359/month","₹6,24,999"
OR SHARP DCT PETROL,MG,"['SHARP', 'DCT']",NA,August 2019,"40,741 km","40,741km (11 Feb 2022)",Petrol,1st Owner,Valid upto Mar 2023 3rd Party,Non-Accidental,HYDERABAD,"₹37,919/month","₹16,59,699"
Baleno ZETA 1.2 K12 AMT AUTOMATIC,Maruti,"['ZETA', '1.2', 'K12', 'AMT']",AUTOMATIC,June 2017,"45,211 km","45,211km (07 Feb 2022)",Petrol,1st Owner,Valid upto Mar 2023 3rd Party,Non-Accidental,HYDERABAD,"₹15,238/month","₹6,63,599"
Swift Dzire VDI BS IV MANUAL,Maruti,"['VDI', 'BS', 'IV']",MANUAL,May 2012,"1,29,986 km","1,29,986km (19 Jan 2022)",Diesel,2nd Owner,Valid upto Mar 2023 3rd Party,Non-Accidental,HYDERABAD,"₹10,552/month","₹4,57,799"
Baleno ALPHA 1.2 K12 MANUAL,Maruti,"['ALPHA', '1.2', 'K12']",MANUAL,March 2018,"16,676 km","16,676km (25 Jan 2022)",Petrol,1st Owner,Valid upto Mar 2023 3rd Party,Non-Accidental,HYDERABAD,"₹16,752/month","₹7,30,099"
 Kwid CLIMBER 1.0 AT,Renault,"['CLIMBER', '1.0']",NA,October 2017,"34,457 km","34,457km (27 Jan 2022)",Petrol,1st Owner,Valid upto Mar 2023 3rd Party,Non-Accidental,HYDERABAD,"₹9,735/month","₹4,21,899"
Swift VXI MANUAL,Maruti,['VXI'],MANUAL,August 2014,"1,02,252 km","1,02,252km (08 Mar 2022)",Petrol,1st Owner,Valid upto Mar 2023 3rd Party,Non-Accidental,HYDERABAD,"₹10,147/month","₹4,39,999"
Vitara Brezza ZDI PLUS DUAL TONE MANUAL,Maruti,"['ZDI', 'PLUS', 'DUAL', 'TONE']",MANUAL,January 2019,"40,117 km","40,117km (22 Feb 2022)",Diesel,1st Owner,Valid upto Mar 2023 3rd Party,Non-Accidental,HYDERABAD,"₹23,239/month","₹10,14,999"
Baleno ALPHA 1.2 K12 MANUAL,Maruti,"['ALPHA', '1.2', 'K12']",MANUAL,September 2018,"38,735 km","38,735km (05 Mar 2022)",Petrol,2nd Owner,Valid upto Oct 2022 3rd Party,Non-Accidental,HYDERABAD,"₹17,167/month","₹7,48,299"
Wagon R 1.0 VXI MANUAL,Maruti,['VXI'],MANUAL,March 2016,"78,656 km","78,656km (22 Jan 2022)",Petrol,1st Owner,Valid upto Mar 2023 3rd Party,Non-Accidental,HYDERABAD,"₹9,466/month","₹4,10,099"
Alto LXI MANUAL,Maruti,['LXI'],MANUAL,December 2019,"17,804 km","17,804km (22 Jan 2022)",Petrol,1st Owner,Valid upto Dec 2022 3rd Party,Non-Accidental,HYDERABAD,"₹8,241/month","₹3,56,299"
Wagon R 1.0 VXI MANUAL,Maruti,['VXI'],MANUAL,November 2014,"41,503 km","41,503km (31 Jan 2022)",Petrol,1st Owner,Valid upto Mar 2023 3rd Party,Non-Accidental,HYDERABAD,"₹9,416/month","₹4,07,899"
Alto 800 VXI (O) MANUAL,Maruti,"['VXI', '(O)']",MANUAL,February 2018,"62,766 km","62,766km (30 Oct 2021)",Petrol,1st Owner,Valid upto Mar 2023 3rd Party,Non-Accidental,HYDERABAD,"₹7,699/month","₹3,32,499"
Alto K10 VXI MANUAL,Maruti,['VXI'],MANUAL,May 2017,"68,809 km","68,809km (04 Jan 2022)",Petrol,2nd Owner,Valid upto Mar 2023 3rd Party,Non-Accidental,HYDERABAD,"₹8,184/month","₹3,53,799"
Eeco 5 STR WITH AC PLUSHTR MANUAL,Maruti,"['5', 'STR', 'WITH', 'AC', 'PLUSHTR']",MANUAL,June 2019,"9,338 km","9,338km (12 Nov 2021)",Petrol,2nd Owner,Valid upto Mar 2023 3rd Party,Non-Accidental,HYDERABAD,"₹10,682/month","₹4,63,499"
 i10 ERA 1.1 IRDE MANUAL,Hyundai,"['ERA', '1.1', 'IRDE']",MANUAL,February 2012,"45,064 km","45,064km (29 Jan 2022)",Petrol,3rd Owner,Valid upto Oct 2022 3rd Party,Non-Accidental,HYDERABAD,"₹7,736/month","₹3,34,099"
Swift Dzire VDI BS IV MANUAL,Maruti,"['VDI', 'BS', 'IV']",MANUAL,March 2012,"1,21,755 km","1,21,755km (04 Jan 2022)",Diesel,1st Owner,Valid upto Mar 2023 3rd Party,Non-Accidental,HYDERABAD,"₹10,616/month","₹4,60,599"
 i20 SPORTZ 1.2 O MANUAL,Hyundai,"['SPORTZ', '1.2', 'O']",MANUAL,March 2010,"79,222 km","79,222km (14 Mar 2022)",Petrol,2nd Owner,Valid upto Mar 2023 3rd Party,Non-Accidental,HYDERABAD,"₹7,303/month","₹3,15,099"
Ciaz ZXI MANUAL,Maruti,['ZXI'],MANUAL,November 2014,"1,20,506 km","1,20,506km (21 Jan 2022)",Petrol,1st Owner,Valid upto Mar 2023 3rd Party,Non-Accidental,HYDERABAD,"₹13,423/month","₹5,83,899"
gen Polo HIGHLINE 1.0 PETROL MANUAL,Volkswagen,"['HIGHLINE', '1.0', 'PETROL']",MANUAL,April 2019,"16,019 km","16,019km (28 Jan 2022)",Petrol,1st Owner,Valid upto Mar 2023 3rd Party,Non-Accidental,HYDERABAD,"₹15,721/month","₹6,84,799"
Swift VXI MANUAL,Maruti,['VXI'],MANUAL,July 2020,"35,305 km","35,305km (17 Mar 2022)",Petrol,1st Owner,Valid upto Mar 2023 3rd Party,Non-Accidental,HYDERABAD,"₹13,555/month","₹5,89,699"
Ciaz DELTA 1.5 SHVS VVT MT MANUAL,Maruti,"['DELTA', '1.5', 'SHVS', 'VVT', 'MT']",MANUAL,May 2020,"8,747 km","8,747km (08 Mar 2022)",Petrol,1st Owner,Valid upto Jul 2022 Comprehensive,Non-Accidental,HYDERABAD,"₹21,513/month","₹9,39,199"
Eeco 7 STR MANUAL,Maruti,"['7', 'STR']",MANUAL,May 2019,"16,480 km","16,480km (31 Jan 2022)",Petrol,1st Owner,Valid upto Mar 2023 3rd Party,Non-Accidental,HYDERABAD,"₹9,707/month","₹4,20,699"
S PRESSO VXI PLUS MANUAL,Maruti,"['VXI', 'PLUS']",MANUAL,September 2019,"34,712 km","34,712km (16 Mar 2022)",Petrol,1st Owner,Valid upto Oct 2022 Zero Depreciation,Non-Accidental,HYDERABAD,"₹10,700/month","₹4,64,299"
gen Polo HIGHLINE 1.0 PETROL MANUAL,Volkswagen,"['HIGHLINE', '1.0', 'PETROL']",MANUAL,May 2019,"53,100 km","53,100km (19 Mar 2022)",Petrol,1st Owner,Valid upto Mar 2023 3rd Party,Non-Accidental,HYDERABAD,"₹15,721/month","₹6,84,799"
 Kwid 1.0 RXT Opt AT AUTOMATIC,Renault,"['1.0', 'RXT', 'Opt', 'AT']",AUTOMATIC,August 2017,"21,067 km","21,067km (19 Mar 2022)",Petrol,1st Owner,Valid upto Sept 2022 Comprehensive,Non-Accidental,HYDERABAD,"₹9,482/month","₹4,10,799"
 Grand i10 SPORTZ 1.2 KAPPA VTVT MANUAL,Hyundai,"['SPORTZ', '1.2', 'KAPPA', 'VTVT']",MANUAL,June 2016,"11,293 km","11,293km (09 Mar 2022)",Petrol,2nd Owner,Valid upto Mar 2023 3rd Party,Non-Accidental,HYDERABAD,"₹12,419/month","₹5,39,799"
