Name,Brand,Model,Transmission,Year of Purchase,Kilometers Driven,Last Service,Fuel Type,Owner,Insurance,History,Location,EMI per month,Price
 Grand i10 MAGNA 1.2 VTVT MANUAL,Hyundai,"['MAGNA', '1.2', 'VTVT']",MANUAL,Jul-18,"31,215 km","31,215km (22 Feb 2022)",Petrol,1st Owner,Valid upto Nov 2022 Zero Depreciation,Non-Accidental,CHANDIGARH,"₹11,301/month","₹4,90,699"
 Grand i10 MAGNA 1.2 VTVT MANUAL,Hyundai,"['MAGNA', '1.2', 'VTVT']",MANUAL,Jul-18,"34,595 km","34,595km (29 Jan 2022)",Petrol,3rd Owner,Valid upto Sept 2022 Zero Depreciation,Non-Accidental,CHANDIGARH,"₹10,939/month","₹4,74,799"
Alto K10 VXI MANUAL,Maruti,['VXI'],MANUAL,Feb-16,"62,388 km","62,388km (05 Oct 2021)",Petrol,2nd Owner,Valid upto Mar 2023 3rd Party,Non-Accidental,CHANDIGARH,"₹7,298/month","₹3,14,899"
Vitara Brezza ZDI MANUAL,Maruti,['ZDI'],MANUAL,May-18,"58,316 km","58,316km (12 Jan 2022)",Diesel,1st Owner,Valid upto Mar 2023 3rd Party,Non-Accidental,CHANDIGARH,"₹18,260/month","₹7,96,299"
 NEW SANTRO 1.1 SPORTS AMT AUTOMATIC,Hyundai,"['1.1', 'SPORTS', 'AMT']",AUTOMATIC,Jun-19,"5,977 km","5,977km (01 Feb 2022)",Petrol,1st Owner,Valid upto Aug 2022 3rd Party,Non-Accidental,CHANDIGARH,"₹12,274/month","₹5,33,399"
Alto 800 VXI MANUAL,Maruti,['VXI'],MANUAL,Mar-17,"44,509 km","44,509km (29 Oct 2021)",Petrol,2nd Owner,Valid upto Mar 2023 3rd Party,Non-Accidental,CHANDIGARH,"₹6,695/month","₹2,88,399"
Alto K10 VXI MANUAL,Maruti,['VXI'],MANUAL,Apr-16,"51,799 km","51,799km (17 Jan 2022)",Petrol,1st Owner,Valid upto Mar 2023 3rd Party,Non-Accidental,CHANDIGARH,"₹7,604/month","₹3,28,299"
 NEW SANTRO SPORTZ 1.1 MANUAL,Hyundai,"['SPORTZ', '1.1']",MANUAL,Dec-20,"4,146 km","4,146km (28 Jan 2022)",Petrol,1st Owner,Valid upto Oct 2022 Comprehensive,Non-Accidental,CHANDIGARH,"₹12,290/month","₹5,34,099"
Alto LXI MANUAL,Maruti,['LXI'],MANUAL,Jan-20,"9,431 km","9,431km (28 Feb 2022)",Petrol,1st Owner,Valid upto Jan 2023 3rd Party,Non-Accidental,CHANDIGARH,"₹9,377/month","₹4,06,199"
 NEW SANTRO 1.1 SPORTS AMT AUTOMATIC,Hyundai,"['1.1', 'SPORTS', 'AMT']",AUTOMATIC,Oct-17,"4,369 km","4,369km (13 Nov 2021)",Petrol,1st Owner,Valid upto Mar 2023 3rd Party,Non-Accidental,CHANDIGARH,"₹13,130/month","₹5,70,999"
Alto 800 LXI MANUAL,Maruti,['LXI'],MANUAL,Jan-15,"37,909 km","37,909km (05 Mar 2022)",Petrol,1st Owner,Valid upto Mar 2023 3rd Party,Non-Accidental,CHANDIGARH,"₹7,303/month","₹3,15,099"
Alto K10 VXI MANUAL,Maruti,['VXI'],MANUAL,Mar-18,"42,140 km","42,140km (24 Feb 2022)",Petrol,2nd Owner,Valid upto Mar 2023 3rd Party,Non-Accidental,CHANDIGARH,"₹7,096/month","₹3,05,999"
Alto K10 VXI MANUAL,Maruti,['VXI'],MANUAL,Mar-17,"12,783 km","12,783km (12 Mar 2022)",Petrol,1st Owner,Valid upto Mar 2023 3rd Party,Non-Accidental,CHANDIGARH,"₹8,332/month","₹3,60,299"
Alto K10 VXI MANUAL,Maruti,['VXI'],MANUAL,May-17,"82,036 km","82,036km (19 Jan 2022)",Petrol,1st Owner,Valid upto Mar 2023 3rd Party,Non-Accidental,CHANDIGARH,"₹7,895/month","₹3,41,099"
Alto K10 VXI MANUAL,Maruti,['VXI'],MANUAL,Nov-17,"41,118 km","41,118km (27 Oct 2021)",Petrol,1st Owner,Valid upto Mar 2023 3rd Party,Non-Accidental,CHANDIGARH,"₹8,038/month","₹3,47,399"
Alto K10 VXI MANUAL,Maruti,['VXI'],MANUAL,Apr-14,"25,698 km","25,698km (28 Jan 2022)",Petrol,1st Owner,Valid upto Mar 2023 3rd Party,Non-Accidental,CHANDIGARH,"₹8,321/month","₹3,59,799"
Alto K10 VXI MANUAL,Maruti,['VXI'],MANUAL,Nov-17,"17,585 km","17,585km (22 Feb 2022)",Petrol,1st Owner,Valid upto Dec 2022 3rd Party,Non-Accidental,CHANDIGARH,"₹9,109/month","₹3,94,399"
Alto K10 VXI MANUAL,Maruti,['VXI'],MANUAL,May-18,"43,931 km","43,931km (16 Feb 2022)",Petrol,1st Owner,Valid upto Mar 2023 3rd Party,Non-Accidental,CHANDIGARH,"₹7,005/month","₹3,01,999"
Alto K10 VXI MANUAL,Maruti,['VXI'],MANUAL,Feb-17,"25,587 km","25,587km (14 Jan 2022)",Petrol,1st Owner,Valid upto Mar 2023 3rd Party,Non-Accidental,CHANDIGARH,"₹8,357/month","₹3,61,399"
EESTYLE TREND 1.5 TDCI MT MANUAL,Ford,"['TREND', '1.5', 'TDCI', 'MT']",MANUAL,Apr-16,"66,930 km","66,930km (29 Dec 2021)",Diesel,1st Owner,Valid upto Mar 2023 3rd Party,Non-Accidental,CHANDIGARH,"₹12,223/month","₹5,31,199"
Alto K10 VXI MANUAL,Maruti,['VXI'],MANUAL,Mar-16,"31,241 km","31,241km (02 Feb 2022)",Petrol,1st Owner,Valid upto Aug 2022 Zero_Dep,Non-Accidental,CHANDIGARH,"₹8,280/month","₹3,57,999"
Swift Dzire ZXI 1.2 BS IV MANUAL,Maruti,"['ZXI', '1.2', 'BS', 'IV']",MANUAL,Jun-18,"65,284 km","65,284km (07 Mar 2022)",Petrol,1st Owner,Valid upto Mar 2023 3rd Party,Non-Accidental,CHANDIGARH,"₹12,802/month","₹5,56,599"
 Elite i20 ASTA 1.4 CRDI MANUAL,Hyundai,"['ASTA', '1.4', 'CRDI']",MANUAL,Jan-19,"65,421 km","65,421km (12 Mar 2022)",Diesel,1st Owner,Valid upto Mar 2023 3rd Party,Non-Accidental,CHANDIGARH,"₹14,284/month","₹6,21,699"
 Duster RXL AMT 110 PS AUTOMATIC,Renault,"['RXL', 'AMT', '110', 'PS']",AUTOMATIC,Jan-15,"1,69,176 km","1,69,176km (20 Jan 2022)",Diesel,1st Owner,Valid upto Mar 2023 3rd Party,Non-Accidental,CHANDIGARH,"₹13,660/month","₹5,94,299"
R-V 1.2 i-VTEC VX MT MANUAL,Honda,"['1.2', 'i-VTEC', 'VX', 'MT']",MANUAL,Sep-20,"33,714 km","33,714km (17 Feb 2022)",Petrol,1st Owner,Valid upto Jul 2022 Comprehensive,Non-Accidental,CHANDIGARH,"₹16,295/month","₹7,09,999"
XON XT 1.2 MANUAL,Tata,"['XT', '1.2']",MANUAL,Feb-15,"25,018 km","25,018km (21 Feb 2022)",Petrol,1st Owner,Valid upto Jan 2023 Zero Depreciation,Non-Accidental,CHANDIGARH,"₹17,071/month","₹7,44,099"
 Elite i20 ASTA 1.2 MANUAL,Hyundai,"['ASTA', '1.2']",MANUAL,Sep-14,"99,780 km","99,780km (23 Dec 2021)",Petrol,2nd Owner,Valid upto Mar 2023 3rd Party,Non-Accidental,CHANDIGARH,"₹11,654/month","₹5,06,199"
 NEW I20 ASTA (O) 1.0 TURBO GDI AT,HYUNDAI,"['ASTA', '(O)', '1.0', 'TURBO', 'GDI']",NA,Feb-17,"2,011 km","2,011km (07 Jan 2022)",Petrol,1st Owner,Valid upto Nov 2023 Third_party,Non-Accidental,CHANDIGARH,"₹26,120/month","₹11,41,499"
Swift ZDI MANUAL,Maruti,['ZDI'],MANUAL,Jul-20,"34,678 km","34,678km (08 Feb 2022)",Diesel,1st Owner,Valid upto Mar 2023 3rd Party,Non-Accidental,CHANDIGARH,"₹12,046/month","₹5,23,399"
 Elite i20 ASTA 1.2 MANUAL,Hyundai,"['ASTA', '1.2']",MANUAL,Oct-17,"68,377 km","68,377km (25 Feb 2022)",Petrol,2nd Owner,Valid upto Jan 2023 Comprehensive,Non-Accidental,CHANDIGARH,"₹10,372/month","₹4,49,899"
 Elite i20 SPORTZ 1.2 MANUAL,Hyundai,"['SPORTZ', '1.2']",MANUAL,Apr-17,"53,302 km","53,302km (08 Nov 2021)",Petrol,1st Owner,Valid upto Mar 2023 3rd Party,Non-Accidental,CHANDIGARH,"₹12,825/month","₹5,57,599"
 GRAND I10 NIOS MAGNA 1.2 MT MANUAL,Hyundai,"['MAGNA', '1.2', 'MT']",MANUAL,Jun-19,"18,368 km","18,368km (25 Jan 2022)",Petrol,1st Owner,Valid upto Sept 2022 Comprehensive,Non-Accidental,CHANDIGARH,"₹13,455/month","₹5,85,299"
Swift VXI MANUAL,Maruti,['VXI'],MANUAL,Mar-18,"27,027 km","27,027km (24 Feb 2022)",Petrol,1st Owner,Valid upto Mar 2023 3rd Party,Non-Accidental,CHANDIGARH,"₹12,476/month","₹5,42,299"
Swift VXI MANUAL,Maruti,['VXI'],MANUAL,Aug-17,"37,889 km","37,889km (02 Mar 2022)",Petrol,1st Owner,Valid upto Mar 2023 3rd Party,Non-Accidental,CHANDIGARH,"₹12,376/month","₹5,37,899"
 Grand i10 SPORTZ 1.2 KAPPA VTVT MANUAL,Hyundai,"['SPORTZ', '1.2', 'KAPPA', 'VTVT']",MANUAL,Jul-18,"23,312 km","23,312km (24 Feb 2022)",Petrol,1st Owner,Valid upto Mar 2023 3rd Party,Non-Accidental,CHANDIGARH,"₹12,615/month","₹5,48,399"
 Creta 1.6 SX PLUS AUTO PETROL AUTOMATIC,Hyundai,"['1.6', 'SX', 'PLUS', 'AUTO', 'PETROL']",AUTOMATIC,Jul-18,"50,115 km","50,115km (29 Nov 2021)",Petrol,2nd Owner,Valid upto Aug 2022 Zero_Dep,Non-Accidental,CHANDIGARH,"₹26,393/month","₹11,53,499"
Swift VXI OPT MANUAL,Maruti,"['VXI', 'OPT']",MANUAL,Feb-16,"1,30,814 km","1,30,814km (12 Jan 2022)",Petrol,1st Owner,Valid upto Mar 2023 3rd Party,Non-Accidental,CHANDIGARH,"₹11,431/month","₹4,96,399"
 Grand i10 MAGNA 1.2 VTVT MANUAL,Hyundai,"['MAGNA', '1.2', 'VTVT']",MANUAL,May-18,"31,215 km","31,215km (22 Feb 2022)",Petrol,1st Owner,Valid upto Nov 2022 Zero Depreciation,Non-Accidental,CHANDIGARH,"₹11,301/month","₹4,90,699"
 Grand i10 MAGNA 1.2 VTVT MANUAL,Hyundai,"['MAGNA', '1.2', 'VTVT']",MANUAL,Jun-19,"34,595 km","34,595km (29 Jan 2022)",Petrol,3rd Owner,Valid upto Sept 2022 Zero Depreciation,Non-Accidental,CHANDIGARH,"₹10,939/month","₹4,74,799"
Alto K10 VXI MANUAL,Maruti,['VXI'],MANUAL,Mar-17,"62,388 km","62,388km (05 Oct 2021)",Petrol,2nd Owner,Valid upto Mar 2023 3rd Party,Non-Accidental,CHANDIGARH,"₹7,298/month","₹3,14,899"
Vitara Brezza ZDI MANUAL,Maruti,['ZDI'],MANUAL,Apr-16,"58,316 km","58,316km (12 Jan 2022)",Diesel,1st Owner,Valid upto Mar 2023 3rd Party,Non-Accidental,CHANDIGARH,"₹18,260/month","₹7,96,299"
 NEW SANTRO 1.1 SPORTS AMT AUTOMATIC,Hyundai,"['1.1', 'SPORTS', 'AMT']",AUTOMATIC,Jun-19,"5,977 km","5,977km (01 Feb 2022)",Petrol,1st Owner,Valid upto Aug 2022 3rd Party,Non-Accidental,CHANDIGARH,"₹12,274/month","₹5,33,399"
Alto 800 VXI MANUAL,Maruti,['VXI'],MANUAL,Dec-20,"44,509 km","44,509km (29 Oct 2021)",Petrol,2nd Owner,Valid upto Mar 2023 3rd Party,Non-Accidental,CHANDIGARH,"₹6,695/month","₹2,88,399"
Alto K10 VXI MANUAL,Maruti,['VXI'],MANUAL,Jan-20,"51,799 km","51,799km (17 Jan 2022)",Petrol,1st Owner,Valid upto Mar 2023 3rd Party,Non-Accidental,CHANDIGARH,"₹7,604/month","₹3,28,299"
 NEW SANTRO SPORTZ 1.1 MANUAL,Hyundai,"['SPORTZ', '1.1']",MANUAL,Jan-15,"4,146 km","4,146km (28 Jan 2022)",Petrol,1st Owner,Valid upto Oct 2022 Comprehensive,Non-Accidental,CHANDIGARH,"₹12,290/month","₹5,34,099"
Alto LXI MANUAL,Maruti,['LXI'],MANUAL,Mar-18,"9,431 km","9,431km (28 Feb 2022)",Petrol,1st Owner,Valid upto Jan 2023 3rd Party,Non-Accidental,CHANDIGARH,"₹9,377/month","₹4,06,199"
 NEW SANTRO 1.1 SPORTS AMT AUTOMATIC,Hyundai,"['1.1', 'SPORTS', 'AMT']",AUTOMATIC,Mar-17,"4,369 km","4,369km (13 Nov 2021)",Petrol,1st Owner,Valid upto Mar 2023 3rd Party,Non-Accidental,CHANDIGARH,"₹13,130/month","₹5,70,999"
Alto 800 LXI MANUAL,Maruti,['LXI'],MANUAL,May-17,"37,909 km","37,909km (05 Mar 2022)",Petrol,1st Owner,Valid upto Mar 2023 3rd Party,Non-Accidental,CHANDIGARH,"₹7,303/month","₹3,15,099"
Alto K10 VXI MANUAL,Maruti,['VXI'],MANUAL,Mar-17,"42,140 km","42,140km (24 Feb 2022)",Petrol,2nd Owner,Valid upto Mar 2023 3rd Party,Non-Accidental,CHANDIGARH,"₹7,096/month","₹3,05,999"
Alto K10 VXI MANUAL,Maruti,['VXI'],MANUAL,Nov-17,"12,783 km","12,783km (12 Mar 2022)",Petrol,1st Owner,Valid upto Mar 2023 3rd Party,Non-Accidental,CHANDIGARH,"₹8,332/month","₹3,60,299"
Alto K10 VXI MANUAL,Maruti,['VXI'],MANUAL,Apr-14,"82,036 km","82,036km (19 Jan 2022)",Petrol,1st Owner,Valid upto Mar 2023 3rd Party,Non-Accidental,CHANDIGARH,"₹7,895/month","₹3,41,099"
Alto K10 VXI MANUAL,Maruti,['VXI'],MANUAL,Jan-14,"41,118 km","41,118km (27 Oct 2021)",Petrol,1st Owner,Valid upto Mar 2023 3rd Party,Non-Accidental,CHANDIGARH,"₹8,038/month","₹3,47,399"
Alto K10 VXI MANUAL,Maruti,['VXI'],MANUAL,Jun-13,"25,698 km","25,698km (28 Jan 2022)",Petrol,1st Owner,Valid upto Mar 2023 3rd Party,Non-Accidental,CHANDIGARH,"₹8,321/month","₹3,59,799"
Alto K10 VXI MANUAL,Maruti,['VXI'],MANUAL,Apr-15,"17,585 km","17,585km (22 Feb 2022)",Petrol,1st Owner,Valid upto Dec 2022 3rd Party,Non-Accidental,CHANDIGARH,"₹9,109/month","₹3,94,399"
Alto K10 VXI MANUAL,Maruti,['VXI'],MANUAL,Dec-15,"43,931 km","43,931km (16 Feb 2022)",Petrol,1st Owner,Valid upto Mar 2023 3rd Party,Non-Accidental,CHANDIGARH,"₹7,005/month","₹3,01,999"
Dzire VXI MANUAL,Maruti,['VXI'],MANUAL,Jan-11,"42,644 km","42,644km (09 Feb 2022)",Petrol,1st Owner,Valid upto Mar 2023 3rd Party,Non-Accidental,CHANDIGARH,"₹13,050/month","₹5,67,499"
Alto K10 VXI MANUAL,Maruti,['VXI'],MANUAL,Jun-18,"70,313 km","70,313km (02 Dec 2021)",Petrol,3rd Owner,Valid upto Mar 2023 3rd Party,Non-Accidental,CHANDIGARH,"₹6,017/month","₹2,58,599"
Alto K10 VXI MANUAL,Maruti,['VXI'],MANUAL,Jan-17,"36,981 km","36,981km (09 Feb 2022)",Petrol,1st Owner,Valid upto Mar 2023 3rd Party,Non-Accidental,CHANDIGARH,"₹6,331/month","₹2,72,399"
Alto K10 VXI MANUAL,Maruti,['VXI'],MANUAL,Jun-14,"32,620 km","32,620km (25 Jan 2022)",Petrol,1st Owner,Valid upto Jul 2022 Comprehensive,Non-Accidental,CHANDIGARH,"₹6,861/month","₹2,95,699"
Alto K10 VXI MANUAL,Maruti,['VXI'],MANUAL,Jul-16,"67,709 km","67,709km (25 Dec 2021)",Petrol,1st Owner,Valid upto Mar 2023 3rd Party,Non-Accidental,CHANDIGARH,"₹6,483/month","₹2,79,099"
ccord 2.4 MT MANUAL,Honda,"['2.4', 'MT']",MANUAL,May-14,"65,855 km","65,855km (26 Feb 2022)",Petrol,4th Owner,Valid upto Jul 2022 Comprehensive,Non-Accidental,CHANDIGARH,"₹9,102/month","₹3,94,099"
gen Ameo COMFORTLINE 1.0 MANUAL,Volkswagen,"['COMFORTLINE', '1.0']",MANUAL,Aug-13,"18,637 km","18,637km (17 Oct 2021)",Petrol,2nd Owner,Valid upto Mar 2023 3rd Party,Non-Accidental,CHANDIGARH,"₹11,388/month","₹4,94,499"
Swift VDI MANUAL,Maruti,['VDI'],MANUAL,Dec-20,"63,023 km","63,023km (18 Jan 2022)",Diesel,2nd Owner,Valid upto Mar 2023 3rd Party,Non-Accidental,CHANDIGARH,"₹12,315/month","₹5,35,199"
Swift ZDI MANUAL,Maruti,['ZDI'],MANUAL,Aug-18,"1,55,211 km","1,55,211km (17 Nov 2021)",Diesel,1st Owner,Valid upto Mar 2023 3rd Party,Non-Accidental,CHANDIGARH,"₹10,120/month","₹4,38,799"
Vitara Brezza VDI OPT MANUAL,Maruti,"['VDI', 'OPT']",MANUAL,Apr-18,"1,31,620 km","1,31,620km (08 Mar 2022)",Diesel,1st Owner,Valid upto Mar 2023 3rd Party,Non-Accidental,CHANDIGARH,"₹13,603/month","₹5,91,799"
 2.0 TDI S LINE AUTOMATIC,Audi,"['2.0', 'TDI', 'S', 'LINE']",AUTOMATIC,Mar-19,"57,485 km","57,485km (04 Jan 2022)",Diesel,1st Owner,Valid upto Mar 2023 3rd Party,Non-Accidental,CHANDIGARH,"₹28,633/month","₹12,51,899"
eries 320D LUXURYLINE AUTOMATIC,BMW,"['320D', 'LUXURYLINE']",AUTOMATIC,Jan-13,"1,53,096 km","1,53,096km (28 Dec 2021)",Diesel,3rd Owner,Valid upto Mar 2023 3rd Party,Non-Accidental,CHANDIGARH,"₹31,434/month","₹13,74,899"
a XUV 3OO 1.2 W6 MT,Mahindra,"['1.2', 'W6']",NA,Feb-20,"6,747 km","6,747km (18 Feb 2022)",Petrol,1st Owner,Valid upto Dec 2022 Zero Depreciation,Non-Accidental,CHANDIGARH,"₹21,190/month","₹9,24,999"
 New Elantra 1.6 SX AT O AUTOMATIC,Hyundai,"['1.6', 'SX', 'AT', 'O']",AUTOMATIC,Feb-21,"45,116 km","45,116km (05 Mar 2022)",Diesel,1st Owner,Valid upto Mar 2023 3rd Party,Non-Accidental,CHANDIGARH,"₹32,245/month","₹14,10,499"
YARIS J MT MANUAL,Toyota,"['J', 'MT']",MANUAL,Jan-15,"52,770 km","52,770km (13 Nov 2021)",Petrol,2nd Owner,Valid upto Mar 2023 3rd Party,Non-Accidental,CHANDIGARH,"₹17,000/month","₹7,40,999"
a MARAZZO M2 8 STR,Mahindra,"['M2', '8']",NA,Feb-20,"81,267 km","81,267km (22 Feb 2022)",Diesel,2nd Owner,Valid upto Mar 2023 3rd Party,Non-Accidental,CHANDIGARH,"₹16,283/month","₹7,09,499"
Innova 2.5 VX 7 STR BS IV MANUAL,Toyota,"['2.5', 'VX', '7', 'STR', 'BS', 'IV']",MANUAL,Sep-20,"1,02,551 km","1,02,551km (18 Nov 2021)",Diesel,2nd Owner,Valid upto Mar 2023 3rd Party,Non-Accidental,CHANDIGARH,"₹14,626/month","₹6,36,699"
 AURA SX PETROL MANUAL,Hyundai,"['SX', 'PETROL']",MANUAL,Feb-20,"13,735 km","13,735km (29 Oct 2021)",Petrol,1st Owner,Valid upto Mar 2023 3rd Party,Non-Accidental,CHANDIGARH,"₹16,156/month","₹7,03,899"
Ertiga ZXI Plus SHVS MANUAL,Maruti,"['ZXI', 'Plus', 'SHVS']",MANUAL,Apr-16,"10,173 km","10,173km (25 Jan 2022)",Petrol,1st Owner,Valid upto Mar 2023 3rd Party,Non-Accidental,CHANDIGARH,"₹24,767/month","₹10,82,099"
Ciaz VXI PLUS MANUAL,Maruti,"['VXI', 'PLUS']",MANUAL,Jan-20,"56,611 km","56,611km (27 Jan 2022)",Petrol,1st Owner,Valid upto Mar 2023 3rd Party,Non-Accidental,CHANDIGARH,"₹13,116/month","₹5,70,399"
TOS HTK PLUS 1.5 DIESEL MANUAL,KIA,"['HTK', 'PLUS', '1.5', 'DIESEL']",MANUAL,Nov-16,"43,620 km","43,620km (19 Feb 2022)",Diesel,1st Owner,Valid upto Mar 2023 3rd Party,Non-Accidental,CHANDIGARH,"₹29,631/month","₹12,95,699"
 Creta S CRDI MANUAL,Hyundai,"['S', 'CRDI']",MANUAL,Dec-20,"4,915 km","4,915km (05 Mar 2022)",Diesel,1st Owner,Valid upto Oct 2022 Zero Depreciation,Non-Accidental,CHANDIGARH,"₹32,251/month","₹14,10,799"
TOS HTK 1.5 PETROL MANUAL,KIA,"['HTK', '1.5', 'PETROL']",MANUAL,Jan-21,"7,685 km","7,685km (11 Mar 2022)",Petrol,1st Owner,Valid upto Mar 2023 3rd Party,Non-Accidental,CHANDIGARH,"₹24,615/month","₹10,75,399"
Vitara Brezza ZDI MANUAL,Maruti,['ZDI'],MANUAL,Aug-16,"1,13,356 km","1,13,356km (03 Nov 2021)",Diesel,1st Owner,Valid upto Mar 2023 3rd Party,Non-Accidental,CHANDIGARH,"₹16,547/month","₹7,21,099"
TOS GTX+ 1.4 MT MANUAL,KIA,"['GTX+', '1.4', 'MT']",MANUAL,Jun-19,"27,512 km","27,512km (02 Nov 2021)",Petrol,1st Owner,Valid upto Mar 2023 3rd Party,Non-Accidental,CHANDIGARH,"₹35,027/month","₹15,32,699"
Vitara Brezza VDI MANUAL,Maruti,['VDI'],MANUAL,Oct-20,"70,372 km","70,372km (21 Jan 2022)",Diesel,1st Owner,Valid upto Mar 2023 3rd Party,Non-Accidental,CHANDIGARH,"₹15,140/month","₹6,59,299"
a Scorpio S11 MANUAL,Mahindra,['S11'],MANUAL,May-17,"16,008 km","16,008km (22 Nov 2021)",Diesel,1st Owner,Valid upto Dec 2023 Third_party,Non-Accidental,CHANDIGARH,"₹38,893/month","₹17,02,499"
gen Polo GT TSI AT 1.0 AUTOMATIC,Volkswagen,"['GT', 'TSI', 'AT', '1.0']",AUTOMATIC,Dec-15,"6,604 km","6,604km (28 Jan 2022)",Petrol,1st Owner,Valid upto Mar 2023 3rd Party,Non-Accidental,CHANDIGARH,"₹22,096/month","₹9,64,799"
Vitara Brezza ZDI PLUS MANUAL,Maruti,"['ZDI', 'PLUS']",MANUAL,Oct-12,"98,228 km","98,228km (29 Oct 2021)",Diesel,1st Owner,Valid upto Mar 2023 3rd Party,Non-Accidental,CHANDIGARH,"₹16,333/month","₹7,11,699"
a Thar CRDE 4X4 BS IV MANUAL,Mahindra,"['CRDE', '4X4', 'BS', 'IV']",MANUAL,Jun-14,"15,507 km","15,507km (29 Dec 2021)",Diesel,1st Owner,Valid upto Aug 2022 Third_party,Non-Accidental,CHANDIGARH,"₹21,104/month","₹9,21,199"
Swift ZXI+ MANUAL,Maruti,['ZXI+'],MANUAL,Feb-14,"7,562 km","7,562km (14 Dec 2021)",Petrol,1st Owner,Valid upto Nov 2022 Zero_Dep,Non-Accidental,CHANDIGARH,"₹18,451/month","₹8,04,699"
Vitara Brezza VDI OPT MANUAL,Maruti,"['VDI', 'OPT']",MANUAL,Apr-17,"82,579 km","82,579km (04 Jan 2022)",Diesel,1st Owner,Valid upto Mar 2023 3rd Party,Non-Accidental,CHANDIGARH,"₹17,007/month","₹7,41,299"
Swift Dzire VXI 1.2 BS IV MANUAL,Maruti,"['VXI', '1.2', 'BS', 'IV']",MANUAL,Mar-18,"65,790 km","65,790km (14 Jan 2022)",Petrol,2nd Owner,Valid upto Sept 2022 3rd Party,Non-Accidental,CHANDIGARH,"₹10,197/month","₹4,42,199"
Alto K10 VXI MANUAL,Maruti,['VXI'],MANUAL,Apr-21,"1,24,233 km","1,24,233km (24 Dec 2021)",Petrol,2nd Owner,Valid upto Mar 2023 3rd Party,Non-Accidental,CHANDIGARH,"₹5,584/month","₹2,39,599"
 Grand i10 SPORTS 1.2 VTVT MANUAL,Hyundai,"['SPORTS', '1.2', 'VTVT']",MANUAL,Jul-17,"29,144 km","29,144km (10 Feb 2022)",Petrol,2nd Owner,Valid upto Mar 2023 3rd Party,Non-Accidental,CHANDIGARH,"₹9,309/month","₹4,03,199"
Swift Dzire VDI BS IV MANUAL,Maruti,"['VDI', 'BS', 'IV']",MANUAL,Jul-18,"84,430 km","84,430km (30 Oct 2021)",Diesel,1st Owner,Valid upto Mar 2023 3rd Party,Non-Accidental,CHANDIGARH,"₹10,418/month","₹4,51,899"
 Grand i10 SPORTZ 1.2 KAPPA VTVT MANUAL,Hyundai,"['SPORTZ', '1.2', 'KAPPA', 'VTVT']",MANUAL,Jul-19,"44,778 km","44,778km (30 Nov 2021)",Petrol,2nd Owner,Valid upto Mar 2023 3rd Party,Non-Accidental,CHANDIGARH,"₹8,981/month","₹3,88,799"
Vitara Brezza ZDI MANUAL,Maruti,['ZDI'],MANUAL,May-19,"95,064 km","95,064km (23 Dec 2021)",Diesel,1st Owner,Valid upto Mar 2023 3rd Party,Non-Accidental,CHANDIGARH,"₹17,030/month","₹7,42,299"
osport 1.5 TREND TDCI MANUAL,Ford,"['1.5', 'TREND', 'TDCI']",MANUAL,Feb-18,"46,128 km","46,128km (15 Nov 2021)",Diesel,1st Owner,Valid upto Mar 2023 3rd Party,Non-Accidental,CHANDIGARH,"₹18,091/month","₹7,88,899"
Baleno DELTA 1.2 K12 MANUAL,Maruti,"['DELTA', '1.2', 'K12']",MANUAL,Apr-15,"13,819 km","13,819km (01 Feb 2022)",Petrol,1st Owner,Valid upto Mar 2023 3rd Party,Non-Accidental,CHANDIGARH,"₹15,247/month","₹6,63,999"
Swift VXI MANUAL,Maruti,['VXI'],MANUAL,Nov-15,"30,848 km","30,848km (30 Dec 2021)",Petrol,2nd Owner,Valid upto Mar 2023 3rd Party,Non-Accidental,CHANDIGARH,"₹12,711/month","₹5,52,599"
IGNIS DELTA 1.2 K12 MANUAL,Maruti,"['DELTA', '1.2', 'K12']",MANUAL,Dec-20,"31,975 km","31,975km (18 Feb 2022)",Petrol,1st Owner,Valid upto Mar 2023 3rd Party,Non-Accidental,CHANDIGARH,"₹11,215/month","₹4,86,899"
osport 1.5 TREND TI VCT MANUAL,Ford,"['1.5', 'TREND', 'TI', 'VCT']",MANUAL,Nov-17,"20,489 km","20,489km (02 Feb 2022)",Petrol,1st Owner,Valid upto Aug 2022 Third_party,Non-Accidental,CHANDIGARH,"₹18,055/month","₹7,87,299"
Baleno ALPHA 1.2 K12 MANUAL,Maruti,"['ALPHA', '1.2', 'K12']",MANUAL,May-17,"21,169 km","21,169km (09 Mar 2022)",Petrol,1st Owner,Valid upto Mar 2023 3rd Party,Non-Accidental,CHANDIGARH,"₹16,727/month","₹7,28,999"
Swift VXI AMT AUTOMATIC,Maruti,"['VXI', 'AMT']",AUTOMATIC,Jan-19,"72,984 km","72,984km (23 Dec 2021)",Petrol,1st Owner,Valid upto Mar 2023 3rd Party,Non-Accidental,CHANDIGARH,"₹13,109/month","₹5,70,099"
eries 320D SPORTLINE AUTOMATIC,BMW,"['320D', 'SPORTLINE']",AUTOMATIC,Dec-15,"86,411 km","86,411km (22 Dec 2021)",Diesel,2nd Owner,Valid upto Mar 2023 3rd Party,Non-Accidental,CHANDIGARH,"₹41,439/month","₹18,14,299"
 Grand i10 MAGNA 1.2 KAPPA VTVT MANUAL,Hyundai,"['MAGNA', '1.2', 'KAPPA', 'VTVT']",MANUAL,Jul-17,"76,868 km","76,868km (09 Nov 2021)",Petrol,1st Owner,Valid upto Mar 2023 3rd Party,Non-Accidental,CHANDIGARH,"₹8,756/month","₹3,78,899"
 VENUE 1.0 TURBO GDI SX+ AT AUTOMATIC,Hyundai,"['1.0', 'TURBO', 'GDI', 'SX+', 'AT']",AUTOMATIC,Feb-18,"2,354 km","2,354km (06 Jan 2022)",Petrol,1st Owner,Valid upto Dec 2023 Third_party,Non-Accidental,CHANDIGARH,"₹25,480/month","₹11,13,399"
Baleno DELTA 1.2 K12 MANUAL,Maruti,"['DELTA', '1.2', 'K12']",MANUAL,Oct-18,"53,213 km","53,213km (03 Jan 2022)",Petrol,1st Owner,Valid upto Mar 2023 3rd Party,Non-Accidental,CHANDIGARH,"₹13,080/month","₹5,68,799"
Swift VXI MANUAL,Maruti,['VXI'],MANUAL,Jan-20,"58,397 km","58,397km (20 Jan 2022)",Petrol,1st Owner,Valid upto Mar 2023 3rd Party,Non-Accidental,CHANDIGARH,"₹12,135/month","₹5,27,299"
Baleno DELTA 1.2 K12 MANUAL,Maruti,"['DELTA', '1.2', 'K12']",MANUAL,Feb-16,"36,395 km","36,395km (04 Feb 2022)",Petrol,1st Owner,Valid upto Nov 2022 3rd Party,Non-Accidental,CHANDIGARH,"₹14,357/month","₹6,24,899"
 35 TDI PREMIUM PLUS SUNROOF AUTOMATIC,Audi,"['35', 'TDI', 'PREMIUM', 'PLUS', 'SUNROOF']",AUTOMATIC,Dec-20,"41,462 km","41,462km (06 Dec 2021)",Diesel,1st Owner,Valid upto Mar 2023 3rd Party,Non-Accidental,CHANDIGARH,"₹37,081/month","₹16,22,899"
Baleno DELTA 1.2 K12 MANUAL,Maruti,"['DELTA', '1.2', 'K12']",MANUAL,Sep-20,"32,968 km","32,968km (12 Jan 2022)",Petrol,2nd Owner,Valid upto Jul 2022 Comp,Non-Accidental,CHANDIGARH,"₹12,859/month","₹5,59,099"
a XUV500 W9 MANUAL,Mahindra,['W9'],MANUAL,Feb-16,"46,051 km","46,051km (01 Nov 2021)",Diesel,2nd Owner,Valid upto Mar 2023 3rd Party,Non-Accidental,CHANDIGARH,"₹29,275/month","₹12,80,099"
a XUV500 W5 MANUAL,Mahindra,['W5'],MANUAL,Dec-14,"58,590 km","58,590km (30 Jan 2022)",Diesel,1st Owner,Valid upto Mar 2023 3rd Party,Non-Accidental,CHANDIGARH,"₹23,346/month","₹10,19,699"
a XUV500 W9 MANUAL,Mahindra,['W9'],MANUAL,Feb-20,"21,316 km","21,316km (31 Dec 2021)",Diesel,1st Owner,Valid upto Mar 2023 3rd Party,Non-Accidental,CHANDIGARH,"₹38,192/month","₹16,71,699"
Fortuner 3.0 AT 4X2 AUTOMATIC,Toyota,"['3.0', 'AT', '4X2']",AUTOMATIC,Mar-19,"1,96,688 km","1,96,688km (02 Nov 2021)",Diesel,1st Owner,Valid upto Mar 2023 3rd Party,Non-Accidental,CHANDIGARH,"₹40,228/month","₹17,61,099"
Alto LXI MANUAL,Maruti,['LXI'],MANUAL,Oct-20,"3,658 km","3,658km (15 Feb 2022)",Petrol,1st Owner,Valid upto Dec 2023 3rd Party,Non-Accidental,CHANDIGARH,"₹9,213/month","₹3,98,999"
Alto LXI MANUAL,Maruti,['LXI'],MANUAL,Feb-18,"8,280 km","8,280km (20 Dec 2021)",Petrol,1st Owner,Valid upto Sept 2023 Third_party,Non-Accidental,CHANDIGARH,"₹8,922/month","₹3,86,199"
S PRESSO VXI PLUS MANUAL,Maruti,"['VXI', 'PLUS']",MANUAL,Dec-17,"9,534 km","9,534km (28 Jan 2022)",Petrol,1st Owner,Valid upto Mar 2023 3rd Party,Non-Accidental,CHANDIGARH,"₹9,805/month","₹4,24,999"
Alto K10 VXI MANUAL,Maruti,['VXI'],MANUAL,Aug-21,"75,777 km","75,777km (23 Feb 2022)",Petrol,1st Owner,Valid upto Mar 2023 3rd Party,Non-Accidental,CHANDIGARH,"₹7,658/month","₹3,30,699"
Alto LXI MANUAL,Maruti,['LXI'],MANUAL,Jan-21,"45,369 km","45,369km (28 Feb 2022)",Petrol,1st Owner,Valid upto Oct 2022 3rd Party,Non-Accidental,CHANDIGARH,"₹7,984/month","₹3,44,999"
Alto K10 VXI MANUAL,Maruti,['VXI'],MANUAL,Dec-18,"34,674 km","34,674km (03 Nov 2021)",Petrol,1st Owner,Valid upto Oct 2022 Third_party,Non-Accidental,CHANDIGARH,"₹6,807/month","₹2,93,299"
S PRESSO VXI PLUS MANUAL,Maruti,"['VXI', 'PLUS']",MANUAL,Jan-19,"22,454 km","22,454km (27 Dec 2021)",Petrol,1st Owner,Valid upto Jul 2023 Third_party,Non-Accidental,CHANDIGARH,"₹9,960/month","₹4,31,799"
 NEW SANTRO SPORTZ 1.1 MANUAL,Hyundai,"['SPORTZ', '1.1']",MANUAL,Feb-18,"7,412 km","7,412km (22 Jan 2022)",Petrol,1st Owner,Valid upto Mar 2023 3rd Party,Non-Accidental,CHANDIGARH,"₹11,042/month","₹4,79,299"
Alto K10 VXI MANUAL,Maruti,['VXI'],MANUAL,Feb-15,"42,893 km","42,893km (03 Jan 2022)",Petrol,1st Owner,Valid upto Mar 2023 3rd Party,Non-Accidental,CHANDIGARH,"₹7,619/month","₹3,28,999"
Alto 800 LXI MANUAL,Maruti,['LXI'],MANUAL,Jun-21,"52,821 km","52,821km (06 Jan 2022)",Petrol,1st Owner,Valid upto Mar 2023 3rd Party,Non-Accidental,CHANDIGARH,"₹8,164/month","₹3,52,899"
Alto 800 LXI MANUAL,Maruti,['LXI'],MANUAL,Feb-18,"16,010 km","16,010km (16 Mar 2022)",Petrol,1st Owner,Valid upto Feb 2023 3rd Party,Non-Accidental,CHANDIGARH,"₹7,795/month","₹3,36,699"
Eeco 5 STR WITH AC PLUSHTR MANUAL,Maruti,"['5', 'STR', 'WITH', 'AC', 'PLUSHTR']",MANUAL,Sep-18,"2,074 km","2,074km (04 Oct 2021)",Petrol,1st Owner,Valid upto Mar 2023 3rd Party,Non-Accidental,CHANDIGARH,"₹10,263/month","₹4,45,099"
Alto K10 VXI (O) AMT AUTOMATIC,Maruti,"['VXI', '(O)', 'AMT']",AUTOMATIC,Aug-17,"59,113 km","59,113km (09 Feb 2022)",Petrol,2nd Owner,Valid upto Mar 2023 3rd Party,Non-Accidental,CHANDIGARH,"₹8,535/month","₹3,69,199"
Alto K10 VXI MANUAL,Maruti,['VXI'],MANUAL,Jun-18,"44,234 km","44,234km (04 Jan 2022)",Petrol,1st Owner,Valid upto Mar 2023 3rd Party,Non-Accidental,CHANDIGARH,"₹8,362/month","₹3,61,599"
Alto VXI MANUAL,Maruti,['VXI'],MANUAL,Mar-18,538 km,538km (05 Jan 2022),Petrol,1st Owner,Valid upto Aug 2022 Zero_Dep,Non-Accidental,CHANDIGARH,"₹9,302/month","₹4,02,899"
 NEW SANTRO 1.1 MAGNA MT MANUAL,Hyundai,"['1.1', 'MAGNA', 'MT']",MANUAL,Mar-18,"1,431 km","1,431km (11 Jan 2022)",Petrol,1st Owner,Valid upto Jul 2022 Comprehensive,Non-Accidental,CHANDIGARH,"₹12,815/month","₹5,57,199"
Alto K10 VXI MANUAL,Maruti,['VXI'],MANUAL,Dec-17,"29,991 km","29,991km (12 Nov 2021)",Petrol,1st Owner,Valid upto Mar 2023 3rd Party,Non-Accidental,CHANDIGARH,"₹8,742/month","₹3,78,299"
Alto K10 VXI MANUAL,Maruti,['VXI'],MANUAL,Jan-19,"13,449 km","13,449km (26 Nov 2021)",Petrol,1st Owner,Valid upto Mar 2023 3rd Party,Non-Accidental,CHANDIGARH,"₹8,942/month","₹3,87,099"
Alto K10 VXI MANUAL,Maruti,['VXI'],MANUAL,Feb-16,"23,645 km","23,645km (17 Nov 2021)",Petrol,1st Owner,Valid upto Mar 2023 3rd Party,Non-Accidental,CHANDIGARH,"₹8,683/month","₹3,75,699"
Swift VDI ABS MANUAL,Maruti,"['VDI', 'ABS']",MANUAL,Oct-17,"1,21,027 km","1,21,027km (30 Dec 2021)",Diesel,1st Owner,Valid upto Mar 2023 3rd Party,Non-Accidental,CHANDIGARH,"₹10,397/month","₹4,50,999"
Alto VXI MANUAL,Maruti,['VXI'],MANUAL,Mar-18,"31,577 km","31,577km (28 Feb 2022)",Petrol,1st Owner,Valid upto Jun 2022 Zero Depreciation,Non-Accidental,CHANDIGARH,"₹9,735/month","₹4,21,899"
Alto K10 VXI MANUAL,Maruti,['VXI'],MANUAL,Jun-16,"33,416 km","33,416km (08 Nov 2021)",Petrol,2nd Owner,Valid upto Mar 2023 3rd Party,Non-Accidental,CHANDIGARH,"₹8,293/month","₹3,58,599"
Alto K10 VXI MANUAL,Maruti,['VXI'],MANUAL,May-18,"16,425 km","16,425km (07 Dec 2021)",Petrol,1st Owner,Valid upto Oct 2022 Third Party,Non-Accidental,CHANDIGARH,"₹8,742/month","₹3,78,299"
Alto K10 VXI MANUAL,Maruti,['VXI'],MANUAL,Feb-19,"26,903 km","26,903km (07 Jan 2022)",Petrol,1st Owner,Valid upto Sept 2022 Third_party,Non-Accidental,CHANDIGARH,"₹8,198/month","₹3,54,399"
Alto K10 VXI MANUAL,Maruti,['VXI'],MANUAL,Nov-17,"14,299 km","14,299km (11 Feb 2022)",Petrol,1st Owner,Valid upto Mar 2023 3rd Party,Non-Accidental,CHANDIGARH,"₹9,209/month","₹3,98,799"
Alto K10 VXI MANUAL,Maruti,['VXI'],MANUAL,Dec-18,"33,529 km","33,529km (08 Feb 2022)",Petrol,1st Owner,Valid upto Mar 2023 3rd Party,Non-Accidental,CHANDIGARH,"₹9,056/month","₹3,92,099"
Alto K10 VXI MANUAL,Maruti,['VXI'],MANUAL,Feb-19,"28,156 km","28,156km (02 Nov 2021)",Petrol,1st Owner,Valid upto Mar 2023 3rd Party,Non-Accidental,CHANDIGARH,"₹8,763/month","₹3,79,199"
Alto K10 VXI MANUAL,Maruti,['VXI'],MANUAL,Jan-20,"27,372 km","27,372km (09 Mar 2022)",Petrol,1st Owner,Valid upto Mar 2023 3rd Party,Non-Accidental,CHANDIGARH,"₹8,949/month","₹3,87,399"
Alto K10 VXI (O) AMT AUTOMATIC,Maruti,"['VXI', '(O)', 'AMT']",AUTOMATIC,Feb-20,"8,420 km","8,420km (24 Nov 2021)",Petrol,1st Owner,Valid upto Mar 2023 3rd Party,Non-Accidental,CHANDIGARH,"₹10,224/month","₹4,43,399"
Swift VXI MANUAL,Maruti,['VXI'],MANUAL,Feb-19,"30,504 km","30,504km (17 Feb 2022)",Petrol,1st Owner,Valid upto Mar 2023 3rd Party,Non-Accidental,CHANDIGARH,"₹11,194/month","₹4,85,999"
ago XM 1.05 REVOTORQ MANUAL,Tata,"['XM', '1.05', 'REVOTORQ']",MANUAL,Oct-19,"93,333 km","93,333km (13 Nov 2021)",Diesel,1st Owner,Valid upto Mar 2023 3rd Party,Non-Accidental,CHANDIGARH,"₹7,852/month","₹3,39,199"
Celerio X Zxi MANUAL,Maruti,['Zxi'],MANUAL,Jan-17,"82,223 km","82,223km (02 Mar 2022)",Petrol,1st Owner,Valid upto Mar 2023 3rd Party,Non-Accidental,CHANDIGARH,"₹10,063/month","₹4,36,299"
Baleno DELTA 1.2 K12 MANUAL,Maruti,"['DELTA', '1.2', 'K12']",MANUAL,Mar-15,"45,653 km","45,653km (16 Nov 2021)",Petrol,1st Owner,Valid upto Jul 2022 Third_party,Non-Accidental,CHANDIGARH,"₹11,918/month","₹5,17,799"
Wagon R 1.0 VXI MANUAL,Maruti,['VXI'],MANUAL,Aug-13,"15,025 km","15,025km (16 Feb 2022)",Petrol,2nd Owner,Valid upto Oct 2022 Zero Depreciation,Non-Accidental,CHANDIGARH,"₹9,685/month","₹4,19,699"
 Elite i20 1.2 MAGNA PLUS VTVT MANUAL,Hyundai,"['1.2', 'MAGNA', 'PLUS', 'VTVT']",MANUAL,Jun-18,"45,257 km","45,257km (04 Feb 2022)",Petrol,1st Owner,Valid upto Mar 2023 3rd Party,Non-Accidental,CHANDIGARH,"₹14,104/month","₹6,13,799"
Alto K10 VXI MANUAL,Maruti,['VXI'],MANUAL,May-19,"52,240 km","52,240km (15 Jan 2022)",Petrol,1st Owner,Valid upto Nov 2022 3rd Party,Non-Accidental,CHANDIGARH,"₹8,216/month","₹3,55,199"
Alto 800 LXI MANUAL,Maruti,['LXI'],MANUAL,Mar-14,"35,143 km","35,143km (28 Jan 2022)",Petrol,1st Owner,Valid upto Mar 2023 3rd Party,Non-Accidental,CHANDIGARH,"₹7,353/month","₹3,17,299"
Baleno ALPHA 1.2 K12 MANUAL,Maruti,"['ALPHA', '1.2', 'K12']",MANUAL,Feb-12,"51,093 km","51,093km (17 Mar 2022)",Petrol,1st Owner,Valid upto Mar 2023 3rd Party,Non-Accidental,CHANDIGARH,"₹16,112/month","₹7,01,999"
Alto LXI MANUAL,Maruti,['LXI'],MANUAL,Jul-10,"44,221 km","44,221km (10 Jan 2022)",Petrol,1st Owner,Valid upto Feb 2023 Third_party,Non-Accidental,CHANDIGARH,"₹8,972/month","₹3,88,399"
S PRESSO VXI PLUS MANUAL,Maruti,"['VXI', 'PLUS']",MANUAL,Feb-17,"20,040 km","20,040km (05 Mar 2022)",Petrol,2nd Owner,Valid upto Sept 2022 Zero Depreciation,Non-Accidental,CHANDIGARH,"₹10,646/month","₹4,61,899"
Alto K10 VXI MANUAL,Maruti,['VXI'],MANUAL,May-16,"18,741 km","18,741km (15 Jan 2022)",Petrol,1st Owner,Valid upto Mar 2023 3rd Party,Non-Accidental,CHANDIGARH,"₹8,958/month","₹3,87,799"
Vitara Brezza LDI MANUAL,Maruti,['LDI'],MANUAL,Jun-18,"26,682 km","26,682km (26 Feb 2022)",Diesel,1st Owner,Valid upto Oct 2022 Comprehensive,Non-Accidental,CHANDIGARH,"₹17,203/month","₹7,49,899"
azz 1.2 SV MT MANUAL,Honda,"['1.2', 'SV', 'MT']",MANUAL,Aug-20,"30,806 km","30,806km (02 Mar 2022)",Petrol,1st Owner,Valid upto Jan 2023 Zero Depreciation,Non-Accidental,CHANDIGARH,"₹12,340/month","₹5,36,299"
 Grand i10 MAGNA 1.2 VTVT MANUAL,Hyundai,"['MAGNA', '1.2', 'VTVT']",MANUAL,Jan-21,"56,179 km","56,179km (15 Jan 2022)",Petrol,1st Owner,Valid upto Jun 2022 Comprehensive,Non-Accidental,CHANDIGARH,"₹9,004/month","₹3,89,799"
Innova 2.5 VX 7 STR BS IV MANUAL,Toyota,"['2.5', 'VX', '7', 'STR', 'BS', 'IV']",MANUAL,Mar-20,"1,40,939 km","1,40,939km (02 Mar 2022)",Diesel,1st Owner,Valid upto Mar 2023 3rd Party,Non-Accidental,CHANDIGARH,"₹14,906/month","₹6,48,999"
 Creta 1.4 E PLUS CRDI,Hyundai,"['1.4', 'E', 'PLUS']",NA,Mar-16,"43,362 km","43,362km (15 Jan 2022)",Diesel,1st Owner,Valid upto Mar 2023 3rd Party,Non-Accidental,CHANDIGARH,"₹21,705/month","₹9,47,599"
Vitara Brezza VDI AMT AUTOMATIC,Maruti,"['VDI', 'AMT']",AUTOMATIC,Jun-16,"52,340 km","52,340km (01 Feb 2022)",Diesel,1st Owner,Valid upto Jul 2022 3rd Party,Non-Accidental,CHANDIGARH,"₹19,687/month","₹8,58,999"
rio 1.2 S MT I VTEC MANUAL,Honda,"['1.2', 'S', 'MT', 'I', 'VTEC']",MANUAL,Jan-14,"51,642 km","51,642km (19 Oct 2021)",Petrol,3rd Owner,Valid upto Mar 2023 3rd Party,Non-Accidental,CHANDIGARH,"₹7,606/month","₹3,28,399"
Swift Dzire VDI BS IV MANUAL,Maruti,"['VDI', 'BS', 'IV']",MANUAL,Oct-20,"1,06,491 km","1,06,491km (11 Dec 2021)",Diesel,2nd Owner,Valid upto Mar 2023 3rd Party,Non-Accidental,CHANDIGARH,"₹8,314/month","₹3,59,499"
s Benz C Class 250 CDI CLASSIC AUTOMATIC,Mercedes,"['250', 'CDI', 'CLASSIC']",AUTOMATIC,Jan-19,"1,15,576 km","1,15,576km (19 Feb 2022)",Diesel,1st Owner,Valid upto Mar 2023 3rd Party,Non-Accidental,CHANDIGARH,"₹19,772/month","₹8,62,699"
Celerio ZXI OPT AMT AUTOMATIC,Maruti,"['ZXI', 'OPT', 'AMT']",AUTOMATIC,Feb-16,"33,051 km","33,051km (21 Jan 2022)",Petrol,1st Owner,Valid upto Mar 2023 3rd Party,Non-Accidental,CHANDIGARH,"₹11,367/month","₹4,93,599"
Alto 800 LXI MANUAL,Maruti,['LXI'],MANUAL,Mar-20,"31,482 km","31,482km (15 Feb 2022)",Petrol,1st Owner,Valid upto Dec 2022 3rd Party,Non-Accidental,CHANDIGARH,"₹6,957/month","₹2,99,899"
 Kwid 1.0 RXT Opt AT AUTOMATIC,Renault,"['1.0', 'RXT', 'Opt', 'AT']",AUTOMATIC,Jan-20,"19,278 km","19,278km (04 Feb 2022)",Petrol,1st Owner,Valid upto Nov 2022 Zero Depreciation,Non-Accidental,CHANDIGARH,"₹9,591/month","₹4,15,599"
Ertiga ZXI SMART HYBRID MANUAL,Maruti,"['ZXI', 'SMART', 'HYBRID']",MANUAL,Mar-17,"10,408 km","10,408km (01 Nov 2021)",Petrol,1st Owner,Valid upto Mar 2023 3rd Party,Non-Accidental,CHANDIGARH,"₹21,652/month","₹9,45,299"
a Bolero B6 (O) MANUAL,Mahindra,"['B6', '(O)']",MANUAL,May-17,"13,869 km","13,869km (12 Oct 2021)",Diesel,1st Owner,Valid upto Mar 2023 3rd Party,Non-Accidental,CHANDIGARH,"₹22,124/month","₹9,65,999"
XON XE MANUAL,Tata,['XE'],MANUAL,Feb-20,"18,013 km","18,013km (17 Feb 2022)",Petrol,1st Owner,Valid upto Mar 2023 3rd Party,Non-Accidental,CHANDIGARH,"₹17,558/month","₹7,65,499"
deavour 2.2l 4X4 MT Trend MANUAL,Ford,"['2.2l', '4X4', 'MT', 'Trend']",MANUAL,May-17,"45,927 km","45,927km (17 Feb 2022)",Diesel,1st Owner,Valid upto Jul 2022 Comp,Non-Accidental,CHANDIGARH,"₹47,867/month","₹20,96,599"
Vitara Brezza ZDI PLUS MANUAL,Maruti,"['ZDI', 'PLUS']",MANUAL,Jan-19,"49,158 km","49,158km (14 Feb 2022)",Diesel,1st Owner,Valid upto Nov 2022 3rd Party,Non-Accidental,CHANDIGARH,"₹16,732/month","₹7,29,199"
 i20 SPORTZ 1.2 VTVT MANUAL,Hyundai,"['SPORTZ', '1.2', 'VTVT']",MANUAL,Feb-13,"73,144 km","73,144km (13 Jan 2022)",Petrol,1st Owner,Valid upto Mar 2023 3rd Party,Non-Accidental,CHANDIGARH,"₹9,965/month","₹4,31,999"
 NEW I20 ASTA (O) 1.0 TURBO GDI AT,Hyundai,"['ASTA', '(O)', '1.0', 'TURBO', 'GDI']",NA,Aug-18,"10,629 km","10,629km (21 Jan 2022)",Petrol,1st Owner,Valid upto Nov 2022 Comprehensive,Non-Accidental,CHANDIGARH,"₹27,001/month","₹11,80,199"
ity VX CVT PETROL AUTOMATIC,Honda,"['VX', 'CVT', 'PETROL']",AUTOMATIC,Apr-18,"41,513 km","41,513km (07 Feb 2022)",Petrol,1st Owner,Valid upto Mar 2023 3rd Party,Non-Accidental,CHANDIGARH,"₹25,758/month","₹11,25,599"
Swift Dzire VDI ABS MANUAL,Maruti,"['VDI', 'ABS']",MANUAL,Nov-19,"62,987 km","62,987km (19 Jan 2022)",Diesel,1st Owner,Valid upto Mar 2023 3rd Party,Non-Accidental,CHANDIGARH,"₹12,934/month","₹5,62,399"
YARIS G CVT AUTOMATIC,Toyota,"['G', 'CVT']",AUTOMATIC,Mar-18,"18,604 km","18,604km (15 Jan 2022)",Petrol,1st Owner,Valid upto Mar 2023 3rd Party,Non-Accidental,CHANDIGARH,"₹22,663/month","₹9,89,699"
osport 1.5 TITANIUM TI VCT AT AUTOMATIC,Ford,"['1.5', 'TITANIUM', 'TI', 'VCT', 'AT']",AUTOMATIC,Feb-17,"11,104 km","11,104km (01 Nov 2021)",Petrol,1st Owner,Valid upto Jul 2022 Zero_Dep,Non-Accidental,CHANDIGARH,"₹23,724/month","₹10,36,299"
Fortuner 2.8 4x2 MT MANUAL,Toyota,"['2.8', '4x2', 'MT']",MANUAL,Dec-15,"92,357 km","92,357km (10 Dec 2021)",Diesel,1st Owner,Valid upto Mar 2023 3rd Party,Non-Accidental,CHANDIGARH,"₹58,407/month","₹25,59,499"
Wagon R 1.0 VXI MANUAL,Maruti,['VXI'],MANUAL,Mar-18,"91,681 km","91,681km (09 Mar 2022)",Petrol,1st Owner,Valid upto Mar 2023 3rd Party,Non-Accidental,CHANDIGARH,"₹8,328/month","₹3,60,099"
Baleno DELTA 1.2 K12 MANUAL,Maruti,"['DELTA', '1.2', 'K12']",MANUAL,Jan-19,"10,744 km","10,744km (19 Feb 2022)",Petrol,1st Owner,Valid upto Mar 2023 3rd Party,Non-Accidental,CHANDIGARH,"₹16,147/month","₹7,03,499"
IGNIS DELTA 1.2 K12 MANUAL,Maruti,"['DELTA', '1.2', 'K12']",MANUAL,May-16,"70,140 km","70,140km (04 Mar 2022)",Petrol,1st Owner,Valid upto Mar 2023 3rd Party,Non-Accidental,CHANDIGARH,"₹9,817/month","₹4,25,499"
Dzire ZXI AMT AUTOMATIC,Maruti,"['ZXI', 'AMT']",AUTOMATIC,Nov-17,"34,268 km","34,268km (02 Nov 2021)",Petrol,1st Owner,Valid upto Mar 2023 3rd Party,Non-Accidental,CHANDIGARH,"₹16,768/month","₹7,30,799"
Swift VDI MANUAL,Maruti,['VDI'],MANUAL,Dec-16,"1,27,325 km","1,27,325km (11 Jan 2022)",Diesel,3rd Owner,Valid upto Mar 2023 3rd Party,Non-Accidental,CHANDIGARH,"₹8,892/month","₹3,84,899"
osport 1.5 TREND TDCI MANUAL,Ford,"['1.5', 'TREND', 'TDCI']",MANUAL,May-18,"92,869 km","92,869km (10 Nov 2021)",Diesel,1st Owner,Valid upto Mar 2023 3rd Party,Non-Accidental,CHANDIGARH,"₹16,012/month","₹6,97,599"
 Eon ERA+ SE MANUAL,Hyundai,"['ERA+', 'SE']",MANUAL,Mar-17,"52,878 km","52,878km (01 Feb 2022)",Petrol,1st Owner,Valid upto Mar 2023 3rd Party,Non-Accidental,CHANDIGARH,"₹8,152/month","₹3,52,399"
 NEW SANTRO SPORTZ 1.1 MANUAL,Hyundai,"['SPORTZ', '1.1']",MANUAL,Sep-19,"43,382 km","43,382km (12 Dec 2021)",Petrol,1st Owner,Valid upto Mar 2023 3rd Party,Non-Accidental,CHANDIGARH,"₹11,622/month","₹5,04,799"
Alto LXI MANUAL,Maruti,['LXI'],MANUAL,Mar-19,"29,782 km","29,782km (03 Jan 2022)",Petrol,2nd Owner,Valid upto Mar 2023 3rd Party,Non-Accidental,CHANDIGARH,"₹7,950/month","₹3,43,499"
Alto K10 VXI MANUAL,Maruti,['VXI'],MANUAL,Feb-16,"41,354 km","41,354km (01 Jan 2022)",Petrol,1st Owner,Valid upto Mar 2023 3rd Party,Non-Accidental,CHANDIGARH,"₹7,902/month","₹3,41,399"
Alto K10 VXI MANUAL,Maruti,['VXI'],MANUAL,Aug-19,"48,513 km","48,513km (03 Oct 2021)",Petrol,1st Owner,Valid upto Mar 2023 3rd Party,Non-Accidental,CHANDIGARH,"₹8,120/month","₹3,50,999"
