Name,Brand,Model,Transmission,Year of Purchase,Kilometers Driven,Last Service,Fuel Type,Owner,Insurance,History,Location,EMI per month,Price
 Kwid CLIMBER 1.0 MANUAL,Renault,"['CLIMBER', '1.0']",MANUAL,Mar-17,"20,888 km","20,888km (16 Mar 2022)",Petrol,1st Owner,Valid upto Mar 2023 3rd Party,Non-Accidental,BENGALURU,"₹9,254/month","₹4,00,799"
Swift VXI MANUAL,Maruti,['VXI'],MANUAL,Dec-12,"56,941 km","56,941km (19 Jan 2022)",Petrol,2nd Owner,Valid upto Mar 2023 3rd Party,Non-Accidental,BENGALURU,"₹10,024/month","₹4,34,599"
Redi Go T (O) MANUAL,Datsun,"['T', '(O)']",MANUAL,Feb-17,"37,217 km","37,217km (24 Feb 2022)",Petrol,1st Owner,Valid upto Mar 2023 3rd Party,Non-Accidental,BENGALURU,"₹7,219/month","₹3,11,399"
gen Ameo HIGHLINE 1.5 MANUAL,Volkswagen,"['HIGHLINE', '1.5']",MANUAL,Dec-16,"56,225 km","56,225km (24 Feb 2022)",Diesel,1st Owner,Valid upto Mar 2023 3rd Party,Non-Accidental,BENGALURU,"₹14,223/month","₹6,18,999"
a Scorpio S6 PLUS MANUAL,Mahindra,"['S6', 'PLUS']",MANUAL,Sep-17,"53,164 km","53,164km (14 Mar 2022)",Diesel,1st Owner,Valid upto Oct 2022 Comprehensive,Non-Accidental,BENGALURU,"₹25,639/month","₹11,20,399"
 Elite i20 ASTA 1.2 MANUAL,Hyundai,"['ASTA', '1.2']",MANUAL,Aug-16,"46,501 km","46,501km (15 Mar 2022)",Petrol,2nd Owner,Valid upto Mar 2023 3rd Party,Non-Accidental,BENGALURU,"₹16,616/month","₹7,24,099"
 Elite i20 SPORTZ 1.2 MANUAL,Hyundai,"['SPORTZ', '1.2']",MANUAL,Jul-15,"30,395 km","30,395km (14 Mar 2022)",Petrol,1st Owner,Valid upto Jul 2022 Zero Depreciation,Non-Accidental,BENGALURU,"₹13,057/month","₹5,67,799"
 Elite i20 ASTA 1.4 CRDI MANUAL,Hyundai,"['ASTA', '1.4', 'CRDI']",MANUAL,Feb-16,"43,221 km","43,221km (27 Nov 2021)",Diesel,2nd Owner,Valid upto Mar 2023 3rd Party,Non-Accidental,BENGALURU,"₹15,755/month","₹6,86,299"
 Creta 1.6 CRDI SX PLUS AUTO AUTOMATIC,Hyundai,"['1.6', 'CRDI', 'SX', 'PLUS', 'AUTO']",AUTOMATIC,Apr-17,"45,447 km","45,447km (12 Mar 2022)",Diesel,1st Owner,Valid upto Mar 2023 3rd Party,Non-Accidental,BENGALURU,"₹28,765/month","₹12,57,699"
 Elite i20 ASTA 1.2 MANUAL,Hyundai,"['ASTA', '1.2']",MANUAL,Dec-16,"30,731 km","30,731km (26 Feb 2022)",Petrol,2nd Owner,Valid upto Mar 2023 3rd Party,Non-Accidental,BENGALURU,"₹16,477/month","₹7,17,999"
 Elite i20 ASTA 1.4 CRDI MANUAL,Hyundai,"['ASTA', '1.4', 'CRDI']",MANUAL,May-15,"93,028 km","93,028km (15 Feb 2022)",Diesel,1st Owner,Valid upto Mar 2023 3rd Party,Non-Accidental,BENGALURU,"₹15,131/month","₹6,58,899"
 AURA SX (O) MT,Hyundai,"['SX', '(O)']",NA,Jan-20,"4,081 km","4,081km (07 Mar 2022)",Petrol,1st Owner,Valid upto Mar 2023 3rd Party,Non-Accidental,BENGALURU,"₹18,091/month","₹7,88,899"
New Wagon-R VXI 1.0 MANUAL,Maruti,"['VXI', '1.0']",MANUAL,Jan-19,"43,990 km","43,990km (12 Mar 2022)",Petrol,1st Owner,Valid upto Jun 2022 3rd Party,Non-Accidental,BENGALURU,"₹13,105/month","₹5,69,899"
Ritz LXI MANUAL,Maruti,['LXI'],MANUAL,Oct-10,"56,437 km","56,437km (15 Mar 2022)",Petrol,1st Owner,Valid upto Nov 2022 Comprehensive,Non-Accidental,BENGALURU,"₹7,287/month","₹3,14,399"
 Elite i20 SPORTZ 1.2 MANUAL,Hyundai,"['SPORTZ', '1.2']",MANUAL,Jul-16,"49,261 km","49,261km (09 Mar 2022)",Petrol,2nd Owner,Valid upto Mar 2023 3rd Party,Non-Accidental,BENGALURU,"₹13,785/month","₹5,99,799"
ity V MT PETROL MANUAL,Honda,"['V', 'MT', 'PETROL']",MANUAL,Feb-16,"40,025 km","40,025km (14 Mar 2022)",Petrol,1st Owner,Valid upto Mar 2023 3rd Party,Non-Accidental,BENGALURU,"₹18,305/month","₹7,98,299"
 TRIBER 1.0 RXT MANUAL,Renault,"['1.0', 'RXT']",MANUAL,Aug-19,"28,621 km","28,621km (13 Jan 2022)",Petrol,2nd Owner,Valid upto Mar 2023 3rd Party,Non-Accidental,BENGALURU,"₹14,746/month","₹6,41,999"
YARIS V MT MANUAL,Toyota,"['V', 'MT']",MANUAL,Jun-18,"36,132 km","36,132km (17 Nov 2021)",Petrol,1st Owner,Valid upto Mar 2023 3rd Party,Non-Accidental,BENGALURU,"₹19,933/month","₹8,69,799"
ago XZ 1.2 REVOTRON MANUAL,Tata,"['XZ', '1.2', 'REVOTRON']",MANUAL,Jan-17,"17,556 km","17,556km (28 Feb 2022)",Petrol,1st Owner,Valid upto Jan 2023 Zero Depreciation,Non-Accidental,BENGALURU,"₹12,330/month","₹5,35,899"
Baleno ZETA 1.2 K12 MANUAL,Maruti,"['ZETA', '1.2', 'K12']",MANUAL,Jul-17,"52,961 km","52,961km (18 Feb 2022)",Petrol,1st Owner,Valid upto Aug 2022 Comprehensive,Non-Accidental,BENGALURU,"₹16,215/month","₹7,06,499"
 TRIBER 1.0 RXT MANUAL,Renault,"['1.0', 'RXT']",MANUAL,Aug-19,"41,239 km","41,239km (14 Mar 2022)",Petrol,1st Owner,Valid upto Dec 2022 Zero Depreciation,Non-Accidental,BENGALURU,"₹15,193/month","₹6,61,599"
maze 1.2 EXMT I VTEC MANUAL,Honda,"['1.2', 'EXMT', 'I', 'VTEC']",MANUAL,Jun-14,"58,249 km","58,249km (18 Dec 2021)",Petrol,2nd Owner,Valid upto Mar 2023 3rd Party,Non-Accidental,BENGALURU,"₹10,552/month","₹4,57,799"
ago XZ 1.2 REVOTRON MANUAL,Tata,"['XZ', '1.2', 'REVOTRON']",MANUAL,Feb-17,"10,890 km","10,890km (14 Mar 2022)",Petrol,2nd Owner,Valid upto Mar 2023 3rd Party,Non-Accidental,BENGALURU,"₹12,330/month","₹5,35,899"
ago XZ 1.2 REVOTRON MANUAL,Tata,"['XZ', '1.2', 'REVOTRON']",MANUAL,May-16,"28,589 km","28,589km (08 Nov 2021)",Petrol,2nd Owner,Valid upto Mar 2023 3rd Party,Non-Accidental,BENGALURU,"₹11,556/month","₹5,01,899"
ity S MT PETROL MANUAL,Honda,"['S', 'MT', 'PETROL']",MANUAL,Mar-14,"57,778 km","57,778km (18 Feb 2022)",Petrol,1st Owner,Valid upto Jul 2022 Comprehensive,Non-Accidental,BENGALURU,"₹14,985/month","₹6,52,499"
go 1.2 TITANIUM DURATEC MANUAL,Ford,"['1.2', 'TITANIUM', 'DURATEC']",MANUAL,Jul-13,"31,710 km","31,710km (25 Jan 2022)",Petrol,1st Owner,Valid upto Mar 2023 3rd Party,Non-Accidental,BENGALURU,"₹9,448/month","₹4,09,299"
azz 1.2 V MT MANUAL,Honda,"['1.2', 'V', 'MT']",MANUAL,Jan-16,"27,819 km","27,819km (02 Nov 2021)",Petrol,1st Owner,Valid upto Mar 2023 3rd Party,Non-Accidental,BENGALURU,"₹15,395/month","₹6,70,499"
azz 1.2 S AT AUTOMATIC,Honda,"['1.2', 'S', 'AT']",AUTOMATIC,Jan-16,"47,947 km","47,947km (12 Mar 2022)",Petrol,2nd Owner,Valid upto Mar 2023 3rd Party,Non-Accidental,BENGALURU,"₹15,288/month","₹6,65,799"
ity V MT PETROL MANUAL,Honda,"['V', 'MT', 'PETROL']",MANUAL,Nov-14,"68,519 km","68,519km (08 Mar 2022)",Petrol,2nd Owner,Valid upto Dec 2022 3rd Party,Non-Accidental,BENGALURU,"₹14,780/month","₹6,43,499"
 Grand i10 SPORTZ 1.2 KAPPA VTVT MANUAL,Hyundai,"['SPORTZ', '1.2', 'KAPPA', 'VTVT']",MANUAL,Jan-14,"37,993 km","37,993km (27 Jan 2022)",Petrol,1st Owner,Valid upto Mar 2023 3rd Party,Non-Accidental,BENGALURU,"₹11,365/month","₹4,93,499"
Alto 800 LXI MANUAL,Maruti,['LXI'],MANUAL,Nov-12,"28,154 km","28,154km (11 Mar 2022)",Petrol,2nd Owner,Valid upto Mar 2023 3rd Party,Non-Accidental,BENGALURU,"₹5,802/month","₹2,49,199"
OR PLUS SHARP HYBRID PETROL MANUAL,MG,"['SHARP', 'HYBRID', 'PETROL']",MANUAL,Nov-20,"6,393 km","6,393km (24 Feb 2022)",Petrol,1st Owner,Valid upto Mar 2023 3rd Party,Non-Accidental,BENGALURU,"₹44,522/month","₹19,49,699"
 Elite i20 1.4 CRDI ASTA (O) MANUAL,Hyundai,"['1.4', 'CRDI', 'ASTA', '(O)']",MANUAL,Mar-17,"1,00,703 km","1,00,703km (07 Jan 2022)",Diesel,1st Owner,Valid upto Mar 2023 3rd Party,Non-Accidental,BENGALURU,"₹16,085/month","₹7,00,799"
a XUV500 W8 FWD MANUAL,Mahindra,"['W8', 'FWD']",MANUAL,Apr-17,"45,362 km","45,362km (14 Jan 2022)",Diesel,1st Owner,Valid upto Mar 2023 3rd Party,Non-Accidental,BENGALURU,"₹30,662/month","₹13,40,999"
Celerio VXI AMT AUTOMATIC,Maruti,"['VXI', 'AMT']",AUTOMATIC,Jan-15,"40,525 km","40,525km (05 Feb 2022)",Petrol,2nd Owner,Valid upto Mar 2023 3rd Party,Non-Accidental,BENGALURU,"₹9,785/month","₹4,24,099"
 NEW SANTRO 1.1 SPORTS AMT AUTOMATIC,Hyundai,"['1.1', 'SPORTS', 'AMT']",AUTOMATIC,Nov-18,"12,850 km","12,850km (10 Feb 2022)",Petrol,1st Owner,Valid upto Nov 2022 Zero Depreciation,Non-Accidental,BENGALURU,"₹13,405/month","₹5,83,099"
Celerio VXI AMT AUTOMATIC,Maruti,"['VXI', 'AMT']",AUTOMATIC,Sep-15,"46,178 km","46,178km (02 Feb 2022)",Petrol,3rd Owner,Valid upto Mar 2023 3rd Party,Non-Accidental,BENGALURU,"₹9,218/month","₹3,99,199"
 NEW SANTRO SPORTZ 1.1 MANUAL,Hyundai,"['SPORTZ', '1.1']",MANUAL,Dec-18,"48,619 km","48,619km (31 Jan 2022)",Petrol,1st Owner,Valid upto Mar 2023 3rd Party,Non-Accidental,BENGALURU,"₹11,121/month","₹4,82,799"
osport 1.5 TITANIUM TI VCT AT AUTOMATIC,Ford,"['1.5', 'TITANIUM', 'TI', 'VCT', 'AT']",AUTOMATIC,Dec-16,"33,589 km","33,589km (21 Feb 2022)",Petrol,2nd Owner,Valid upto Nov 2022 Zero Depreciation,Non-Accidental,BENGALURU,"₹16,511/month","₹7,19,499"
osport 1.5TITANIUM TDCI MANUAL,Ford,"['1.5TITANIUM', 'TDCI']",MANUAL,Apr-17,"59,580 km","59,580km (14 Mar 2022)",Diesel,1st Owner,Valid upto Nov 2022 Comprehensive,Non-Accidental,BENGALURU,"₹17,786/month","₹7,75,499"
osport 1.5 TREND TDCI MANUAL,Ford,"['1.5', 'TREND', 'TDCI']",MANUAL,Jan-16,"41,866 km","41,866km (16 Mar 2022)",Diesel,2nd Owner,Valid upto Jul 2022 Comprehensive,Non-Accidental,BENGALURU,"₹15,413/month","₹6,71,299"
Redi Go 1.0 S AT,Datsun,"['1.0', 'S']",NA,Jan-18,"21,745 km","21,745km (28 Jan 2022)",Petrol,1st Owner,Valid upto Mar 2023 3rd Party,Non-Accidental,BENGALURU,"₹9,225/month","₹3,99,499"
 NEW SANTRO ASTA 1.1 MT MANUAL,Hyundai,"['ASTA', '1.1', 'MT']",MANUAL,Feb-19,"13,858 km","13,858km (16 Mar 2022)",Petrol,1st Owner,Valid upto Feb 2023 Comprehensive,Non-Accidental,BENGALURU,"₹13,699/month","₹5,95,999"
Redi Go 1.0 S AT AUTOMATIC,Datsun,"['1.0', 'S', 'AT']",AUTOMATIC,Jan-18,"26,527 km","26,527km (15 Mar 2022)",Petrol,1st Owner,Valid upto Jan 2023 Comprehensive,Non-Accidental,BENGALURU,"₹9,680/month","₹4,19,499"
osport 1.5 TITANIUM TI VCT AT AUTOMATIC,Ford,"['1.5', 'TITANIUM', 'TI', 'VCT', 'AT']",AUTOMATIC,Jan-18,"35,691 km","35,691km (08 Nov 2021)",Petrol,2nd Owner,Valid upto Mar 2023 3rd Party,Non-Accidental,BENGALURU,"₹21,222/month","₹9,26,399"
 NEW SANTRO 1.1 MAGNA MT MANUAL,Hyundai,"['1.1', 'MAGNA', 'MT']",MANUAL,Mar-19,"10,782 km","10,782km (17 Jan 2022)",Petrol,1st Owner,Valid upto Mar 2023 3rd Party,Non-Accidental,BENGALURU,"₹12,697/month","₹5,51,999"
OMNI E STD MANUAL,Maruti,['STD'],MANUAL,Nov-17,"41,869 km","41,869km (24 Feb 2022)",Petrol,1st Owner,Valid upto Nov 2022 Comprehensive,Non-Accidental,BENGALURU,"₹8,207/month","₹3,54,799"
Swift VXI MANUAL,Maruti,['VXI'],MANUAL,Jan-15,"44,522 km","44,522km (22 Feb 2022)",Petrol,2nd Owner,Valid upto Mar 2023 3rd Party,Non-Accidental,BENGALURU,"₹11,868/month","₹5,15,599"
Swift ZDI AMT AUTOMATIC,Maruti,"['ZDI', 'AMT']",AUTOMATIC,Jan-18,"50,630 km","50,630km (17 Nov 2021)",Diesel,1st Owner,Valid upto Mar 2023 3rd Party,Non-Accidental,BENGALURU,"₹17,583/month","₹7,66,599"
 Kwid CLIMBER 1.0 AT AUTOMATIC,Renault,"['CLIMBER', '1.0', 'AT']",AUTOMATIC,May-17,"44,696 km","44,696km (25 Feb 2022)",Petrol,1st Owner,Valid upto Aug 2022 Comprehensive,Non-Accidental,BENGALURU,"₹10,769/month","₹4,67,299"
 NEW SANTRO ERA 1.1 MANUAL,Hyundai,"['ERA', '1.1']",MANUAL,Jul-19,"22,331 km","22,331km (08 Feb 2022)",Petrol,1st Owner,Valid upto Mar 2023 3rd Party,Non-Accidental,BENGALURU,"₹10,987/month","₹4,76,899"
Swift VXI MANUAL,Maruti,['VXI'],MANUAL,Feb-14,"51,290 km","51,290km (28 Oct 2021)",Petrol,1st Owner,Valid upto Mar 2023 3rd Party,Non-Accidental,BENGALURU,"₹11,365/month","₹4,93,499"
 Kwid CLIMBER 1.0 AT,Renault,"['CLIMBER', '1.0']",NA,Apr-17,"13,993 km","13,993km (02 Feb 2022)",Petrol,1st Owner,Valid upto Jul 2022 Zero_Dep,Non-Accidental,BENGALURU,"₹10,889/month","₹4,72,599"
Swift VXI MANUAL,Maruti,['VXI'],MANUAL,Apr-14,"40,846 km","40,846km (11 Mar 2022)",Petrol,1st Owner,Valid upto Dec 2022 Comprehensive,Non-Accidental,BENGALURU,"₹11,365/month","₹4,93,499"
 Kwid RXL1.0 EASY-R AT AUTOMATIC,Renault,"['RXL1.0', 'EASY-R', 'AT']",AUTOMATIC,May-17,"26,371 km","26,371km (14 Jan 2022)",Petrol,1st Owner,Valid upto Mar 2023 3rd Party,Non-Accidental,BENGALURU,"₹9,760/month","₹4,22,999"
Swift VXI MANUAL,Maruti,['VXI'],MANUAL,Dec-15,"38,049 km","38,049km (24 Feb 2022)",Petrol,1st Owner,Valid upto Mar 2023 3rd Party,Non-Accidental,BENGALURU,"₹12,037/month","₹5,22,999"
 Kwid CLIMBER 1.0 AT,Renault,"['CLIMBER', '1.0']",NA,May-17,"18,379 km","18,379km (27 Jan 2022)",Petrol,1st Owner,Valid upto Mar 2023 3rd Party,Non-Accidental,BENGALURU,"₹11,035/month","₹4,78,999"
ago XZ 1.2 REVOTRON MANUAL,Tata,"['XZ', '1.2', 'REVOTRON']",MANUAL,May-18,"42,934 km","42,934km (14 Mar 2022)",Petrol,1st Owner,Valid upto Jul 2022 Comprehensive,Non-Accidental,BENGALURU,"₹12,948/month","₹5,62,999"
rio 1.2 V AT AUTOMATIC,Honda,"['1.2', 'V', 'AT']",AUTOMATIC,Feb-13,"48,000 km","48,000km (12 Mar 2022)",Petrol,1st Owner,Valid upto Mar 2023 3rd Party,Non-Accidental,BENGALURU,"₹11,764/month","₹5,10,999"
ago XZ 1.2 REVOTRON MANUAL,Tata,"['XZ', '1.2', 'REVOTRON']",MANUAL,Apr-18,"27,664 km","27,664km (26 Feb 2022)",Petrol,2nd Owner,Valid upto Mar 2023 3rd Party,Non-Accidental,BENGALURU,"₹12,948/month","₹5,62,999"
 Kwid RXL1.0 EASY-R AT AUTOMATIC,Renault,"['RXL1.0', 'EASY-R', 'AT']",AUTOMATIC,Apr-17,"15,883 km","15,883km (18 Nov 2021)",Petrol,1st Owner,Valid upto Jun 2022 Comp,Non-Accidental,BENGALURU,"₹9,760/month","₹4,22,999"
 Kwid RXL1.0 EASY-R AT AUTOMATIC,Renault,"['RXL1.0', 'EASY-R', 'AT']",AUTOMATIC,Mar-17,"18,163 km","18,163km (07 Dec 2021)",Petrol,1st Owner,Valid upto Mar 2023 3rd Party,Non-Accidental,BENGALURU,"₹9,760/month","₹4,22,999"
ago XZ 1.2 REVOTRON MANUAL,Tata,"['XZ', '1.2', 'REVOTRON']",MANUAL,May-18,"30,545 km","30,545km (27 Oct 2021)",Petrol,1st Owner,Valid upto Aug 2022 Comp,Non-Accidental,BENGALURU,"₹12,367/month","₹5,37,499"
 Eon MAGNA PLUS MANUAL,Hyundai,"['MAGNA', 'PLUS']",MANUAL,May-14,"56,213 km","56,213km (18 Jan 2022)",Petrol,2nd Owner,Valid upto Aug 2022 Comp,Non-Accidental,BENGALURU,"₹7,492/month","₹3,23,399"
rio 1.2 VX MT I VTEC MANUAL,Honda,"['1.2', 'VX', 'MT', 'I', 'VTEC']",MANUAL,Oct-13,"50,160 km","50,160km (31 Jan 2022)",Petrol,2nd Owner,Valid upto Mar 2023 3rd Party,Non-Accidental,BENGALURU,"₹9,259/month","₹4,00,999"
 Eon MAGNA PLUS MANUAL,Hyundai,"['MAGNA', 'PLUS']",MANUAL,Jan-14,"78,895 km","78,895km (11 Mar 2022)",Petrol,1st Owner,Valid upto Jun 2022 Comprehensive,Non-Accidental,BENGALURU,"₹7,492/month","₹3,23,399"
 Grand i10 ASTA 1.2 VTVT MANUAL,Hyundai,"['ASTA', '1.2', 'VTVT']",MANUAL,Mar-19,"14,712 km","14,712km (08 Mar 2022)",Petrol,3rd Owner,Valid upto Oct 2022 Zero Depreciation,Non-Accidental,BENGALURU,"₹14,423/month","₹6,27,799"
 i10 SPORTZ 1.1 IRDE2 MANUAL,Hyundai,"['SPORTZ', '1.1', 'IRDE2']",MANUAL,Nov-16,"35,640 km","35,640km (27 Dec 2021)",Petrol,2nd Owner,Valid upto Dec 2022 Comp,Non-Accidental,BENGALURU,"₹9,865/month","₹4,27,599"
Wagon R 1.0 VXI MANUAL,Maruti,['VXI'],MANUAL,Jul-14,"43,883 km","43,883km (13 Jan 2022)",Petrol,3rd Owner,Valid upto Mar 2023 3rd Party,Non-Accidental,BENGALURU,"₹8,870/month","₹3,83,899"
Wagon R 1.0 VXI MANUAL,Maruti,['VXI'],MANUAL,Apr-14,"73,116 km","73,116km (15 Mar 2022)",Petrol,1st Owner,Valid upto Mar 2023 3rd Party,Non-Accidental,BENGALURU,"₹9,680/month","₹4,19,499"
Wagon R 1.0 VXI MANUAL,Maruti,['VXI'],MANUAL,Mar-15,"78,101 km","78,101km (22 Feb 2022)",Petrol,1st Owner,Valid upto Mar 2023 3rd Party,Non-Accidental,BENGALURU,"₹9,150/month","₹3,96,199"
Alto K10 VXI MANUAL,Maruti,['VXI'],MANUAL,Feb-12,"49,493 km","49,493km (29 Oct 2021)",Petrol,1st Owner,Valid upto Mar 2023 3rd Party,Non-Accidental,BENGALURU,"₹6,907/month","₹2,97,699"
Eeco 5 STR WITH AC PLUSHTR MANUAL,Maruti,"['5', 'STR', 'WITH', 'AC', 'PLUSHTR']",MANUAL,Jun-19,"12,154 km","12,154km (13 Jan 2022)",Petrol,1st Owner,Valid upto Jul 2022 Comp,Non-Accidental,BENGALURU,"₹11,497/month","₹4,99,299"
no TWIST XTA AUTOMATIC,Tata,"['TWIST', 'XTA']",AUTOMATIC,Dec-16,"31,986 km","31,986km (26 Feb 2022)",Petrol,2nd Owner,Valid upto Jun 2022 Comprehensive,Non-Accidental,BENGALURU,"₹6,313/month","₹2,71,599"
Eeco 5 STR WITH AC PLUSHTR MANUAL,Maruti,"['5', 'STR', 'WITH', 'AC', 'PLUSHTR']",MANUAL,Feb-18,"48,272 km","48,272km (13 Jan 2022)",Petrol,1st Owner,Valid upto Jul 2022 Comp,Non-Accidental,BENGALURU,"₹9,689/month","₹4,19,899"
Alto 800 LXI MANUAL,Maruti,['LXI'],MANUAL,Jan-16,"36,306 km","36,306km (09 Mar 2022)",Petrol,1st Owner,Valid upto Feb 2023 Comprehensive,Non-Accidental,BENGALURU,"₹7,342/month","₹3,16,799"
Eeco 5 STR WITH AC PLUSHTR MANUAL,Maruti,"['5', 'STR', 'WITH', 'AC', 'PLUSHTR']",MANUAL,Sep-18,"28,382 km","28,382km (15 Mar 2022)",Petrol,1st Owner,Valid upto Mar 2023 3rd Party,Non-Accidental,BENGALURU,"₹10,764/month","₹4,67,099"
Eeco 5 STR WITH AC PLUSHTR MANUAL,Maruti,"['5', 'STR', 'WITH', 'AC', 'PLUSHTR']",MANUAL,Apr-18,"31,773 km","31,773km (20 Dec 2021)",Petrol,1st Owner,Valid upto Mar 2023 3rd Party,Non-Accidental,BENGALURU,"₹9,962/month","₹4,31,899"
Eeco 5 STR WITH AC PLUSHTR MANUAL,Maruti,"['5', 'STR', 'WITH', 'AC', 'PLUSHTR']",MANUAL,Dec-18,"14,651 km","14,651km (04 Jan 2022)",Petrol,1st Owner,Valid upto Mar 2023 3rd Party,Non-Accidental,BENGALURU,"₹10,409/month","₹4,51,499"
Alto K10 VXI AMT AUTOMATIC,Maruti,"['VXI', 'AMT']",AUTOMATIC,May-19,"14,179 km","14,179km (24 Feb 2022)",Petrol,1st Owner,Valid upto Jun 2022 3rd Party,Non-Accidental,BENGALURU,"₹11,695/month","₹5,07,999"
Alto K10 VXI MANUAL,Maruti,['VXI'],MANUAL,May-16,"37,041 km","37,041km (25 Feb 2022)",Petrol,1st Owner,Valid upto Mar 2023 3rd Party,Non-Accidental,BENGALURU,"₹8,603/month","₹3,72,199"
Alto K10 VXI MANUAL,Maruti,['VXI'],MANUAL,Jan-15,"21,377 km","21,377km (22 Feb 2022)",Petrol,1st Owner,Valid upto Mar 2023 3rd Party,Non-Accidental,BENGALURU,"₹8,674/month","₹3,75,299"
go Aspire 1.2 TREND PETROL MANUAL,Ford,"['1.2', 'TREND', 'PETROL']",MANUAL,May-16,"38,435 km","38,435km (10 Feb 2022)",Petrol,1st Owner,Valid upto Aug 2022 Comprehensive,Non-Accidental,BENGALURU,"₹10,971/month","₹4,76,199"
Alto K10 VXI (O) AMT AUTOMATIC,Maruti,"['VXI', '(O)', 'AMT']",AUTOMATIC,Oct-16,"24,993 km","24,993km (17 Feb 2022)",Petrol,1st Owner,Valid upto Nov 2022 Comprehensive,Non-Accidental,BENGALURU,"₹9,862/month","₹4,27,499"
Ertiga VDI ABS MANUAL,Maruti,"['VDI', 'ABS']",MANUAL,Mar-15,"56,700 km","56,700km (15 Feb 2022)",Diesel,1st Owner,Valid upto Mar 2023 3rd Party,Non-Accidental,BENGALURU,"₹18,121/month","₹7,90,199"
maze 1.2 VXMT I VTEC MANUAL,Honda,"['1.2', 'VXMT', 'I', 'VTEC']",MANUAL,Nov-13,"47,501 km","47,501km (17 Feb 2022)",Petrol,2nd Owner,Valid upto Mar 2023 3rd Party,Non-Accidental,BENGALURU,"₹11,695/month","₹5,07,999"
 Creta 1.6 SX CRDI MANUAL,Hyundai,"['1.6', 'SX', 'CRDI']",MANUAL,Oct-17,"46,963 km","46,963km (25 Feb 2022)",Diesel,1st Owner,Valid upto Dec 2022 Comprehensive,Non-Accidental,BENGALURU,"₹27,390/month","₹11,97,299"
 i20 Active 1.2 SX MANUAL,Hyundai,"['1.2', 'SX']",MANUAL,Jun-17,"34,999 km","34,999km (10 Mar 2022)",Petrol,1st Owner,Valid upto Aug 2022 Comprehensive,Non-Accidental,BENGALURU,"₹16,761/month","₹7,30,499"
IGNIS DELTA 1.2 K12 MANUAL,Maruti,"['DELTA', '1.2', 'K12']",MANUAL,Mar-17,"29,132 km","29,132km (22 Dec 2021)",Petrol,1st Owner,Valid upto Mar 2023 3rd Party,Non-Accidental,BENGALURU,"₹12,433/month","₹5,40,399"
 35 TDI S LINE AUTOMATIC,Audi,"['35', 'TDI', 'S', 'LINE']",AUTOMATIC,Dec-14,"73,443 km","73,443km (04 Mar 2022)",Diesel,1st Owner,Valid upto Dec 2022 3rd Party,Non-Accidental,BENGALURU,"₹43,912/month","₹19,22,899"
 Duster RXS CVT 106 PS AUTOMATIC,Renault,"['RXS', 'CVT', '106', 'PS']",AUTOMATIC,Jan-18,"16,936 km","16,936km (14 Mar 2022)",Petrol,1st Owner,Valid upto Mar 2023 3rd Party,Non-Accidental,BENGALURU,"₹22,506/month","₹9,82,799"
Vitara Brezza ZDI + AMT AUTOMATIC,Maruti,"['ZDI', '+', 'AMT']",AUTOMATIC,May-18,"39,342 km","39,342km (10 Mar 2022)",Diesel,2nd Owner,Valid upto Mar 2023 3rd Party,Non-Accidental,BENGALURU,"₹21,313/month","₹9,30,399"
 Eon D LITE PLUS MANUAL,Hyundai,"['D', 'LITE', 'PLUS']",MANUAL,Oct-15,"41,764 km","41,764km (16 Mar 2022)",Petrol,1st Owner,Valid upto Mar 2023 3rd Party,Non-Accidental,BENGALURU,"₹7,053/month","₹3,04,099"
 Kwid RXL MANUAL,Renault,['RXL'],MANUAL,Jan-19,"17,357 km","17,357km (10 Mar 2022)",Petrol,1st Owner,Valid upto Feb 2023 Comprehensive,Non-Accidental,BENGALURU,"₹9,830/month","₹4,26,099"
rio 1.2 S MT I VTEC MANUAL,Honda,"['1.2', 'S', 'MT', 'I', 'VTEC']",MANUAL,Jan-16,"26,015 km","26,015km (12 Jan 2022)",Petrol,1st Owner,Valid upto Oct 2022 Comp,Non-Accidental,BENGALURU,"₹10,495/month","₹4,55,299"
 Grand i10 ASTA 1.2 VTVT MANUAL,Hyundai,"['ASTA', '1.2', 'VTVT']",MANUAL,Jan-17,"27,787 km","27,787km (19 Feb 2022)",Petrol,1st Owner,Valid upto Mar 2023 3rd Party,Non-Accidental,BENGALURU,"₹13,722/month","₹5,96,999"
 i10 SPORTZ 1.1 IRDE2 MANUAL,Hyundai,"['SPORTZ', '1.1', 'IRDE2']",MANUAL,Mar-16,"47,786 km","47,786km (26 Feb 2022)",Petrol,1st Owner,Valid upto Mar 2023 3rd Party,Non-Accidental,BENGALURU,"₹10,022/month","₹4,34,499"
Alto K10 VXI OPT MANUAL,Maruti,"['VXI', 'OPT']",MANUAL,Nov-16,"34,154 km","34,154km (25 Feb 2022)",Petrol,2nd Owner,Valid upto Feb 2023 Comprehensive,Non-Accidental,BENGALURU,"₹8,125/month","₹3,51,199"
Ritz LXI MANUAL,Maruti,['LXI'],MANUAL,Sep-10,"59,705 km","59,705km (11 Jan 2022)",Petrol,2nd Owner,Valid upto Mar 2023 3rd Party,Non-Accidental,BENGALURU,"₹7,287/month","₹3,14,399"
Swift VXI MANUAL,Maruti,['VXI'],MANUAL,Aug-14,"59,853 km","59,853km (20 Jan 2022)",Petrol,1st Owner,Valid upto Aug 2022 Comp,Non-Accidental,BENGALURU,"₹11,365/month","₹4,93,499"
Baleno ZETA 1.2 K12 MANUAL,Maruti,"['ZETA', '1.2', 'K12']",MANUAL,May-16,"10,698 km","10,698km (16 Mar 2022)",Petrol,1st Owner,Valid upto Oct 2022 3rd Party,Non-Accidental,BENGALURU,"₹15,775/month","₹6,87,199"
Ertiga ZDI MANUAL,Maruti,['ZDI'],MANUAL,May-14,"1,36,879 km","1,36,879km (10 Nov 2021)",Diesel,1st Owner,Valid upto Sept 2022 Comp,Non-Accidental,BENGALURU,"₹14,350/month","₹6,24,599"
ity V MT PETROL MANUAL,Honda,"['V', 'MT', 'PETROL']",MANUAL,Jan-17,"47,252 km","47,252km (30 Dec 2021)",Petrol,1st Owner,Valid upto Mar 2023 3rd Party,Non-Accidental,BENGALURU,"₹18,902/month","₹8,24,499"
 Elite i20 ASTA 1.2 MANUAL,Hyundai,"['ASTA', '1.2']",MANUAL,Jan-15,"1,02,624 km","1,02,624km (13 Jan 2022)",Petrol,1st Owner,Valid upto Mar 2023 3rd Party,Non-Accidental,BENGALURU,"₹13,310/month","₹5,78,899"
EESTYLE TITANIUM 1.2 TI-VCT MT,Ford,"['TITANIUM', '1.2', 'TI-VCT']",NA,May-18,"31,061 km","31,061km (28 Jan 2022)",Petrol,1st Owner,Valid upto Mar 2023 3rd Party,Non-Accidental,BENGALURU,"₹15,072/month","₹6,56,299"
gen Ameo HIGHLINE 1.5L AT (D) AUTOMATIC,Volkswagen,"['HIGHLINE', '1.5L', 'AT', '(D)']",AUTOMATIC,Oct-16,"70,051 km","70,051km (28 Jan 2022)",Diesel,2nd Owner,Valid upto Sept 2022 Comprehensive,Non-Accidental,BENGALURU,"₹14,619/month","₹6,36,399"
 Tucson New 4WD AT GLS DIESEL AUTOMATIC,Hyundai,"['4WD', 'AT', 'GLS', 'DIESEL']",AUTOMATIC,Sep-17,"58,222 km","58,222km (28 Jan 2022)",Diesel,2nd Owner,Valid upto Oct 2022 Zero Depreciation,Non-Accidental,BENGALURU,"₹46,318/month","₹20,28,599"
EESTYLE TITANIUM 1.2 TI-VCT MT MANUAL,Ford,"['TITANIUM', '1.2', 'TI-VCT', 'MT']",MANUAL,Jul-18,"29,660 km","29,660km (14 Mar 2022)",Petrol,1st Owner,Valid upto Aug 2022 Comp,Non-Accidental,BENGALURU,"₹15,653/month","₹6,81,799"
 Verna FLUIDIC 1.6 SX CRDI MANUAL,Hyundai,"['FLUIDIC', '1.6', 'SX', 'CRDI']",MANUAL,Mar-14,"77,589 km","77,589km (26 Feb 2022)",Diesel,2nd Owner,Valid upto Mar 2023 3rd Party,Non-Accidental,BENGALURU,"₹14,505/month","₹6,31,399"
EESTYLE TITANIUM 1.2 TI-VCT MT MANUAL,Ford,"['TITANIUM', '1.2', 'TI-VCT', 'MT']",MANUAL,Oct-18,"12,414 km","12,414km (19 Feb 2022)",Petrol,1st Owner,Valid upto Oct 2022 Comprehensive,Non-Accidental,BENGALURU,"₹16,074/month","₹7,00,299"
Zen Estilo VXI MANUAL,Maruti,['VXI'],MANUAL,Feb-08,"60,927 km","60,927km (13 Jan 2022)",Petrol,1st Owner,Valid upto Mar 2023 3rd Party,Non-Accidental,BENGALURU,"₹5,862/month","₹2,51,799"
TOS HTX AT PETROL AUTOMATIC,KIA,"['HTX', 'AT', 'PETROL']",AUTOMATIC,Aug-19,"11,869 km","11,869km (09 Mar 2022)",Petrol,1st Owner,Valid upto Mar 2023 3rd Party,Non-Accidental,BENGALURU,"₹34,522/month","₹15,10,499"
Baleno ZETA 1.2 K12 MANUAL,Maruti,"['ZETA', '1.2', 'K12']",MANUAL,Oct-17,"46,375 km","46,375km (27 Jan 2022)",Petrol,1st Owner,Valid upto Mar 2023 3rd Party,Non-Accidental,BENGALURU,"₹15,379/month","₹6,69,799"
Eeco 5 STR WITH AC PLUSHTR MANUAL,Maruti,"['5', 'STR', 'WITH', 'AC', 'PLUSHTR']",MANUAL,Aug-19,"24,484 km","24,484km (04 Jan 2022)",Petrol,1st Owner,Valid upto Oct 2022 Zero_Dep,Non-Accidental,BENGALURU,"₹10,914/month","₹4,73,699"
XON XZ+ 1.2 MANUAL,Tata,"['XZ+', '1.2']",MANUAL,Feb-20,"12,978 km","12,978km (28 Feb 2022)",Petrol,2nd Owner,Valid upto Feb 2023 3rd Party,Non-Accidental,BENGALURU,"₹23,884/month","₹10,43,299"
a XUV 3OO W8 (O) DIESEL AT AUTOMATIC,Mahindra,"['W8', '(O)', 'DIESEL', 'AT']",AUTOMATIC,Jun-20,"23,130 km","23,130km (28 Feb 2022)",Diesel,1st Owner,Valid upto Jul 2022 Zero Depreciation,Non-Accidental,BENGALURU,"₹34,631/month","₹15,15,299"
gen Polo Trendline 1.0 L Petrol MANUAL,Volkswagen,"['Trendline', '1.0', 'L', 'Petrol']",MANUAL,Feb-19,"19,121 km","19,121km (15 Mar 2022)",Petrol,1st Owner,Valid upto Mar 2023 3rd Party,Non-Accidental,BENGALURU,"₹14,084/month","₹6,12,899"
azz 1.2 BASE I VTEC MANUAL,Honda,"['1.2', 'BASE', 'I', 'VTEC']",MANUAL,Jan-09,"1,06,753 km","1,06,753km (24 Feb 2022)",Petrol,2nd Owner,Valid upto Mar 2023 3rd Party,Non-Accidental,BENGALURU,"₹7,485/month","₹3,23,099"
go Aspire 1.2 TITANIUM PETROL MANUAL,Ford,"['1.2', 'TITANIUM', 'PETROL']",MANUAL,Mar-17,"14,252 km","14,252km (13 Jan 2022)",Petrol,1st Owner,Valid upto Jul 2022 Comp,Non-Accidental,BENGALURU,"₹13,824/month","₹6,01,499"
osport 1.5TITANIUM TDCI MANUAL,Ford,"['1.5TITANIUM', 'TDCI']",MANUAL,Jan-13,"78,438 km","78,438km (11 Jan 2022)",Diesel,2nd Owner,Valid upto Mar 2023 3rd Party,Non-Accidental,BENGALURU,"₹14,325/month","₹6,23,499"
go 1.2 TITANIUM DURATEC MANUAL,Ford,"['1.2', 'TITANIUM', 'DURATEC']",MANUAL,Dec-13,"40,970 km","40,970km (08 Feb 2022)",Petrol,1st Owner,Valid upto Mar 2023 3rd Party,Non-Accidental,BENGALURU,"₹9,448/month","₹4,09,299"
azz 1.2 V MT MANUAL,Honda,"['1.2', 'V', 'MT']",MANUAL,Aug-16,"17,522 km","17,522km (16 Feb 2022)",Petrol,2nd Owner,Valid upto Nov 2022 3rd Party,Non-Accidental,BENGALURU,"₹16,026/month","₹6,98,199"
ity S MT PETROL MANUAL,Honda,"['S', 'MT', 'PETROL']",MANUAL,Jan-13,"90,128 km","90,128km (07 Oct 2021)",Petrol,1st Owner,Valid upto Mar 2023 3rd Party,Non-Accidental,BENGALURU,"₹11,857/month","₹5,15,099"
 Grand i10 SPORTS 1.2 VTVT MANUAL,Hyundai,"['SPORTS', '1.2', 'VTVT']",MANUAL,Oct-14,"25,485 km","25,485km (16 Feb 2022)",Petrol,1st Owner,Valid upto Mar 2023 3rd Party,Non-Accidental,BENGALURU,"₹10,331/month","₹4,48,099"
 VENUE S MT 1.2 KAPPA MANUAL,Hyundai,"['S', 'MT', '1.2', 'KAPPA']",MANUAL,Nov-20,"7,415 km","7,415km (21 Dec 2021)",Petrol,1st Owner,Valid upto Mar 2023 3rd Party,Non-Accidental,BENGALURU,"₹19,576/month","₹8,54,099"
osport 1.5 TITANIUM TI VCT AT AUTOMATIC,Ford,"['1.5', 'TITANIUM', 'TI', 'VCT', 'AT']",AUTOMATIC,Mar-16,"25,214 km","25,214km (25 Feb 2022)",Petrol,1st Owner,Valid upto Mar 2023 3rd Party,Non-Accidental,BENGALURU,"₹18,804/month","₹8,20,199"
osport 1.5 TITANIUM TI VCT AT AUTOMATIC,Ford,"['1.5', 'TITANIUM', 'TI', 'VCT', 'AT']",AUTOMATIC,Nov-15,"66,698 km","66,698km (02 Feb 2022)",Petrol,1st Owner,Valid upto Dec 2022 Comprehensive,Non-Accidental,BENGALURU,"₹15,357/month","₹6,68,799"
IGNIS ZETA 1.2 K12 MANUAL,Maruti,"['ZETA', '1.2', 'K12']",MANUAL,Apr-18,"73,599 km","73,599km (27 Jan 2022)",Petrol,1st Owner,Valid upto Mar 2023 3rd Party,Non-Accidental,BENGALURU,"₹12,103/month","₹5,25,899"
Celerio VXI MANUAL,Maruti,['VXI'],MANUAL,Feb-14,"61,223 km","61,223km (25 Feb 2022)",Petrol,1st Owner,Valid upto Mar 2023 3rd Party,Non-Accidental,BENGALURU,"₹9,482/month","₹4,10,799"
osport 1.5 TITANIUM TI VCT AT AUTOMATIC,Ford,"['1.5', 'TITANIUM', 'TI', 'VCT', 'AT']",AUTOMATIC,Jan-15,"76,180 km","76,180km (24 Feb 2022)",Petrol,2nd Owner,Valid upto Mar 2023 3rd Party,Non-Accidental,BENGALURU,"₹15,202/month","₹6,61,999"
 NEW SANTRO SPORTZ 1.1 MANUAL,Hyundai,"['SPORTZ', '1.1']",MANUAL,Jan-19,"16,387 km","16,387km (13 Nov 2021)",Petrol,1st Owner,Valid upto Mar 2023 3rd Party,Non-Accidental,BENGALURU,"₹12,028/month","₹5,22,599"
S PRESSO VXI (O) MANUAL,Maruti,"['VXI', '(O)']",MANUAL,Oct-19,"14,568 km","14,568km (25 Feb 2022)",Petrol,2nd Owner,Valid upto Oct 2022 Comprehensive,Non-Accidental,BENGALURU,"₹9,919/month","₹4,29,999"
mpass 2.0 LIMITED PLUS MANUAL,Jeep,"['2.0', 'LIMITED', 'PLUS']",MANUAL,Mar-19,"15,386 km","15,386km (24 Feb 2022)",Diesel,2nd Owner,Valid upto Mar 2023 3rd Party,Non-Accidental,BENGALURU,"₹45,433/month","₹19,89,699"
Swift VXI MANUAL,Maruti,['VXI'],MANUAL,Feb-15,"51,095 km","51,095km (24 Feb 2022)",Petrol,1st Owner,Valid upto Mar 2023 3rd Party,Non-Accidental,BENGALURU,"₹12,037/month","₹5,22,999"
 i20 SPORTZ 1.4 AT VTVT AUTOMATIC,Hyundai,"['SPORTZ', '1.4', 'AT', 'VTVT']",AUTOMATIC,Mar-13,"76,298 km","76,298km (25 Oct 2021)",Petrol,2nd Owner,Valid upto Mar 2023 3rd Party,Non-Accidental,BENGALURU,"₹11,383/month","₹4,94,299"
 i20 SPORTZ 1.2 VTVT MANUAL,Hyundai,"['SPORTZ', '1.2', 'VTVT']",MANUAL,Apr-12,"65,828 km","65,828km (07 Jan 2022)",Petrol,1st Owner,Valid upto Mar 2023 3rd Party,Non-Accidental,BENGALURU,"₹9,639/month","₹4,17,699"
rio 1.2 S MT I VTEC MANUAL,Honda,"['1.2', 'S', 'MT', 'I', 'VTEC']",MANUAL,Jan-16,"21,733 km","21,733km (17 Feb 2022)",Petrol,1st Owner,Valid upto Nov 2022 Comp,Non-Accidental,BENGALURU,"₹10,700/month","₹4,64,299"
rio 1.2 S MT I VTEC MANUAL,Honda,"['1.2', 'S', 'MT', 'I', 'VTEC']",MANUAL,May-14,"41,497 km","41,497km (05 Mar 2022)",Petrol,2nd Owner,Valid upto Aug 2022 Comprehensive,Non-Accidental,BENGALURU,"₹9,079/month","₹3,93,099"
 Kwid RXT 1.0 EASY-R AT OPTION AUTOMATIC,Renault,"['RXT', '1.0', 'EASY-R', 'AT', 'OPTION']",AUTOMATIC,May-19,"5,796 km","5,796km (29 Jan 2022)",Petrol,1st Owner,Valid upto Aug 2022 Comprehensive,Non-Accidental,BENGALURU,"₹11,618/month","₹5,04,599"
 Grand i10 ASTA 1.2 VTVT MANUAL,Hyundai,"['ASTA', '1.2', 'VTVT']",MANUAL,Jun-19,"32,877 km","32,877km (26 Feb 2022)",Petrol,1st Owner,Valid upto Sept 2022 Comprehensive,Non-Accidental,BENGALURU,"₹14,972/month","₹6,51,899"
 Eon MAGNA PLUS MANUAL,Hyundai,"['MAGNA', 'PLUS']",MANUAL,Sep-15,"30,228 km","30,228km (16 Feb 2022)",Petrol,1st Owner,Valid upto Mar 2023 3rd Party,Non-Accidental,BENGALURU,"₹7,931/month","₹3,42,699"
 Grand i10 SPORTS 1.2 VTVT MANUAL,Hyundai,"['SPORTS', '1.2', 'VTVT']",MANUAL,May-16,"25,202 km","25,202km (25 Feb 2022)",Petrol,2nd Owner,Valid upto Mar 2023 3rd Party,Non-Accidental,BENGALURU,"₹11,549/month","₹5,01,599"
 Grand i10 ASTA 1.2 (O) VTVT MANUAL,Hyundai,"['ASTA', '1.2', '(O)', 'VTVT']",MANUAL,Jan-16,"30,243 km","30,243km (06 Jan 2022)",Petrol,2nd Owner,Valid upto Mar 2023 3rd Party,Non-Accidental,BENGALURU,"₹12,526/month","₹5,44,499"
Wagon R 1.0 VXI MANUAL,Maruti,['VXI'],MANUAL,Aug-14,"57,378 km","57,378km (07 Jan 2022)",Petrol,1st Owner,Valid upto Mar 2023 3rd Party,Non-Accidental,BENGALURU,"₹9,252/month","₹4,00,699"
 Grand i10 ASTA 1.2 (O) VTVT MANUAL,Hyundai,"['ASTA', '1.2', '(O)', 'VTVT']",MANUAL,Aug-16,"23,568 km","23,568km (09 Nov 2021)",Petrol,1st Owner,Valid upto Mar 2023 3rd Party,Non-Accidental,BENGALURU,"₹12,526/month","₹5,44,499"
Wagon R 1.0 VXI MANUAL,Maruti,['VXI'],MANUAL,Apr-18,"74,760 km","74,760km (12 Feb 2022)",Petrol,1st Owner,Valid upto Jul 2022 Zero_Dep,Non-Accidental,BENGALURU,"₹10,659/month","₹4,62,499"
Celerio ZXI OPT AMT AUTOMATIC,Maruti,"['ZXI', 'OPT', 'AMT']",AUTOMATIC,Oct-17,"32,521 km","32,521km (24 Feb 2022)",Petrol,1st Owner,Valid upto Mar 2023 3rd Party,Non-Accidental,BENGALURU,"₹12,078/month","₹5,24,799"
Ritz VXI BS IV MANUAL,Maruti,"['VXI', 'BS', 'IV']",MANUAL,Jan-14,"1,08,280 km","1,08,280km (03 Jan 2022)",Petrol,1st Owner,Valid upto Mar 2023 3rd Party,Non-Accidental,BENGALURU,"₹9,457/month","₹4,09,699"
Ritz VXI BS IV MANUAL,Maruti,"['VXI', 'BS', 'IV']",MANUAL,Jan-15,"54,073 km","54,073km (10 Jan 2022)",Petrol,2nd Owner,Valid upto Mar 2023 3rd Party,Non-Accidental,BENGALURU,"₹9,225/month","₹3,99,499"
 i10 SPORTZ 1.1 IRDE2 MANUAL,Hyundai,"['SPORTZ', '1.1', 'IRDE2']",MANUAL,Jan-12,"47,564 km","47,564km (28 Jan 2022)",Petrol,1st Owner,Valid upto Mar 2023 3rd Party,Non-Accidental,BENGALURU,"₹9,496/month","₹4,11,399"
Ritz VXI BS IV MANUAL,Maruti,"['VXI', 'BS', 'IV']",MANUAL,Sep-14,"60,051 km","60,051km (16 Nov 2021)",Petrol,2nd Owner,Valid upto Mar 2023 3rd Party,Non-Accidental,BENGALURU,"₹8,344/month","₹3,60,799"
Wagon R 1.0 VXI MANUAL,Maruti,['VXI'],MANUAL,Oct-18,"42,528 km","42,528km (26 Feb 2022)",Petrol,2nd Owner,Valid upto Oct 2022 Comprehensive,Non-Accidental,BENGALURU,"₹9,871/month","₹4,27,899"
Eeco 5 STR WITH AC PLUSHTR MANUAL,Maruti,"['5', 'STR', 'WITH', 'AC', 'PLUSHTR']",MANUAL,Aug-19,"14,600 km","14,600km (20 Oct 2021)",Petrol,1st Owner,Valid upto Mar 2023 3rd Party,Non-Accidental,BENGALURU,"₹9,871/month","₹4,27,899"
Eeco 7 STR MANUAL,Maruti,"['7', 'STR']",MANUAL,Jan-16,"15,915 km","15,915km (24 Feb 2022)",Petrol,2nd Owner,Valid upto Sept 2022 Comprehensive,Non-Accidental,BENGALURU,"₹11,012/month","₹4,77,999"
Celerio VXI AMT AUTOMATIC,Maruti,"['VXI', 'AMT']",AUTOMATIC,Sep-15,"26,344 km","26,344km (07 Dec 2021)",Petrol,2nd Owner,Valid upto Mar 2023 3rd Party,Non-Accidental,BENGALURU,"₹10,329/month","₹4,47,999"
Wagon R 1.0 VXI MANUAL,Maruti,['VXI'],MANUAL,Aug-17,"21,512 km","21,512km (27 Nov 2021)",Petrol,1st Owner,Valid upto Mar 2023 3rd Party,Non-Accidental,BENGALURU,"₹10,110/month","₹4,38,399"
Alto K10 VXI OPT MANUAL,Maruti,"['VXI', 'OPT']",MANUAL,Feb-14,"9,222 km","9,222km (24 Feb 2022)",Petrol,1st Owner,Valid upto Oct 2022 Comprehensive,Non-Accidental,BENGALURU,"₹9,935/month","₹4,30,699"
Alto K10 VXI MANUAL,Maruti,['VXI'],MANUAL,Apr-16,"34,245 km","34,245km (27 Dec 2021)",Petrol,2nd Owner,Valid upto Mar 2023 3rd Party,Non-Accidental,BENGALURU,"₹7,843/month","₹3,38,799"
Alto K10 VXI (O) AMT AUTOMATIC,Maruti,"['VXI', '(O)', 'AMT']",AUTOMATIC,Dec-16,"17,015 km","17,015km (08 Dec 2021)",Petrol,1st Owner,Valid upto Jul 2022 Comp,Non-Accidental,BENGALURU,"₹9,862/month","₹4,27,499"
 Kwid RXT 1.0 EASY-R AT AUTOMATIC,Renault,"['RXT', '1.0', 'EASY-R', 'AT']",AUTOMATIC,May-17,"44,324 km","44,324km (24 Feb 2022)",Petrol,2nd Owner,Valid upto Mar 2023 3rd Party,Non-Accidental,BENGALURU,"₹8,929/month","₹3,86,499"
Baleno ZETA 1.2 K12 AMT AUTOMATIC,Maruti,"['ZETA', '1.2', 'K12', 'AMT']",AUTOMATIC,Jan-21,"53,608 km","53,608km (25 Feb 2022)",Petrol,3rd Owner,Valid upto Oct 2022 Comprehensive,Non-Accidental,BENGALURU,"₹15,498/month","₹6,74,999"
Redi Go T (O) MANUAL,Datsun,"['T', '(O)']",MANUAL,Oct-20,"1,405 km","1,405km (17 Mar 2022)",Petrol,1st Owner,Valid upto Jan 2024 3rd Party,Non-Accidental,BENGALURU,"₹11,627/month","₹5,04,999"
S PRESSO VXI MANUAL,Maruti,['VXI'],MANUAL,May-12,"8,142 km","8,142km (17 Mar 2022)",Petrol,1st Owner,Valid upto Oct 2022 Zero Depreciation,Non-Accidental,BENGALURU,"₹11,253/month","₹4,88,599"
 i20 SPORTZ 1.2 VTVT MANUAL,Hyundai,"['SPORTZ', '1.2', 'VTVT']",MANUAL,Apr-19,"60,456 km","60,456km (07 Mar 2022)",Petrol,1st Owner,Valid upto Mar 2023 3rd Party,Non-Accidental,BENGALURU,"₹9,639/month","₹4,17,699"
 Kwid RXT 1.0 EASY-R AT OPTION AUTOMATIC,Renault,"['RXT', '1.0', 'EASY-R', 'AT', 'OPTION']",AUTOMATIC,Mar-13,"10,440 km","10,440km (17 Mar 2022)",Petrol,1st Owner,Valid upto Mar 2023 3rd Party,Non-Accidental,BENGALURU,"₹11,618/month","₹5,04,599"
 i10 SPORTZ 1.2 AT KAPPA2 AUTOMATIC,Hyundai,"['SPORTZ', '1.2', 'AT', 'KAPPA2']",AUTOMATIC,Jan-17,"40,783 km","40,783km (12 Jan 2022)",Petrol,1st Owner,Valid upto Mar 2023 3rd Party,Non-Accidental,BENGALURU,"₹9,175/month","₹3,97,299"
 Grand i10 SPORTZ 1.2 KAPPA VTVT MANUAL,Hyundai,"['SPORTZ', '1.2', 'KAPPA', 'VTVT']",MANUAL,Mar-18,"31,980 km","31,980km (09 Feb 2022)",Petrol,1st Owner,Valid upto Mar 2023 3rd Party,Non-Accidental,BENGALURU,"₹12,993/month","₹5,64,999"
 Eon SPORTZ MANUAL,Hyundai,['SPORTZ'],MANUAL,Nov-10,"24,604 km","24,604km (17 Mar 2022)",Petrol,1st Owner,Valid upto Mar 2023 3rd Party,Non-Accidental,BENGALURU,"₹9,919/month","₹4,29,999"
gen Vento HIGHLINE PETROL MANUAL,Volkswagen,"['HIGHLINE', 'PETROL']",MANUAL,May-16,"1,11,856 km","1,11,856km (26 Feb 2022)",Petrol,1st Owner,Valid upto Mar 2023 3rd Party,Non-Accidental,BENGALURU,"₹9,728/month","₹4,21,599"
Baleno ZETA 1.2 K12 MANUAL,Maruti,"['ZETA', '1.2', 'K12']",MANUAL,Nov-17,"65,255 km","65,255km (20 Oct 2021)",Petrol,1st Owner,Valid upto Mar 2023 3rd Party,Non-Accidental,BENGALURU,"₹14,658/month","₹6,38,099"
R-V 1.2 i-VTEC VX MT MANUAL,Honda,"['1.2', 'i-VTEC', 'VX', 'MT']",MANUAL,Jan-18,"58,424 km","58,424km (08 Mar 2022)",Petrol,1st Owner,Valid upto Mar 2023 3rd Party,Non-Accidental,BENGALURU,"₹17,153/month","₹7,47,699"
azz 1.2 V MT MANUAL,Honda,"['1.2', 'V', 'MT']",MANUAL,Jul-09,"13,878 km","13,878km (28 Feb 2022)",Petrol,1st Owner,Valid upto Mar 2023 3rd Party,Non-Accidental,BENGALURU,"₹16,338/month","₹7,11,899"
 i20 MAGNA 1.2 VTVT MANUAL,Hyundai,"['MAGNA', '1.2', 'VTVT']",MANUAL,Jan-08,"42,118 km","42,118km (02 Jan 2022)",Petrol,2nd Owner,Valid upto Mar 2023 3rd Party,Non-Accidental,BENGALURU,"₹6,916/month","₹2,98,099"
Corolla Altis 1.8 GL MANUAL,Toyota,"['1.8', 'GL']",MANUAL,Sep-17,"1,03,414 km","1,03,414km (26 Feb 2022)",Petrol,3rd Owner,Valid upto Mar 2023 3rd Party,Non-Accidental,BENGALURU,"₹8,870/month","₹3,83,899"
Celerio VXI MANUAL,Maruti,['VXI'],MANUAL,Mar-14,"1,63,696 km","1,63,696km (19 Nov 2021)",Petrol,1st Owner,Valid upto Mar 2023 3rd Party,Non-Accidental,BENGALURU,"₹8,637/month","₹3,73,699"
Ertiga VDI ABS MANUAL,Maruti,"['VDI', 'ABS']",MANUAL,Aug-10,"77,324 km","77,324km (25 Oct 2021)",Diesel,1st Owner,Valid upto Mar 2023 3rd Party,Non-Accidental,BENGALURU,"₹15,944/month","₹6,94,599"
 i20 SPORTZ 1.2 O MANUAL,Hyundai,"['SPORTZ', '1.2', 'O']",MANUAL,Jan-14,"53,548 km","53,548km (03 Feb 2022)",Petrol,3rd Owner,Valid upto Mar 2023 3rd Party,Non-Accidental,BENGALURU,"₹7,424/month","₹3,20,399"
Innova 2.5 ZX 7 STR BS IV MANUAL,Toyota,"['2.5', 'ZX', '7', 'STR', 'BS', 'IV']",MANUAL,Aug-18,"61,021 km","61,021km (28 Jan 2022)",Diesel,2nd Owner,Valid upto Mar 2023 3rd Party,Non-Accidental,BENGALURU,"₹31,577/month","₹13,81,199"
EESTYLE TITANIUM + 1.2 TI-VCT MANUAL,Ford,"['TITANIUM', '+', '1.2', 'TI-VCT']",MANUAL,Jan-15,"35,175 km","35,175km (27 Nov 2021)",Petrol,1st Owner,Valid upto Aug 2022 Zero_Dep,Non-Accidental,BENGALURU,"₹13,783/month","₹5,99,699"
 Elite i20 ASTA 1.4 CRDI MANUAL,Hyundai,"['ASTA', '1.4', 'CRDI']",MANUAL,Jun-16,"93,289 km","93,289km (22 Dec 2021)",Diesel,2nd Owner,Valid upto Mar 2023 3rd Party,Non-Accidental,BENGALURU,"₹14,434/month","₹6,28,299"
 Verna FLUIDIC 1.4 VTVT MANUAL,Hyundai,"['FLUIDIC', '1.4', 'VTVT']",MANUAL,May-18,"67,577 km","67,577km (28 Feb 2022)",Petrol,2nd Owner,Valid upto Oct 2022 Comprehensive,Non-Accidental,BENGALURU,"₹14,990/month","₹6,52,699"
EESTYLE TITANIUM 1.2 TI-VCT MT MANUAL,Ford,"['TITANIUM', '1.2', 'TI-VCT', 'MT']",MANUAL,Jun-18,"31,399 km","31,399km (17 Nov 2021)",Petrol,1st Owner,Valid upto Jul 2022 Third_party,Non-Accidental,BENGALURU,"₹14,746/month","₹6,41,999"
 Creta 1.6 VTVT SX AUTO AUTOMATIC,Hyundai,"['1.6', 'VTVT', 'SX', 'AUTO']",AUTOMATIC,Feb-16,"13,387 km","13,387km (07 Mar 2022)",Petrol,1st Owner,Valid upto Jun 2022 Comprehensive,Non-Accidental,BENGALURU,"₹30,746/month","₹13,44,699"
Swift Dzire ZDI AMT AUTOMATIC,Maruti,"['ZDI', 'AMT']",AUTOMATIC,Jan-18,"55,163 km","55,163km (22 Jan 2022)",Diesel,1st Owner,Valid upto Mar 2023 3rd Party,Non-Accidental,BENGALURU,"₹15,259/month","₹6,64,499"
R-V 1.5 i-VTEC VX MANUAL,Honda,"['1.5', 'i-VTEC', 'VX']",MANUAL,Mar-16,"32,218 km","32,218km (16 Feb 2022)",Petrol,1st Owner,Valid upto Aug 2022 Comprehensive,Non-Accidental,BENGALURU,"₹20,782/month","₹9,07,099"
Ciaz ZXI MANUAL,Maruti,['ZXI'],MANUAL,May-16,"42,441 km","42,441km (28 Jan 2022)",Petrol,1st Owner,Valid upto Mar 2023 3rd Party,Non-Accidental,BENGALURU,"₹16,807/month","₹7,32,499"
S Cross ZETA 1.3 MANUAL,Maruti,"['ZETA', '1.3']",MANUAL,Jan-16,"1,46,782 km","1,46,782km (01 Feb 2022)",Diesel,2nd Owner,Valid upto Mar 2023 3rd Party,Non-Accidental,BENGALURU,"₹15,450/month","₹6,72,899"
a Scorpio S2 MANUAL,Mahindra,['S2'],MANUAL,Apr-16,"1,31,500 km","1,31,500km (05 Jan 2022)",Diesel,1st Owner,Valid upto Mar 2023 3rd Party,Non-Accidental,BENGALURU,"₹18,251/month","₹7,95,899"
S Cross ZETA 1.3 MANUAL,Maruti,"['ZETA', '1.3']",MANUAL,Aug-17,"63,114 km","63,114km (02 Feb 2022)",Diesel,1st Owner,Valid upto Mar 2023 3rd Party,Non-Accidental,BENGALURU,"₹18,080/month","₹7,88,399"
IGNIS ZETA 1.2 K12 AMT AUTOMATIC,Maruti,"['ZETA', '1.2', 'K12', 'AMT']",AUTOMATIC,Feb-20,"22,957 km","22,957km (28 Oct 2021)",Petrol,1st Owner,Valid upto Mar 2023 3rd Party,Non-Accidental,BENGALURU,"₹13,995/month","₹6,08,999"
Ciaz DELTA 1.5 SHVS VVT MT MANUAL,Maruti,"['DELTA', '1.5', 'SHVS', 'VVT', 'MT']",MANUAL,Sep-10,"21,249 km","21,249km (24 Dec 2021)",Petrol,1st Owner,Valid upto Mar 2023 3rd Party,Non-Accidental,BENGALURU,"₹20,493/month","₹8,94,399"
Ritz VXI ABS MANUAL,Maruti,"['VXI', 'ABS']",MANUAL,Jul-17,"88,811 km","88,811km (09 Nov 2021)",Petrol,2nd Owner,Valid upto Mar 2023 3rd Party,Non-Accidental,BENGALURU,"₹7,289/month","₹3,14,499"
Baleno ZETA 1.2 K12 AMT AUTOMATIC,Maruti,"['ZETA', '1.2', 'K12', 'AMT']",AUTOMATIC,Jan-18,"68,693 km","68,693km (20 Jan 2022)",Petrol,1st Owner,Valid upto Mar 2023 3rd Party,Non-Accidental,BENGALURU,"₹15,498/month","₹6,74,999"
Innova Crysta 2.7 ZX AT 7 STR AUTOMATIC,Toyota,"['2.7', 'ZX', 'AT', '7', 'STR']",AUTOMATIC,Dec-17,"49,614 km","49,614km (08 Feb 2022)",Petrol,1st Owner,Valid upto Mar 2023 3rd Party,Non-Accidental,BENGALURU,"₹47,414/month","₹20,76,699"
ago XZ 1.2 REVOTRON MANUAL,Tata,"['XZ', '1.2', 'REVOTRON']",MANUAL,Aug-17,"20,761 km","20,761km (27 Jan 2022)",Petrol,1st Owner,Valid upto Dec 2022 3rd Party,Non-Accidental,BENGALURU,"₹12,330/month","₹5,35,899"
S Cross ALPHA SHVS MANUAL,Maruti,"['ALPHA', 'SHVS']",MANUAL,Aug-19,"63,626 km","63,626km (08 Mar 2022)",Diesel,1st Owner,Valid upto Oct 2022 Comprehensive,Non-Accidental,BENGALURU,"₹25,484/month","₹11,13,599"
TOS GTX 1.4 GDI AT PETROL AUTOMATIC,KIA,"['GTX', '1.4', 'GDI', 'AT', 'PETROL']",AUTOMATIC,Feb-20,"15,023 km","15,023km (22 Dec 2021)",Petrol,1st Owner,Valid upto Mar 2023 3rd Party,Non-Accidental,BENGALURU,"₹38,898/month","₹17,02,699"
rrier XZA + DUAL TONE AUTOMATIC,Tata,"['XZA', '+', 'DUAL', 'TONE']",AUTOMATIC,Nov-16,"22,667 km","22,667km (08 Feb 2022)",Diesel,1st Owner,Valid upto Mar 2023 3rd Party,Non-Accidental,BENGALURU,"₹52,619/month","₹23,05,299"
ago XZ 1.2 REVOTRON MANUAL,Tata,"['XZ', '1.2', 'REVOTRON']",MANUAL,Oct-16,"41,183 km","41,183km (29 Jan 2022)",Petrol,1st Owner,Valid upto Mar 2023 3rd Party,Non-Accidental,BENGALURU,"₹11,654/month","₹5,06,199"
Vitara Brezza ZDI MANUAL,Maruti,['ZDI'],MANUAL,Aug-19,"37,246 km","37,246km (05 Mar 2022)",Diesel,2nd Owner,Valid upto Nov 2022 Comprehensive,Non-Accidental,BENGALURU,"₹18,581/month","₹8,10,399"
 TRIBER 1.0 RXT MANUAL,Renault,"['1.0', 'RXT']",MANUAL,Jun-16,"33,384 km","33,384km (26 Feb 2022)",Petrol,1st Owner,Valid upto Mar 2023 3rd Party,Non-Accidental,BENGALURU,"₹15,086/month","₹6,56,899"
 Elite i20 SPORTZ 1.2 MANUAL,Hyundai,"['SPORTZ', '1.2']",MANUAL,Apr-17,"74,913 km","74,913km (17 Feb 2022)",Petrol,1st Owner,Valid upto Mar 2023 3rd Party,Non-Accidental,BENGALURU,"₹13,785/month","₹5,99,799"
ity V MT PETROL MANUAL,Honda,"['V', 'MT', 'PETROL']",MANUAL,Oct-15,"33,598 km","33,598km (28 Feb 2022)",Petrol,1st Owner,Valid upto Mar 2023 3rd Party,Non-Accidental,BENGALURU,"₹20,589/month","₹8,98,599"
 Kwid RXT Opt MANUAL,Renault,"['RXT', 'Opt']",MANUAL,Jan-13,"43,872 km","43,872km (05 Mar 2022)",Petrol,2nd Owner,Valid upto Mar 2023 3rd Party,Non-Accidental,BENGALURU,"₹7,645/month","₹3,30,099"
osport 1.5AMBIENTE TI VCT MANUAL,Ford,"['1.5AMBIENTE', 'TI', 'VCT']",MANUAL,Jan-17,"39,771 km","39,771km (31 Dec 2021)",Petrol,2nd Owner,Valid upto Mar 2023 3rd Party,Non-Accidental,BENGALURU,"₹12,385/month","₹5,38,299"
 i20 Active 1.2 S MANUAL,Hyundai,"['1.2', 'S']",MANUAL,Oct-17,"38,917 km","38,917km (20 Jan 2022)",Petrol,2nd Owner,Valid upto Mar 2023 3rd Party,Non-Accidental,BENGALURU,"₹15,170/month","₹6,60,599"
osport 1.5 TITANIUM TI VCT AT AUTOMATIC,Ford,"['1.5', 'TITANIUM', 'TI', 'VCT', 'AT']",AUTOMATIC,Aug-20,"23,213 km","23,213km (29 Jan 2022)",Petrol,1st Owner,Valid upto Mar 2023 3rd Party,Non-Accidental,BENGALURU,"₹19,098/month","₹8,33,099"
a XUV 3OO W8 (O) DIESEL AT AUTOMATIC,Mahindra,"['W8', '(O)', 'DIESEL', 'AT']",AUTOMATIC,Feb-17,"24,671 km","24,671km (27 Jan 2022)",Diesel,1st Owner,Valid upto Aug 2022 Zero Depreciation,Non-Accidental,BENGALURU,"₹31,682/month","₹13,85,799"
ago XZ 1.2 REVOTRON MANUAL,Tata,"['XZ', '1.2', 'REVOTRON']",MANUAL,Jan-14,"26,237 km","26,237km (02 Feb 2022)",Petrol,3rd Owner,Valid upto Mar 2023 3rd Party,Non-Accidental,BENGALURU,"₹12,330/month","₹5,35,899"
maze 1.2 EXMT I VTEC MANUAL,Honda,"['1.2', 'EXMT', 'I', 'VTEC']",MANUAL,Sep-18,"44,013 km","44,013km (29 Jan 2022)",Petrol,2nd Owner,Valid upto Mar 2023 3rd Party,Non-Accidental,BENGALURU,"₹10,930/month","₹4,74,399"
Dzire VXI MANUAL,Maruti,['VXI'],MANUAL,Apr-17,"48,867 km","48,867km (29 Jan 2022)",Petrol,1st Owner,Valid upto Mar 2023 3rd Party,Non-Accidental,BENGALURU,"₹14,990/month","₹6,52,699"
Dzire ZXI Plus MANUAL,Maruti,"['ZXI', 'Plus']",MANUAL,Jun-16,"21,120 km","21,120km (16 Feb 2022)",Petrol,1st Owner,Valid upto Mar 2023 3rd Party,Non-Accidental,BENGALURU,"₹18,100/month","₹7,89,299"
gen Polo COMFORTLINE 1.2L PETROL MANUAL,Volkswagen,"['COMFORTLINE', '1.2L', 'PETROL']",MANUAL,Oct-16,"39,420 km","39,420km (03 Feb 2022)",Petrol,2nd Owner,Valid upto Jul 2022 Comprehensive,Non-Accidental,BENGALURU,"₹12,729/month","₹5,53,399"
 Duster RXL PETROL 104 MANUAL,Renault,"['RXL', 'PETROL', '104']",MANUAL,Feb-16,"27,083 km","27,083km (07 Jan 2022)",Petrol,2nd Owner,Valid upto Mar 2023 3rd Party,Non-Accidental,BENGALURU,"₹16,600/month","₹7,23,399"
azz 1.2 S MT MANUAL,Honda,"['1.2', 'S', 'MT']",MANUAL,Feb-19,"75,771 km","75,771km (10 Feb 2022)",Petrol,2nd Owner,Valid upto Mar 2023 3rd Party,Non-Accidental,BENGALURU,"₹13,678/month","₹5,95,099"
 Elite i20 1.2 MAGNA PLUS VTVT MANUAL,Hyundai,"['1.2', 'MAGNA', 'PLUS', 'VTVT']",MANUAL,Apr-15,"15,174 km","15,174km (07 Feb 2022)",Petrol,3rd Owner,Valid upto Mar 2023 3rd Party,Non-Accidental,BENGALURU,"₹15,919/month","₹6,93,499"
Alto K10 VXI MANUAL,Maruti,['VXI'],MANUAL,Jan-08,"22,584 km","22,584km (18 Nov 2021)",Petrol,2nd Owner,Valid upto Mar 2023 3rd Party,Non-Accidental,BENGALURU,"₹8,303/month","₹3,58,999"
Alto LXI MANUAL,Maruti,['LXI'],MANUAL,May-17,"45,812 km","45,812km (03 Feb 2022)",Petrol,2nd Owner,Valid upto Mar 2023 3rd Party,Non-Accidental,BENGALURU,"₹4,819/month","₹2,05,999"
a XUV500 W6 4X2 MANUAL,Mahindra,"['W6', '4X2']",MANUAL,Jun-17,"36,087 km","36,087km (07 Mar 2022)",Diesel,1st Owner,Valid upto Mar 2023 3rd Party,Non-Accidental,BENGALURU,"₹29,608/month","₹12,94,699"
a XUV500 W6 4X2 MANUAL,Mahindra,"['W6', '4X2']",MANUAL,Aug-19,"35,030 km","35,030km (19 Jan 2022)",Diesel,1st Owner,Valid upto Mar 2023 3rd Party,Non-Accidental,BENGALURU,"₹28,615/month","₹12,51,099"
OR SHARP 2.0 DIESEL MANUAL,MG,"['SHARP', '2.0', 'DIESEL']",MANUAL,Nov-17,"12,138 km","12,138km (30 Dec 2021)",Diesel,1st Owner,Valid upto Mar 2023 3rd Party,Non-Accidental,BENGALURU,"₹41,061/month","₹17,97,699"
w Figo 1.2 TITANIUM MANUAL,Ford,"['1.2', 'TITANIUM']",MANUAL,Sep-15,"32,833 km","32,833km (18 Jan 2022)",Petrol,1st Owner,Valid upto Mar 2023 3rd Party,Non-Accidental,BENGALURU,"₹11,880/month","₹5,16,099"
a XUV500 W10 MANUAL,Mahindra,['W10'],MANUAL,Aug-19,"1,39,777 km","1,39,777km (04 Mar 2022)",Diesel,1st Owner,Valid upto Mar 2023 3rd Party,Non-Accidental,BENGALURU,"₹25,471/month","₹11,12,999"
TOS HTX 1.5 PETROL MT MANUAL,KIA,"['HTX', '1.5', 'PETROL', 'MT']",MANUAL,May-14,"20,181 km","20,181km (27 Jan 2022)",Petrol,2nd Owner,Valid upto Mar 2023 3rd Party,Non-Accidental,BENGALURU,"₹31,122/month","₹13,61,199"
 Grand i10 SPORTZ 1.2 KAPPA VTVT MANUAL,Hyundai,"['SPORTZ', '1.2', 'KAPPA', 'VTVT']",MANUAL,Jan-14,"44,787 km","44,787km (12 Nov 2021)",Petrol,1st Owner,Valid upto Jun 2022 Third_party,Non-Accidental,BENGALURU,"₹11,365/month","₹4,93,499"
 Grand i10 ASTA 1.2 KAPPA VTVT MANUAL,Hyundai,"['ASTA', '1.2', 'KAPPA', 'VTVT']",MANUAL,May-17,"27,976 km","27,976km (10 Feb 2022)",Petrol,1st Owner,Valid upto Mar 2023 3rd Party,Non-Accidental,BENGALURU,"₹11,834/month","₹5,14,099"
w Figo 1.2 TITANIUM MANUAL,Ford,"['1.2', 'TITANIUM']",MANUAL,Jul-18,"41,684 km","41,684km (28 Jan 2022)",Petrol,2nd Owner,Valid upto Mar 2023 3rd Party,Non-Accidental,BENGALURU,"₹11,880/month","₹5,16,099"
Micra XV CVT AUTOMATIC,Nissan,"['XV', 'CVT']",AUTOMATIC,Jan-13,"47,421 km","47,421km (21 Feb 2022)",Petrol,1st Owner,Valid upto Mar 2023 3rd Party,Non-Accidental,BENGALURU,"₹13,401/month","₹5,82,899"
 i20 ASTA 1.2 MANUAL,Hyundai,"['ASTA', '1.2']",MANUAL,Nov-20,"59,001 km","59,001km (03 Mar 2022)",Petrol,2nd Owner,Valid upto Mar 2023 3rd Party,Non-Accidental,BENGALURU,"₹11,071/month","₹4,80,599"
 VENUE S MT 1.2 KAPPA MANUAL,Hyundai,"['S', 'MT', '1.2', 'KAPPA']",MANUAL,Sep-20,"2,138 km","2,138km (06 Jan 2022)",Petrol,1st Owner,Valid upto Mar 2023 3rd Party,Non-Accidental,BENGALURU,"₹20,298/month","₹8,85,799"
 VENUE S MT 1.2 KAPPA,Hyundai,"['S', 'MT', '1.2']",NA,Jan-20,"23,096 km","23,096km (27 Jan 2022)",Petrol,1st Owner,Valid upto Oct 2023 3rd Party,Non-Accidental,BENGALURU,"₹19,822/month","₹8,64,899"
osport 1.5 TITANIUM PLUS TI VCT AT AUTOMATIC,Ford,"['1.5', 'TITANIUM', 'PLUS', 'TI', 'VCT', 'AT']",AUTOMATIC,Mar-20,"13,853 km","13,853km (10 Nov 2021)",Petrol,1st Owner,Valid upto Mar 2023 3rd Party,Non-Accidental,BENGALURU,"₹25,594/month","₹11,18,399"
Vitara Brezza ZXI +,Maruti,['ZXI'],NA,Feb-12,"21,515 km","21,515km (24 Jan 2022)",Petrol,1st Owner,Valid upto Mar 2023 3rd Party,Non-Accidental,BENGALURU,"₹23,979/month","₹10,47,499"
ity V MT PETROL MANUAL,Honda,"['V', 'MT', 'PETROL']",MANUAL,Apr-16,"55,192 km","55,192km (31 Jan 2022)",Petrol,3rd Owner,Valid upto Mar 2023 3rd Party,Non-Accidental,BENGALURU,"₹12,267/month","₹5,33,099"
osport 1.5 TREND+ TDCI MANUAL,Ford,"['1.5', 'TREND+', 'TDCI']",MANUAL,Jul-20,"31,870 km","31,870km (17 Nov 2021)",Diesel,1st Owner,Valid upto Mar 2023 3rd Party,Non-Accidental,BENGALURU,"₹17,032/month","₹7,42,399"
 VENUE SX 1.0 GDI IMT MANUAL,Hyundai,"['SX', '1.0', 'GDI', 'IMT']",MANUAL,Jan-09,"14,258 km","14,258km (04 Mar 2022)",Petrol,1st Owner,Valid upto Sept 2022 Comprehensive,Non-Accidental,BENGALURU,"₹25,892/month","₹11,31,499"
 i10 SPORTZ 1.2 MANUAL,Hyundai,"['SPORTZ', '1.2']",MANUAL,Nov-18,"65,456 km","65,456km (20 Jan 2022)",Petrol,3rd Owner,Valid upto Mar 2023 3rd Party,Non-Accidental,BENGALURU,"₹6,026/month","₹2,58,999"
 NEW SANTRO ASTA 1.1 MT MANUAL,Hyundai,"['ASTA', '1.1', 'MT']",MANUAL,Jun-18,"8,066 km","8,066km (04 Dec 2021)",Petrol,1st Owner,Valid upto Mar 2023 3rd Party,Non-Accidental,BENGALURU,"₹13,262/month","₹5,76,799"
a XUV500 W7 FWD MANUAL,Mahindra,"['W7', 'FWD']",MANUAL,Mar-20,"45,359 km","45,359km (14 Feb 2022)",Diesel,1st Owner,Valid upto Jun 2022 Comprehensive,Non-Accidental,BENGALURU,"₹31,318/month","₹13,69,799"
OR SMART DCT PETROL AUTOMATIC,MG,"['SMART', 'DCT', 'PETROL']",AUTOMATIC,Mar-18,"6,760 km","6,760km (21 Jan 2022)",Petrol,1st Owner,Valid upto Aug 2023 3rd Party,Non-Accidental,BENGALURU,"₹38,424/month","₹16,81,899"
osport 1.5 TITANIUM TI VCT AT AUTOMATIC,Ford,"['1.5', 'TITANIUM', 'TI', 'VCT', 'AT']",AUTOMATIC,Feb-11,"26,372 km","26,372km (09 Nov 2021)",Petrol,1st Owner,Valid upto Mar 2023 3rd Party,Non-Accidental,BENGALURU,"₹22,595/month","₹9,86,699"
 i20 ASTA 1.2 MANUAL,Hyundai,"['ASTA', '1.2']",MANUAL,Jul-19,"83,603 km","83,603km (11 Jan 2022)",Petrol,2nd Owner,Valid upto Mar 2023 3rd Party,Non-Accidental,BENGALURU,"₹9,236/month","₹3,99,999"
osport 1.5 TITANIUM TI VCT MANUAL,Ford,"['1.5', 'TITANIUM', 'TI', 'VCT']",MANUAL,Jan-11,"37,947 km","37,947km (14 Dec 2021)",Petrol,2nd Owner,Valid upto Sept 2022 Zero_Dep,Non-Accidental,BENGALURU,"₹19,879/month","₹8,67,399"
 Santro Xing GL PLUS MANUAL,Hyundai,"['GL', 'PLUS']",MANUAL,Sep-17,"54,529 km","54,529km (28 Feb 2022)",Petrol,1st Owner,Valid upto Sept 2022 Comprehensive,Non-Accidental,BENGALURU,"₹5,670/month","₹2,43,399"
Swift ZXI MANUAL,Maruti,['ZXI'],MANUAL,Jan-20,"36,277 km","36,277km (26 Feb 2022)",Petrol,1st Owner,Valid upto Sept 2022 Comprehensive,Non-Accidental,BENGALURU,"₹16,003/month","₹6,97,199"
a XUV500 W9 MANUAL,Mahindra,['W9'],MANUAL,Jun-09,"10,813 km","10,813km (11 Jan 2022)",Diesel,1st Owner,Valid upto Feb 2023 Zero_Dep,Non-Accidental,BENGALURU,"₹41,352/month","₹18,10,499"
Wagon R LXI MANUAL,Maruti,['LXI'],MANUAL,Jul-17,"47,069 km","47,069km (28 Feb 2022)",Petrol,2nd Owner,Valid upto Mar 2023 3rd Party,Non-Accidental,BENGALURU,"₹6,001/month","₹2,57,899"
 Kwid 1.0 RXT MANUAL,Renault,"['1.0', 'RXT']",MANUAL,Jul-18,"30,354 km","30,354km (01 Feb 2022)",Petrol,2nd Owner,Valid upto Dec 2022 Comp,Non-Accidental,BENGALURU,"₹8,391/month","₹3,62,899"
azz 1.2 VX AT MANUAL,Honda,"['1.2', 'VX', 'AT']",MANUAL,Aug-15,"15,771 km","15,771km (28 Jan 2022)",Petrol,1st Owner,Valid upto Jul 2022 Comprehensive,Non-Accidental,BENGALURU,"₹17,820/month","₹7,76,999"
Swift VDI ABS MANUAL,Maruti,"['VDI', 'ABS']",MANUAL,Nov-19,"42,729 km","42,729km (08 Dec 2021)",Diesel,2nd Owner,Valid upto Mar 2023 3rd Party,Non-Accidental,BENGALURU,"₹13,480/month","₹5,86,399"
Alto VXI MANUAL,Maruti,['VXI'],MANUAL,Apr-15,"17,352 km","17,352km (22 Oct 2021)",Petrol,1st Owner,Valid upto Dec 2022 Third Party,Non-Accidental,BENGALURU,"₹8,933/month","₹3,86,699"
 Eon D LITE PLUS MANUAL,Hyundai,"['D', 'LITE', 'PLUS']",MANUAL,Jan-17,"53,997 km","53,997km (28 Feb 2022)",Petrol,1st Owner,Valid upto Mar 2023 3rd Party,Non-Accidental,BENGALURU,"₹7,053/month","₹3,04,099"
Swift VXI OPT MANUAL,Maruti,"['VXI', 'OPT']",MANUAL,Jan-12,"54,918 km","54,918km (28 Feb 2022)",Petrol,1st Owner,Valid upto Mar 2023 3rd Party,Non-Accidental,BENGALURU,"₹14,519/month","₹6,31,999"
Swift Dzire VDI BS IV MANUAL,Maruti,"['VDI', 'BS', 'IV']",MANUAL,Mar-14,"97,292 km","97,292km (26 Feb 2022)",Diesel,1st Owner,Valid upto Mar 2023 3rd Party,Non-Accidental,BENGALURU,"₹10,796/month","₹4,68,499"
 i10 SPORTZ 1.1 IRDE2 MANUAL,Hyundai,"['SPORTZ', '1.1', 'IRDE2']",MANUAL,Feb-12,"49,305 km","49,305km (02 Feb 2022)",Petrol,2nd Owner,Valid upto Jun 2022 Comp,Non-Accidental,BENGALURU,"₹8,967/month","₹3,88,199"
Swift Dzire VDI BS IV MANUAL,Maruti,"['VDI', 'BS', 'IV']",MANUAL,Jun-14,"1,30,617 km","1,30,617km (08 Feb 2022)",Diesel,1st Owner,Valid upto Mar 2023 3rd Party,Non-Accidental,BENGALURU,"₹10,796/month","₹4,68,499"
Swift VXI MANUAL,Maruti,['VXI'],MANUAL,Apr-17,"65,138 km","65,138km (02 Jan 2022)",Petrol,1st Owner,Valid upto Mar 2023 3rd Party,Non-Accidental,BENGALURU,"₹11,365/month","₹4,93,499"
 Kwid CLIMBER 1.0 AT AUTOMATIC,Renault,"['CLIMBER', '1.0', 'AT']",AUTOMATIC,Mar-18,"40,101 km","40,101km (14 Feb 2022)",Petrol,1st Owner,Valid upto Mar 2023 3rd Party,Non-Accidental,BENGALURU,"₹10,217/month","₹4,43,099"
ago XZ 1.2 REVOTRON MANUAL,Tata,"['XZ', '1.2', 'REVOTRON']",MANUAL,Jul-18,"26,150 km","26,150km (10 Feb 2022)",Petrol,1st Owner,Valid upto Mar 2023 3rd Party,Non-Accidental,BENGALURU,"₹12,948/month","₹5,62,999"
ago XZ 1.2 REVOTRON MANUAL,Tata,"['XZ', '1.2', 'REVOTRON']",MANUAL,Apr-14,"19,255 km","19,255km (18 Dec 2021)",Petrol,1st Owner,Valid upto Aug 2022 Comp,Non-Accidental,BENGALURU,"₹12,800/month","₹5,56,499"
 i20 SPORTZ 1.2 VTVT MANUAL,Hyundai,"['SPORTZ', '1.2', 'VTVT']",MANUAL,Jan-17,"77,627 km","77,627km (28 Feb 2022)",Petrol,2nd Owner,Valid upto Mar 2023 3rd Party,Non-Accidental,BENGALURU,"₹10,930/month","₹4,74,399"
azz 1.2 V AT AUTOMATIC,Honda,"['1.2', 'V', 'AT']",AUTOMATIC,Jan-14,"34,701 km","34,701km (01 Feb 2022)",Petrol,1st Owner,Valid upto Mar 2023 3rd Party,Non-Accidental,BENGALURU,"₹16,950/month","₹7,38,799"
Swift VXI MANUAL,Maruti,['VXI'],MANUAL,Jan-13,"1,06,617 km","1,06,617km (22 Feb 2022)",Petrol,1st Owner,Valid upto Mar 2023 3rd Party,Non-Accidental,BENGALURU,"₹10,807/month","₹4,68,999"
rio 1.2 V MT I VTEC MANUAL,Honda,"['1.2', 'V', 'MT', 'I', 'VTEC']",MANUAL,May-13,"60,437 km","60,437km (02 Feb 2022)",Petrol,2nd Owner,Valid upto Aug 2022 Third_party,Non-Accidental,BENGALURU,"₹8,726/month","₹3,77,599"
apid ELEGANCE 1.6 MPFI MT MANUAL,Skoda,"['ELEGANCE', '1.6', 'MPFI', 'MT']",MANUAL,Jan-20,"47,294 km","47,294km (17 Feb 2022)",Petrol,2nd Owner,Valid upto Mar 2023 3rd Party,Non-Accidental,BENGALURU,"₹11,005/month","₹4,77,699"
 Grand i10 SPORTZ 1.2 KAPPA VTVT MANUAL,Hyundai,"['SPORTZ', '1.2', 'KAPPA', 'VTVT']",MANUAL,Apr-18,"26,543 km","26,543km (07 Mar 2022)",Petrol,1st Owner,Valid upto Sept 2023 3rd Party,Non-Accidental,BENGALURU,"₹15,122/month","₹6,58,499"
 Kwid RXT 1.0 EASY-R AT OPTION AUTOMATIC,Renault,"['RXT', '1.0', 'EASY-R', 'AT', 'OPTION']",AUTOMATIC,Jan-17,"5,836 km","5,836km (04 Mar 2022)",Petrol,1st Owner,Valid upto Mar 2023 3rd Party,Non-Accidental,BENGALURU,"₹10,809/month","₹4,69,099"
 Grand i10 SPORTZ (O) 1.2 AT VTVT AUTOMATIC,Hyundai,"['SPORTZ', '(O)', '1.2', 'AT', 'VTVT']",AUTOMATIC,Dec-20,"27,317 km","27,317km (07 Feb 2022)",Petrol,2nd Owner,Valid upto Dec 2022 Comprehensive,Non-Accidental,BENGALURU,"₹14,168/month","₹6,16,599"
IGNIS SIGMA 1.2 K12 MANUAL,Maruti,"['SIGMA', '1.2', 'K12']",MANUAL,Jan-16,"4,656 km","4,656km (27 Nov 2021)",Petrol,1st Owner,Valid upto Mar 2023 3rd Party,Non-Accidental,BENGALURU,"₹13,073/month","₹5,68,499"
Wagon R 1.0 VXI MANUAL,Maruti,['VXI'],MANUAL,May-17,"74,510 km","74,510km (09 Oct 2021)",Petrol,2nd Owner,Valid upto Mar 2023 3rd Party,Non-Accidental,BENGALURU,"₹8,901/month","₹3,85,299"
 Grand i10 SPORTZ 1.2 KAPPA VTVT MANUAL,Hyundai,"['SPORTZ', '1.2', 'KAPPA', 'VTVT']",MANUAL,Feb-14,"34,489 km","34,489km (05 Feb 2022)",Petrol,2nd Owner,Valid upto Aug 2022 Comprehensive,Non-Accidental,BENGALURU,"₹12,490/month","₹5,42,899"
 Eon MAGNA PLUS MANUAL,Hyundai,"['MAGNA', 'PLUS']",MANUAL,Nov-15,"50,609 km","50,609km (15 Nov 2021)",Petrol,1st Owner,Valid upto Sept 2022 Comp,Non-Accidental,BENGALURU,"₹7,492/month","₹3,23,399"
 Grand i10 ASTA 1.1 (O) CRDI MANUAL,Hyundai,"['ASTA', '1.1', '(O)', 'CRDI']",MANUAL,Aug-15,"32,607 km","32,607km (01 Feb 2022)",Diesel,1st Owner,Valid upto Nov 2022 Comprehensive,Non-Accidental,BENGALURU,"₹12,740/month","₹5,53,899"
 Grand i10 SPORTZ 1.2 KAPPA VTVT MANUAL,Hyundai,"['SPORTZ', '1.2', 'KAPPA', 'VTVT']",MANUAL,May-18,"50,999 km","50,999km (20 Dec 2021)",Petrol,1st Owner,Valid upto Mar 2023 3rd Party,Non-Accidental,BENGALURU,"₹11,183/month","₹4,85,499"
 Kwid RXL MANUAL,Renault,['RXL'],MANUAL,Jul-15,"29,315 km","29,315km (07 Mar 2022)",Petrol,1st Owner,Valid upto Mar 2023 3rd Party,Non-Accidental,BENGALURU,"₹9,539/month","₹4,13,299"
 Grand i10 SPORTZ 1.2 KAPPA VTVT MANUAL,Hyundai,"['SPORTZ', '1.2', 'KAPPA', 'VTVT']",MANUAL,May-19,"23,262 km","23,262km (22 Feb 2022)",Petrol,2nd Owner,Valid upto Jul 2022 3rd Party,Non-Accidental,BENGALURU,"₹11,586/month","₹5,03,199"
 Kwid RXT 1.0 EASY-R AT OPTION AUTOMATIC,Renault,"['RXT', '1.0', 'EASY-R', 'AT', 'OPTION']",AUTOMATIC,Apr-18,"11,998 km","11,998km (31 Jan 2022)",Petrol,1st Owner,Valid upto Aug 2022 Comprehensive,Non-Accidental,BENGALURU,"₹11,618/month","₹5,04,599"
 Grand i10 SPORTZ DUAL TONE 1.2 VTVT MANUAL,Hyundai,"['SPORTZ', 'DUAL', 'TONE', '1.2', 'VTVT']",MANUAL,Apr-11,"35,850 km","35,850km (11 Feb 2022)",Petrol,1st Owner,Valid upto Sept 2022 Comprehensive,Non-Accidental,BENGALURU,"₹13,895/month","₹6,04,599"
Ritz VXI BS IV MANUAL,Maruti,"['VXI', 'BS', 'IV']",MANUAL,Jan-18,"61,151 km","61,151km (23 Dec 2021)",Petrol,2nd Owner,Valid upto Mar 2023 3rd Party,Non-Accidental,BENGALURU,"₹7,594/month","₹3,27,899"
 Grand i10 MAGNA AT 1.2 KAPPA VTVT,Hyundai,"['MAGNA', 'AT', '1.2', 'KAPPA']",NA,Jan-16,"21,356 km","21,356km (27 Jan 2022)",Petrol,3rd Owner,Valid upto Mar 2023 3rd Party,Non-Accidental,BENGALURU,"₹12,296/month","₹5,34,399"
 Grand i10 ASTA 1.2 (O) VTVT MANUAL,Hyundai,"['ASTA', '1.2', '(O)', 'VTVT']",MANUAL,Aug-16,"15,831 km","15,831km (21 Sep 2021)",Petrol,1st Owner,Valid upto Mar 2023 3rd Party,Non-Accidental,BENGALURU,"₹12,526/month","₹5,44,499"
 Grand i10 SPORTS 1.2 VTVT MANUAL,Hyundai,"['SPORTS', '1.2', 'VTVT']",MANUAL,Oct-17,"35,203 km","35,203km (09 Feb 2022)",Petrol,2nd Owner,Valid upto Mar 2023 3rd Party,Non-Accidental,BENGALURU,"₹11,549/month","₹5,01,599"
 Grand i10 SPORTS 1.2 VTVT MANUAL,Hyundai,"['SPORTS', '1.2', 'VTVT']",MANUAL,Mar-18,"21,916 km","21,916km (25 Feb 2022)",Petrol,1st Owner,Valid upto Jun 2022 Comprehensive,Non-Accidental,BENGALURU,"₹12,157/month","₹5,28,299"
 Eon MAGNA PLUS AIRBAG MANUAL,Hyundai,"['MAGNA', 'PLUS', 'AIRBAG']",MANUAL,May-17,"22,004 km","22,004km (07 Feb 2022)",Petrol,2nd Owner,Valid upto Aug 2022 Comprehensive,Non-Accidental,BENGALURU,"₹9,329/month","₹4,04,099"
Celerio ZXI OPT AMT AUTOMATIC,Maruti,"['ZXI', 'OPT', 'AMT']",AUTOMATIC,Jan-20,"45,260 km","45,260km (01 Feb 2022)",Petrol,1st Owner,Valid upto Mar 2023 3rd Party,Non-Accidental,BENGALURU,"₹11,604/month","₹5,03,999"
 NEW SANTRO 1.1 SPORTS AMT AUTOMATIC,Hyundai,"['1.1', 'SPORTS', 'AMT']",AUTOMATIC,Aug-16,"4,482 km","4,482km (23 Oct 2021)",Petrol,1st Owner,Valid upto Mar 2023 3rd Party,Non-Accidental,BENGALURU,"₹14,623/month","₹6,36,599"
 Grand i10 ASTA 1.2 (O) VTVT MANUAL,Hyundai,"['ASTA', '1.2', '(O)', 'VTVT']",MANUAL,Oct-16,"20,040 km","20,040km (26 Feb 2022)",Petrol,1st Owner,Valid upto Sept 2022 Comprehensive,Non-Accidental,BENGALURU,"₹12,526/month","₹5,44,499"
 Grand i10 ASTA 1.2 (O) VTVT MANUAL,Hyundai,"['ASTA', '1.2', '(O)', 'VTVT']",MANUAL,Apr-16,"17,852 km","17,852km (28 Jan 2022)",Petrol,1st Owner,Valid upto Dec 2022 Zero Depreciation,Non-Accidental,BENGALURU,"₹12,526/month","₹5,44,499"
 Grand i10 ASTA 1.2 KAPPA VTVT OPT MANUAL,Hyundai,"['ASTA', '1.2', 'KAPPA', 'VTVT', 'OPT']",MANUAL,Jun-13,"33,876 km","33,876km (20 Jan 2022)",Petrol,1st Owner,Valid upto Mar 2023 3rd Party,Non-Accidental,BENGALURU,"₹12,913/month","₹5,61,499"
 i10 SPORTZ 1.2 AT KAPPA2 AUTOMATIC,Hyundai,"['SPORTZ', '1.2', 'AT', 'KAPPA2']",AUTOMATIC,Nov-18,"49,272 km","49,272km (24 Feb 2022)",Petrol,2nd Owner,Valid upto Sept 2022 3rd Party,Non-Accidental,BENGALURU,"₹9,175/month","₹3,97,299"
Wagon R 1.0 VXI MANUAL,Maruti,['VXI'],MANUAL,Feb-19,"13,265 km","13,265km (01 Feb 2022)",Petrol,1st Owner,Valid upto Dec 2022 Comprehensive,Non-Accidental,BENGALURU,"₹11,934/month","₹5,18,499"
Celerio ZXI OPT MANUAL,Maruti,"['ZXI', 'OPT']",MANUAL,Nov-18,"21,303 km","21,303km (22 Nov 2021)",Petrol,2nd Owner,Valid upto Mar 2023 3rd Party,Non-Accidental,BENGALURU,"₹13,000/month","₹5,65,299"
Wagon R 1.0 VXI MANUAL,Maruti,['VXI'],MANUAL,Sep-19,"6,418 km","6,418km (12 Feb 2022)",Petrol,1st Owner,Valid upto Dec 2022 Zero Depreciation,Non-Accidental,BENGALURU,"₹11,868/month","₹5,15,599"
Eeco 5 STR WITH AC PLUSHTR MANUAL,Maruti,"['5', 'STR', 'WITH', 'AC', 'PLUSHTR']",MANUAL,Jan-13,"11,944 km","11,944km (08 Sep 2021)",Petrol,1st Owner,Valid upto Nov 2022 Zero_Dep,Non-Accidental,BENGALURU,"₹11,242/month","₹4,88,099"
 i10 SPORTZ 1.2 AT KAPPA2 AUTOMATIC,Hyundai,"['SPORTZ', '1.2', 'AT', 'KAPPA2']",AUTOMATIC,Mar-16,"43,339 km","43,339km (07 Feb 2022)",Petrol,2nd Owner,Valid upto Mar 2023 3rd Party,Non-Accidental,BENGALURU,"₹9,175/month","₹3,97,299"
Celerio VXI MANUAL,Maruti,['VXI'],MANUAL,Sep-17,"65,269 km","65,269km (30 Jan 2022)",Petrol,1st Owner,Valid upto Mar 2023 3rd Party,Non-Accidental,BENGALURU,"₹10,309/month","₹4,47,099"
Alto 800 VXI MANUAL,Maruti,['VXI'],MANUAL,Jan-16,"39,202 km","39,202km (11 Feb 2022)",Petrol,2nd Owner,Valid upto Mar 2023 3rd Party,Non-Accidental,BENGALURU,"₹7,323/month","₹3,15,999"
Celerio VXI MANUAL,Maruti,['VXI'],MANUAL,Feb-19,"23,492 km","23,492km (21 Jan 2022)",Petrol,1st Owner,Valid upto Oct 2022 Comp,Non-Accidental,BENGALURU,"₹9,960/month","₹4,31,799"
Celerio ZXI OPT MANUAL,Maruti,"['ZXI', 'OPT']",MANUAL,Apr-17,"5,805 km","5,805km (02 Feb 2022)",Petrol,1st Owner,Valid upto Aug 2022 Third_party,Non-Accidental,BENGALURU,"₹13,004/month","₹5,65,499"
Celerio VXI MANUAL,Maruti,['VXI'],MANUAL,Sep-17,"15,388 km","15,388km (20 Jan 2022)",Petrol,1st Owner,Valid upto Jun 2022 Zero Depreciation,Non-Accidental,BENGALURU,"₹11,365/month","₹4,93,499"
Celerio ZXI OPT MANUAL,Maruti,"['ZXI', 'OPT']",MANUAL,Aug-14,"27,145 km","27,145km (03 Nov 2021)",Petrol,1st Owner,Valid upto Mar 2023 3rd Party,Non-Accidental,BENGALURU,"₹11,228/month","₹4,87,499"
Wagon R 1.0 VXI MANUAL,Maruti,['VXI'],MANUAL,Sep-19,"51,749 km","51,749km (26 Feb 2022)",Petrol,2nd Owner,Valid upto Mar 2023 3rd Party,Non-Accidental,BENGALURU,"₹9,988/month","₹4,32,999"
Eeco 5 STR WITH AC PLUSHTR MANUAL,Maruti,"['5', 'STR', 'WITH', 'AC', 'PLUSHTR']",MANUAL,Aug-16,"11,521 km","11,521km (10 Jan 2022)",Petrol,1st Owner,Valid upto Mar 2023 3rd Party,Non-Accidental,BENGALURU,"₹11,499/month","₹4,99,399"
Celerio VXI MANUAL,Maruti,['VXI'],MANUAL,Jul-17,"38,815 km","38,815km (05 Feb 2022)",Petrol,2nd Owner,Valid upto Mar 2023 3rd Party,Non-Accidental,BENGALURU,"₹11,153/month","₹4,84,199"
Celerio VXI MANUAL,Maruti,['VXI'],MANUAL,Jan-19,"29,222 km","29,222km (01 Feb 2022)",Petrol,2nd Owner,Valid upto Jan 2023 Zero Depreciation,Non-Accidental,BENGALURU,"₹11,042/month","₹4,79,299"
Eeco 5 STR WITH AC PLUSHTR MANUAL,Maruti,"['5', 'STR', 'WITH', 'AC', 'PLUSHTR']",MANUAL,Apr-16,"21,934 km","21,934km (15 Feb 2022)",Petrol,2nd Owner,Valid upto Mar 2023 3rd Party,Non-Accidental,BENGALURU,"₹11,333/month","₹4,92,099"
Celerio VXI MANUAL,Maruti,['VXI'],MANUAL,Jan-12,"35,109 km","35,109km (10 Nov 2021)",Petrol,1st Owner,Valid upto Mar 2023 3rd Party,Non-Accidental,BENGALURU,"₹10,297/month","₹4,46,599"
Ritz VDI MANUAL,Maruti,['VDI'],MANUAL,Jan-16,"51,781 km","51,781km (11 Nov 2021)",Diesel,2nd Owner,Valid upto Mar 2023 3rd Party,Non-Accidental,BENGALURU,"₹9,002/month","₹3,89,699"
Wagon R 1.0 VXI MANUAL,Maruti,['VXI'],MANUAL,Jan-16,"38,147 km","38,147km (09 Feb 2022)",Petrol,2nd Owner,Valid upto Mar 2023 3rd Party,Non-Accidental,BENGALURU,"₹9,926/month","₹4,30,299"
Wagon R 1.0 VXI MANUAL,Maruti,['VXI'],MANUAL,Feb-18,"31,051 km","31,051km (23 Dec 2021)",Petrol,1st Owner,Valid upto Mar 2023 3rd Party,Non-Accidental,BENGALURU,"₹10,022/month","₹4,34,499"
Alto K10 VXI (O) AMT AUTOMATIC,Maruti,"['VXI', '(O)', 'AMT']",AUTOMATIC,Jan-19,"47,120 km","47,120km (23 Feb 2022)",Petrol,1st Owner,Valid upto Mar 2023 3rd Party,Non-Accidental,BENGALURU,"₹9,928/month","₹4,30,399"
Alto K10 VXI MANUAL,Maruti,['VXI'],MANUAL,Nov-18,"15,017 km","15,017km (07 Jan 2022)",Petrol,2nd Owner,Valid upto Mar 2023 3rd Party,Non-Accidental,BENGALURU,"₹8,926/month","₹3,86,399"
Eeco 5 STR WITH AC PLUSHTR MANUAL,Maruti,"['5', 'STR', 'WITH', 'AC', 'PLUSHTR']",MANUAL,Apr-18,"32,068 km","32,068km (03 Feb 2022)",Petrol,1st Owner,Valid upto Mar 2023 3rd Party,Non-Accidental,BENGALURU,"₹9,801/month","₹4,24,799"
Eeco 5 STR WITH AC PLUSHTR MANUAL,Maruti,"['5', 'STR', 'WITH', 'AC', 'PLUSHTR']",MANUAL,Jun-18,"37,897 km","37,897km (03 Feb 2022)",Petrol,1st Owner,Valid upto Mar 2023 3rd Party,Non-Accidental,BENGALURU,"₹10,418/month","₹4,51,899"
Eeco 5 STR WITH AC PLUSHTR MANUAL,Maruti,"['5', 'STR', 'WITH', 'AC', 'PLUSHTR']",MANUAL,May-15,"17,981 km","17,981km (08 Nov 2021)",Petrol,1st Owner,Valid upto Mar 2023 3rd Party,Non-Accidental,BENGALURU,"₹10,172/month","₹4,41,099"
Wagon R 1.0 VXI MANUAL,Maruti,['VXI'],MANUAL,Jul-14,"15,893 km","15,893km (16 Nov 2021)",Petrol,2nd Owner,Valid upto Sept 2022 Comp,Non-Accidental,BENGALURU,"₹9,912/month","₹4,29,699"
Alto K10 VXI MANUAL,Maruti,['VXI'],MANUAL,Oct-18,"49,074 km","49,074km (09 Mar 2022)",Petrol,1st Owner,Valid upto Mar 2023 3rd Party,Non-Accidental,BENGALURU,"₹7,970/month","₹3,44,399"
Alto K10 VXI (O) AMT AUTOMATIC,Maruti,"['VXI', '(O)', 'AMT']",AUTOMATIC,Jan-18,"9,512 km","9,512km (24 Feb 2022)",Petrol,1st Owner,Valid upto Feb 2023 Comprehensive,Non-Accidental,BENGALURU,"₹11,190/month","₹4,85,799"
Alto K10 VXI (O) AMT AUTOMATIC,Maruti,"['VXI', '(O)', 'AMT']",AUTOMATIC,Apr-14,"5,280 km","5,280km (06 Jan 2022)",Petrol,1st Owner,Valid upto Mar 2023 3rd Party,Non-Accidental,BENGALURU,"₹11,151/month","₹4,84,099"
Alto K10 VXI MANUAL,Maruti,['VXI'],MANUAL,May-16,"39,959 km","39,959km (10 Feb 2022)",Petrol,1st Owner,Valid upto Mar 2023 3rd Party,Non-Accidental,BENGALURU,"₹7,991/month","₹3,45,299"
Alto K10 VXI MANUAL,Maruti,['VXI'],MANUAL,Oct-16,"27,239 km","27,239km (25 Feb 2022)",Petrol,1st Owner,Valid upto Mar 2023 3rd Party,Non-Accidental,BENGALURU,"₹8,974/month","₹3,88,499"
Alto K10 VXI MANUAL,Maruti,['VXI'],MANUAL,Feb-14,"15,297 km","15,297km (26 Jan 2022)",Petrol,1st Owner,Valid upto Mar 2023 3rd Party,Non-Accidental,BENGALURU,"₹8,521/month","₹3,68,599"
Celerio VXI MANUAL,Maruti,['VXI'],MANUAL,Nov-16,"1,67,450 km","1,67,450km (19 Jan 2022)",Petrol,1st Owner,Valid upto Mar 2023 3rd Party,Non-Accidental,BENGALURU,"₹8,205/month","₹3,54,699"
 Kwid 1.0 RXT Opt AT AUTOMATIC,Renault,"['1.0', 'RXT', 'Opt', 'AT']",AUTOMATIC,Mar-15,"44,385 km","44,385km (20 Jan 2022)",Petrol,1st Owner,Valid upto Dec 2022 Comp,Non-Accidental,BENGALURU,"₹9,152/month","₹3,96,299"
ity VX MT PETROL MANUAL,Honda,"['VX', 'MT', 'PETROL']",MANUAL,Oct-16,"40,201 km","40,201km (09 Mar 2022)",Petrol,1st Owner,Valid upto Jan 2023 Comprehensive,Non-Accidental,BENGALURU,"₹19,223/month","₹8,38,599"
Baleno ZETA 1.2 K12 MANUAL,Maruti,"['ZETA', '1.2', 'K12']",MANUAL,Aug-16,"31,208 km","31,208km (03 Dec 2021)",Petrol,1st Owner,Valid upto Mar 2023 3rd Party,Non-Accidental,BENGALURU,"₹15,616/month","₹6,80,199"
 Kwid RXL MANUAL,Renault,['RXL'],MANUAL,Jan-15,"21,627 km","21,627km (09 Mar 2022)",Petrol,3rd Owner,Valid upto Sept 2022 Comprehensive,Non-Accidental,BENGALURU,"₹8,084/month","₹3,49,399"
gen Polo HIGHLINE1.2L PETROL MANUAL,Volkswagen,"['HIGHLINE1.2L', 'PETROL']",MANUAL,Aug-17,"33,457 km","33,457km (28 Feb 2022)",Petrol,1st Owner,Valid upto Dec 2022 Comprehensive,Non-Accidental,BENGALURU,"₹13,788/month","₹5,99,899"
Baleno DELTA 1.2 K12 MANUAL,Maruti,"['DELTA', '1.2', 'K12']",MANUAL,Nov-16,"99,852 km","99,852km (09 Feb 2022)",Petrol,1st Owner,Valid upto Mar 2023 3rd Party,Non-Accidental,BENGALURU,"₹13,915/month","₹6,05,499"
Baleno ZETA 1.2 K12 MANUAL,Maruti,"['ZETA', '1.2', 'K12']",MANUAL,May-16,"58,863 km","58,863km (01 Feb 2022)",Petrol,2nd Owner,Valid upto Nov 2022 Comprehensive,Non-Accidental,BENGALURU,"₹15,092/month","₹6,57,199"
Swift Dzire VXI OPT MANUAL,Maruti,"['VXI', 'OPT']",MANUAL,Aug-16,"45,548 km","45,548km (19 Feb 2022)",Petrol,2nd Owner,Valid upto Mar 2023 3rd Party,Non-Accidental,BENGALURU,"₹12,708/month","₹5,52,499"
Celerio ZXI OPT AMT AUTOMATIC,Maruti,"['ZXI', 'OPT', 'AMT']",AUTOMATIC,Mar-16,"21,156 km","21,156km (19 Jan 2022)",Petrol,2nd Owner,Valid upto Mar 2023 3rd Party,Non-Accidental,BENGALURU,"₹11,215/month","₹4,86,899"
Swift Dzire VXI MANUAL,Maruti,['VXI'],MANUAL,Aug-15,"51,525 km","51,525km (23 Feb 2022)",Petrol,2nd Owner,Valid upto Mar 2023 3rd Party,Non-Accidental,BENGALURU,"₹13,269/month","₹5,77,099"
Wagon R 1.0 VXI MANUAL,Maruti,['VXI'],MANUAL,Apr-18,"31,108 km","31,108km (09 Mar 2022)",Petrol,1st Owner,Valid upto Mar 2023 3rd Party,Non-Accidental,BENGALURU,"₹10,803/month","₹4,68,799"
ago XZ 1.2 REVOTRON MANUAL,Tata,"['XZ', '1.2', 'REVOTRON']",MANUAL,Aug-19,"18,623 km","18,623km (25 Jan 2022)",Petrol,1st Owner,Valid upto Mar 2023 3rd Party,Non-Accidental,BENGALURU,"₹12,948/month","₹5,62,999"
 TRIBER 1.0 RXT MANUAL,Renault,"['1.0', 'RXT']",MANUAL,Apr-18,"13,486 km","13,486km (07 Mar 2022)",Petrol,2nd Owner,Valid upto Nov 2022 3rd Party,Non-Accidental,BENGALURU,"₹15,630/month","₹6,80,799"
Baleno ZETA 1.2 K12 MANUAL,Maruti,"['ZETA', '1.2', 'K12']",MANUAL,Feb-17,"45,404 km","45,404km (07 Mar 2022)",Petrol,1st Owner,Valid upto Mar 2023 3rd Party,Non-Accidental,BENGALURU,"₹15,687/month","₹6,83,299"
Alto K10 VXI MANUAL,Maruti,['VXI'],MANUAL,Mar-09,"49,800 km","49,800km (21 Jan 2022)",Petrol,1st Owner,Valid upto Mar 2023 3rd Party,Non-Accidental,BENGALURU,"₹8,646/month","₹3,74,099"
 i10 SPORTZ 1.2 MANUAL,Hyundai,"['SPORTZ', '1.2']",MANUAL,Mar-15,"53,050 km","53,050km (08 Mar 2022)",Petrol,1st Owner,Valid upto Mar 2023 3rd Party,Non-Accidental,BENGALURU,"₹6,026/month","₹2,58,999"
Alto K10 VXI MANUAL,Maruti,['VXI'],MANUAL,May-17,"51,573 km","51,573km (23 Feb 2022)",Petrol,2nd Owner,Valid upto Jun 2022 3rd Party,Non-Accidental,BENGALURU,"₹7,599/month","₹3,28,099"
 Kwid CLIMBER 1.0 AT AUTOMATIC,Renault,"['CLIMBER', '1.0', 'AT']",AUTOMATIC,May-18,"30,176 km","30,176km (16 Feb 2022)",Petrol,1st Owner,Valid upto Mar 2023 3rd Party,Non-Accidental,BENGALURU,"₹10,753/month","₹4,66,599"
 Kwid 1.0 RXT MANUAL,Renault,"['1.0', 'RXT']",MANUAL,Apr-18,"45,410 km","45,410km (03 Feb 2022)",Petrol,1st Owner,Valid upto Mar 2023 3rd Party,Non-Accidental,BENGALURU,"₹8,708/month","₹3,76,799"
 Kwid RXT 1.0 EASY-R AT AUTOMATIC,Renault,"['RXT', '1.0', 'EASY-R', 'AT']",AUTOMATIC,Jan-14,"12,318 km","12,318km (05 Feb 2022)",Petrol,1st Owner,Valid upto Mar 2023 3rd Party,Non-Accidental,BENGALURU,"₹10,655/month","₹4,62,299"
 Eon ERA PLUS MANUAL,Hyundai,"['ERA', 'PLUS']",MANUAL,Jan-14,"23,511 km","23,511km (22 Feb 2022)",Petrol,2nd Owner,Valid upto Mar 2023 3rd Party,Non-Accidental,BENGALURU,"₹7,059/month","₹3,04,399"
 Grand i10 ASTA 1.1 (O) CRDI MANUAL,Hyundai,"['ASTA', '1.1', '(O)', 'CRDI']",MANUAL,Sep-15,"63,865 km","63,865km (08 Mar 2022)",Diesel,1st Owner,Valid upto Mar 2023 3rd Party,Non-Accidental,BENGALURU,"₹11,820/month","₹5,13,499"
no TWIST XTA AUTOMATIC,Tata,"['TWIST', 'XTA']",AUTOMATIC,Jan-19,"9,810 km","9,810km (03 Mar 2022)",Petrol,2nd Owner,Valid upto Oct 2022 Comprehensive,Non-Accidental,BENGALURU,"₹6,306/month","₹2,71,299"
 Kwid RXT 1.0 EASY-R AT OPTION AUTOMATIC,Renault,"['RXT', '1.0', 'EASY-R', 'AT', 'OPTION']",AUTOMATIC,Oct-17,"26,564 km","26,564km (21 Jan 2022)",Petrol,2nd Owner,Valid upto Oct 2022 Comprehensive,Non-Accidental,BENGALURU,"₹11,292/month","₹4,90,299"
 Grand i10 Magna 1.2 AT VTVT AUTOMATIC,Hyundai,"['Magna', '1.2', 'AT', 'VTVT']",AUTOMATIC,Nov-16,"23,851 km","23,851km (12 Feb 2022)",Petrol,1st Owner,Valid upto Mar 2023 3rd Party,Non-Accidental,BENGALURU,"₹12,970/month","₹5,63,999"
 Grand i10 SPORTZ 1.2 KAPPA VTVT MANUAL,Hyundai,"['SPORTZ', '1.2', 'KAPPA', 'VTVT']",MANUAL,Oct-18,"12,253 km","12,253km (17 Nov 2021)",Petrol,2nd Owner,Valid upto Mar 2023 3rd Party,Non-Accidental,BENGALURU,"₹12,089/month","₹5,25,299"
 NEW SANTRO 1.1 SPORTS AMT AUTOMATIC,Hyundai,"['1.1', 'SPORTS', 'AMT']",AUTOMATIC,Jan-14,"26,071 km","26,071km (31 Jan 2022)",Petrol,2nd Owner,Valid upto Mar 2023 3rd Party,Non-Accidental,BENGALURU,"₹11,918/month","₹5,17,799"
rio 1.2 VX MT I VTEC MANUAL,Honda,"['1.2', 'VX', 'MT', 'I', 'VTEC']",MANUAL,Dec-15,"41,849 km","41,849km (26 Feb 2022)",Petrol,3rd Owner,Valid upto Oct 2022 3rd Party,Non-Accidental,BENGALURU,"₹9,516/month","₹4,12,299"
Alto K10 VXI MANUAL,Maruti,['VXI'],MANUAL,Jul-15,"25,191 km","25,191km (25 Feb 2022)",Petrol,1st Owner,Valid upto Mar 2023 3rd Party,Non-Accidental,BENGALURU,"₹8,211/month","₹3,54,999"
 i20 Active 1.2 S MANUAL,Hyundai,"['1.2', 'S']",MANUAL,Jan-17,"1,03,439 km","1,03,439km (29 Jan 2022)",Petrol,2nd Owner,Valid upto Mar 2023 3rd Party,Non-Accidental,BENGALURU,"₹13,175/month","₹5,72,999"
 Grand i10 SPORTZ 1.2 KAPPA VTVT MANUAL,Hyundai,"['SPORTZ', '1.2', 'KAPPA', 'VTVT']",MANUAL,Feb-12,"21,197 km","21,197km (20 Jan 2022)",Petrol,2nd Owner,Valid upto Mar 2023 3rd Party,Non-Accidental,BENGALURU,"₹13,203/month","₹5,74,199"
Wagon R 1.0 VXI MANUAL,Maruti,['VXI'],MANUAL,Mar-17,"53,525 km","53,525km (25 Oct 2021)",Petrol,1st Owner,Valid upto Mar 2023 3rd Party,Non-Accidental,BENGALURU,"₹8,359/month","₹3,61,499"
Redi Go T (O) MANUAL,Datsun,"['T', '(O)']",MANUAL,May-12,"61,307 km","61,307km (28 Feb 2022)",Petrol,2nd Owner,Valid upto Mar 2023 3rd Party,Non-Accidental,BENGALURU,"₹6,688/month","₹2,88,099"
Alto K10 VXI MANUAL,Maruti,['VXI'],MANUAL,Sep-14,"46,264 km","46,264km (29 Dec 2021)",Petrol,1st Owner,Valid upto Aug 2022 Comp,Non-Accidental,BENGALURU,"₹6,952/month","₹2,99,699"
 Xcent S 1.2 OPT MANUAL,Hyundai,"['S', '1.2', 'OPT']",MANUAL,Sep-15,"79,660 km","79,660km (18 Feb 2022)",Petrol,1st Owner,Valid upto Mar 2023 3rd Party,Non-Accidental,BENGALURU,"₹10,930/month","₹4,74,399"
 Elite i20 ASTA 1.2 (O) MANUAL,Hyundai,"['ASTA', '1.2', '(O)']",MANUAL,Aug-13,"17,916 km","17,916km (17 Feb 2022)",Petrol,1st Owner,Valid upto Sept 2022 Comprehensive,Non-Accidental,BENGALURU,"₹15,154/month","₹6,59,899"
gen Polo GT TSI 1.2 PETROL AT AUTOMATIC,Volkswagen,"['GT', 'TSI', '1.2', 'PETROL', 'AT']",AUTOMATIC,Feb-15,"26,983 km","26,983km (25 Feb 2022)",Petrol,3rd Owner,Valid upto Sept 2022 Comprehensive,Non-Accidental,BENGALURU,"₹15,341/month","₹6,68,099"
 Verna FLUIDIC 1.6 VTVT S (O) MT MANUAL,Hyundai,"['FLUIDIC', '1.6', 'VTVT', 'S', '(O)', 'MT']",MANUAL,Apr-18,"38,366 km","38,366km (19 Feb 2022)",Petrol,1st Owner,Valid upto Mar 2023 3rd Party,Non-Accidental,BENGALURU,"₹16,324/month","₹7,11,299"
EESTYLE TITANIUM 1.2 TI-VCT MT MANUAL,Ford,"['TITANIUM', '1.2', 'TI-VCT', 'MT']",MANUAL,Sep-17,"16,175 km","16,175km (16 Feb 2022)",Petrol,1st Owner,Valid upto Mar 2023 3rd Party,Non-Accidental,BENGALURU,"₹15,942/month","₹6,94,499"
IGNIS ALPHA 1.2 K12 DUAL TONE MANUAL,Maruti,"['ALPHA', '1.2', 'K12', 'DUAL', 'TONE']",MANUAL,Apr-15,"1,02,631 km","1,02,631km (09 Oct 2021)",Petrol,1st Owner,Valid upto Mar 2023 3rd Party,Non-Accidental,BENGALURU,"₹13,303/month","₹5,78,599"
 Elite i20 ASTA 1.4 CRDI MANUAL,Hyundai,"['ASTA', '1.4', 'CRDI']",MANUAL,Feb-17,"23,525 km","23,525km (01 Mar 2022)",Diesel,1st Owner,Valid upto Mar 2023 3rd Party,Non-Accidental,BENGALURU,"₹16,443/month","₹7,16,499"
Swift VXI MANUAL,Maruti,['VXI'],MANUAL,Nov-16,"52,625 km","52,625km (10 Jan 2022)",Petrol,2nd Owner,Valid upto Mar 2023 3rd Party,Non-Accidental,BENGALURU,"₹13,378/month","₹5,81,899"
 Kwid 1.0 RXT Opt AT AUTOMATIC,Renault,"['1.0', 'RXT', 'Opt', 'AT']",AUTOMATIC,Mar-19,"30,360 km","30,360km (03 Dec 2021)",Petrol,1st Owner,Valid upto Mar 2023 3rd Party,Non-Accidental,BENGALURU,"₹9,377/month","₹4,06,199"
rrier XZ 2.0L Kryotec MANUAL,Tata,"['XZ', '2.0L', 'Kryotec']",MANUAL,Sep-17,"40,393 km","40,393km (14 Feb 2022)",Diesel,1st Owner,Valid upto Mar 2023 3rd Party,Non-Accidental,BENGALURU,"₹38,281/month","₹16,75,599"
Vitara Brezza ZDI PLUS DUAL TONE MANUAL,Maruti,"['ZDI', 'PLUS', 'DUAL', 'TONE']",MANUAL,Jul-18,"41,859 km","41,859km (05 Mar 2022)",Diesel,1st Owner,Valid upto Oct 2022 Zero Depreciation,Non-Accidental,BENGALURU,"₹20,969/month","₹9,15,299"
YARIS V CVT AUTOMATIC,Toyota,"['V', 'CVT']",AUTOMATIC,Jun-20,"58,923 km","58,923km (18 Oct 2021)",Petrol,1st Owner,Valid upto Mar 2023 3rd Party,Non-Accidental,BENGALURU,"₹20,539/month","₹8,96,399"
XON XZ 1.2 MANUAL,Tata,"['XZ', '1.2']",MANUAL,Jan-12,"7,791 km","7,791km (18 Jan 2022)",Petrol,2nd Owner,Valid upto Jun 2023 Third_party,Non-Accidental,BENGALURU,"₹22,392/month","₹9,77,799"
aura AMBIENTE 2.0 TDI CR AT AUTOMATIC,Skoda,"['AMBIENTE', '2.0', 'TDI', 'CR', 'AT']",AUTOMATIC,Jan-18,"1,04,705 km","1,04,705km (09 Mar 2022)",Diesel,2nd Owner,Valid upto Mar 2023 3rd Party,Non-Accidental,BENGALURU,"₹13,854/month","₹6,02,799"
 Tucson New 2WD AT GLS DIESEL AUTOMATIC,Hyundai,"['2WD', 'AT', 'GLS', 'DIESEL']",AUTOMATIC,Jan-14,"73,609 km","73,609km (07 Jan 2022)",Diesel,2nd Owner,Valid upto Mar 2023 3rd Party,Non-Accidental,BENGALURU,"₹40,080/month","₹17,54,599"
maze 1.5 EMT I DTEC MANUAL,Honda,"['1.5', 'EMT', 'I', 'DTEC']",MANUAL,Feb-18,"87,190 km","87,190km (26 Feb 2022)",Diesel,1st Owner,Valid upto Mar 2023 3rd Party,Non-Accidental,BENGALURU,"₹10,420/month","₹4,51,999"
w Figo 1.5 TITANIUM MANUAL,Ford,"['1.5', 'TITANIUM']",MANUAL,Oct-09,"19,589 km","19,589km (14 Mar 2022)",Diesel,1st Owner,Valid upto Mar 2023 3rd Party,Non-Accidental,BENGALURU,"₹13,877/month","₹6,03,799"
Innova 2.5 V 8 STR MANUAL,Toyota,"['2.5', 'V', '8', 'STR']",MANUAL,Apr-17,"2,05,361 km","2,05,361km (09 Mar 2022)",Diesel,2nd Owner,Valid upto Mar 2023 3rd Party,Non-Accidental,BENGALURU,"₹14,569/month","₹6,34,199"
 Elite i20 ASTA 1.2 (O) MANUAL,Hyundai,"['ASTA', '1.2', '(O)']",MANUAL,Jan-14,"41,816 km","41,816km (11 Feb 2022)",Petrol,2nd Owner,Valid upto Mar 2023 3rd Party,Non-Accidental,BENGALURU,"₹15,172/month","₹6,60,699"
gen Polo HIGHLINE1.2L PETROL MANUAL,Volkswagen,"['HIGHLINE1.2L', 'PETROL']",MANUAL,Dec-13,"54,014 km","54,014km (07 Mar 2022)",Petrol,2nd Owner,Valid upto Mar 2023 3rd Party,Non-Accidental,BENGALURU,"₹12,911/month","₹5,61,399"
osport 1.5TITANIUM TDCI MANUAL,Ford,"['1.5TITANIUM', 'TDCI']",MANUAL,May-14,"75,177 km","75,177km (24 Feb 2022)",Diesel,1st Owner,Valid upto Dec 2022 Comprehensive,Non-Accidental,BENGALURU,"₹14,050/month","₹6,11,399"
osport 1.5 TITANIUMTDCI OPT MANUAL,Ford,"['1.5', 'TITANIUMTDCI', 'OPT']",MANUAL,Aug-16,"56,547 km","56,547km (12 Feb 2022)",Diesel,1st Owner,Valid upto Mar 2023 3rd Party,Non-Accidental,BENGALURU,"₹15,887/month","₹6,92,099"
azz 1.2 V MT MANUAL,Honda,"['1.2', 'V', 'MT']",MANUAL,Apr-13,"58,608 km","58,608km (24 Jan 2022)",Petrol,1st Owner,Valid upto Mar 2023 3rd Party,Non-Accidental,BENGALURU,"₹14,769/month","₹6,42,999"
ity S MT PETROL MANUAL,Honda,"['S', 'MT', 'PETROL']",MANUAL,Jan-17,"37,520 km","37,520km (04 Mar 2022)",Petrol,2nd Owner,Valid upto Oct 2022 Comp,Non-Accidental,BENGALURU,"₹12,868/month","₹5,59,499"
IGNIS ALPHA 1.2 K12 DUAL TONE MANUAL,Maruti,"['ALPHA', '1.2', 'K12', 'DUAL', 'TONE']",MANUAL,Apr-17,"45,047 km","45,047km (19 Feb 2022)",Petrol,1st Owner,Valid upto Mar 2023 3rd Party,Non-Accidental,BENGALURU,"₹14,541/month","₹6,32,999"
 Duster RXZ DIESEL 110 MANUAL,Renault,"['RXZ', 'DIESEL', '110']",MANUAL,Aug-14,"96,674 km","96,674km (23 Feb 2022)",Diesel,1st Owner,Valid upto Mar 2023 3rd Party,Non-Accidental,BENGALURU,"₹20,236/month","₹8,83,099"
Celerio VXI AMT AUTOMATIC,Maruti,"['VXI', 'AMT']",AUTOMATIC,Nov-18,"1,51,627 km","1,51,627km (26 Feb 2022)",Petrol,1st Owner,Valid upto Mar 2023 3rd Party,Non-Accidental,BENGALURU,"₹9,109/month","₹3,94,399"
 Duster RXZ DIESEL 110 MANUAL,Renault,"['RXZ', 'DIESEL', '110']",MANUAL,Apr-14,"89,441 km","89,441km (29 Dec 2021)",Diesel,1st Owner,Valid upto Mar 2023 3rd Party,Non-Accidental,BENGALURU,"₹20,707/month","₹9,03,799"
 Grand i10 SPORTZ 1.2 KAPPA VTVT MANUAL,Hyundai,"['SPORTZ', '1.2', 'KAPPA', 'VTVT']",MANUAL,May-14,"28,501 km","28,501km (02 Nov 2021)",Petrol,2nd Owner,Valid upto Mar 2023 3rd Party,Non-Accidental,BENGALURU,"₹10,110/month","₹4,38,399"
ity V MT PETROL MANUAL,Honda,"['V', 'MT', 'PETROL']",MANUAL,Jan-15,"59,133 km","59,133km (23 Feb 2022)",Petrol,2nd Owner,Valid upto Mar 2023 3rd Party,Non-Accidental,BENGALURU,"₹14,225/month","₹6,19,099"
gen Polo HIGHLINE1.2L PETROL MANUAL,Volkswagen,"['HIGHLINE1.2L', 'PETROL']",MANUAL,Dec-20,"73,563 km","73,563km (06 Nov 2021)",Petrol,2nd Owner,Valid upto Mar 2023 3rd Party,Non-Accidental,BENGALURU,"₹12,412/month","₹5,39,499"
gen Vento HIGHLINE PLUS 1.0 TSI AT AUTOMATIC,Volkswagen,"['HIGHLINE', 'PLUS', '1.0', 'TSI', 'AT']",AUTOMATIC,Sep-17,"8,464 km","8,464km (29 Dec 2021)",Petrol,1st Owner,Valid upto Mar 2023 3rd Party,Non-Accidental,BENGALURU,"₹33,554/month","₹14,67,999"
OMNI E 8 STR MANUAL,Maruti,"['8', 'STR']",MANUAL,Jan-15,"28,826 km","28,826km (16 Feb 2022)",Petrol,2nd Owner,Valid upto Mar 2023 3rd Party,Non-Accidental,BENGALURU,"₹6,645/month","₹2,86,199"
osport 1.5 TITANIUM TI VCT MANUAL,Ford,"['1.5', 'TITANIUM', 'TI', 'VCT']",MANUAL,Feb-17,"65,377 km","65,377km (22 Jan 2022)",Petrol,1st Owner,Valid upto Mar 2023 3rd Party,Non-Accidental,BENGALURU,"₹14,724/month","₹6,40,999"
osport 1.0 ECOBOOST TITANIUM OPT MANUAL,Ford,"['1.0', 'ECOBOOST', 'TITANIUM', 'OPT']",MANUAL,Jul-18,"26,280 km","26,280km (11 Dec 2021)",Petrol,1st Owner,Valid upto Mar 2023 3rd Party,Non-Accidental,BENGALURU,"₹19,013/month","₹8,29,399"
a XUV500 W7 FWD MANUAL,Mahindra,"['W7', 'FWD']",MANUAL,Mar-14,"45,803 km","45,803km (10 Feb 2022)",Diesel,1st Owner,Valid upto Mar 2023 3rd Party,Non-Accidental,BENGALURU,"₹32,206/month","₹14,08,799"
 Grand i10 SPORTS 1.2 VTVT MANUAL,Hyundai,"['SPORTS', '1.2', 'VTVT']",MANUAL,Oct-18,"31,454 km","31,454km (09 Nov 2021)",Petrol,4th Owner,Valid upto Mar 2023 3rd Party,Non-Accidental,BENGALURU,"₹9,673/month","₹4,19,199"
 NEW SANTRO ASTA 1.1 MT MANUAL,Hyundai,"['ASTA', '1.1', 'MT']",MANUAL,Jul-18,"54,885 km","54,885km (10 Mar 2022)",Petrol,2nd Owner,Valid upto Oct 2022 Zero Depreciation,Non-Accidental,BENGALURU,"₹13,262/month","₹5,76,799"
osport 1.5 TITANIUM SIGNATURE TI VCT (SUNROOF) MANUAL,Ford,"['1.5', 'TITANIUM', 'SIGNATURE', 'TI', 'VCT', '(SUNROOF)']",MANUAL,Mar-18,"13,002 km","13,002km (06 Nov 2021)",Petrol,1st Owner,Valid upto Mar 2023 3rd Party,Non-Accidental,BENGALURU,"₹24,603/month","₹10,74,899"
Swift ZDI AMT AUTOMATIC,Maruti,"['ZDI', 'AMT']",AUTOMATIC,Oct-20,"57,025 km","57,025km (18 Feb 2022)",Diesel,1st Owner,Valid upto Mar 2023 3rd Party,Non-Accidental,BENGALURU,"₹17,438/month","₹7,60,199"
S PRESSO VXI PLUS MANUAL,Maruti,"['VXI', 'PLUS']",MANUAL,Jun-16,"4,983 km","4,983km (07 Jan 2022)",Petrol,1st Owner,Valid upto Mar 2023 3rd Party,Non-Accidental,BENGALURU,"₹11,645/month","₹5,05,799"
Swift Dzire VXI MANUAL,Maruti,['VXI'],MANUAL,Oct-15,"42,313 km","42,313km (26 Feb 2022)",Petrol,2nd Owner,Valid upto Jul 2022 Comprehensive,Non-Accidental,BENGALURU,"₹14,132/month","₹6,14,999"
 Grand i10 ASTA 1.1 (O) CRDI MANUAL,Hyundai,"['ASTA', '1.1', '(O)', 'CRDI']",MANUAL,Jan-15,"77,105 km","77,105km (05 Jan 2022)",Diesel,1st Owner,Valid upto Mar 2023 3rd Party,Non-Accidental,BENGALURU,"₹11,770/month","₹5,11,299"
osport 1.0 ECOBOOST TITANIUM MANUAL,Ford,"['1.0', 'ECOBOOST', 'TITANIUM']",MANUAL,Jan-14,"1,48,890 km","1,48,890km (30 Dec 2021)",Petrol,1st Owner,Valid upto Mar 2023 3rd Party,Non-Accidental,BENGALURU,"₹13,792/month","₹6,00,099"
 i20 SPORTZ 1.2 VTVT MANUAL,Hyundai,"['SPORTZ', '1.2', 'VTVT']",MANUAL,Jan-12,"89,057 km","89,057km (19 Jan 2022)",Petrol,2nd Owner,Valid upto Mar 2023 3rd Party,Non-Accidental,BENGALURU,"₹10,930/month","₹4,74,399"
 i20 SPORTZ 1.2 VTVT MANUAL,Hyundai,"['SPORTZ', '1.2', 'VTVT']",MANUAL,Nov-14,"81,371 km","81,371km (12 Feb 2022)",Petrol,1st Owner,Valid upto Mar 2023 3rd Party,Non-Accidental,BENGALURU,"₹9,639/month","₹4,17,699"
 Eon SPORTZ MANUAL,Hyundai,['SPORTZ'],MANUAL,Feb-15,"36,141 km","36,141km (26 Nov 2021)",Petrol,2nd Owner,Valid upto Mar 2023 3rd Party,Non-Accidental,BENGALURU,"₹7,918/month","₹3,42,099"
rio 1.2 S MT I VTEC MANUAL,Honda,"['1.2', 'S', 'MT', 'I', 'VTEC']",MANUAL,May-16,"42,415 km","42,415km (28 Oct 2021)",Petrol,2nd Owner,Valid upto Mar 2023 3rd Party,Non-Accidental,BENGALURU,"₹10,381/month","₹4,50,299"
Wagon R 1.0 VXI OPT MANUAL,Maruti,"['VXI', 'OPT']",MANUAL,Dec-16,"96,083 km","96,083km (07 Jan 2022)",Petrol,1st Owner,Valid upto Jul 2022 Third Party,Non-Accidental,BENGALURU,"₹9,204/month","₹3,98,599"
 Eon ERA PLUS MANUAL,Hyundai,"['ERA', 'PLUS']",MANUAL,Apr-15,"36,874 km","36,874km (16 Feb 2022)",Petrol,1st Owner,Valid upto Mar 2023 3rd Party,Non-Accidental,BENGALURU,"₹7,886/month","₹3,40,699"
 Grand i10 SPORTS 1.2 VTVT MANUAL,Hyundai,"['SPORTS', '1.2', 'VTVT']",MANUAL,May-12,"59,212 km","59,212km (12 Nov 2021)",Petrol,2nd Owner,Valid upto Mar 2023 3rd Party,Non-Accidental,BENGALURU,"₹10,320/month","₹4,47,599"
azz 1.2 X I VTEC MANUAL,Honda,"['1.2', 'X', 'I', 'VTEC']",MANUAL,Apr-12,"37,293 km","37,293km (12 Feb 2022)",Petrol,1st Owner,Valid upto Aug 2022 Comprehensive,Non-Accidental,BENGALURU,"₹10,566/month","₹4,58,399"
azz 1.2 SELECT I VTEC MANUAL,Honda,"['1.2', 'SELECT', 'I', 'VTEC']",MANUAL,Aug-14,"37,081 km","37,081km (26 Feb 2022)",Petrol,1st Owner,Valid upto Mar 2023 3rd Party,Non-Accidental,BENGALURU,"₹10,120/month","₹4,38,799"
Wagon R 1.0 VXI MANUAL,Maruti,['VXI'],MANUAL,Nov-16,"68,484 km","68,484km (11 Mar 2022)",Petrol,1st Owner,Valid upto Mar 2023 3rd Party,Non-Accidental,BENGALURU,"₹9,320/month","₹4,03,699"
 Grand i10 SPORTZ 1.2 KAPPA VTVT MANUAL,Hyundai,"['SPORTZ', '1.2', 'KAPPA', 'VTVT']",MANUAL,Oct-14,"35,163 km","35,163km (10 Mar 2022)",Petrol,1st Owner,Valid upto Mar 2023 3rd Party,Non-Accidental,BENGALURU,"₹12,526/month","₹5,44,499"
Ritz ZDI MANUAL,Maruti,['ZDI'],MANUAL,Jan-17,"66,585 km","66,585km (11 Feb 2022)",Diesel,2nd Owner,Valid upto Mar 2023 3rd Party,Non-Accidental,BENGALURU,"₹11,515/month","₹5,00,099"
Alto 800 VXI MANUAL,Maruti,['VXI'],MANUAL,Feb-19,"37,801 km","37,801km (03 Jan 2022)",Petrol,3rd Owner,Valid upto Mar 2023 3rd Party,Non-Accidental,BENGALURU,"₹7,144/month","₹3,08,099"
Eeco 5 STR WITH AC PLUSHTR MANUAL,Maruti,"['5', 'STR', 'WITH', 'AC', 'PLUSHTR']",MANUAL,Sep-19,"27,150 km","27,150km (03 Jan 2022)",Petrol,1st Owner,Valid upto Mar 2023 3rd Party,Non-Accidental,BENGALURU,"₹11,647/month","₹5,05,899"
Eeco 5 STR WITH AC PLUSHTR MANUAL,Maruti,"['5', 'STR', 'WITH', 'AC', 'PLUSHTR']",MANUAL,Jan-18,"8,409 km","8,409km (27 Oct 2021)",Petrol,1st Owner,Valid upto Oct 2022 Third_party,Non-Accidental,BENGALURU,"₹10,379/month","₹4,50,199"
Alto K10 VXI MANUAL,Maruti,['VXI'],MANUAL,Apr-16,"24,316 km","24,316km (30 Nov 2021)",Petrol,1st Owner,Valid upto Mar 2023 3rd Party,Non-Accidental,BENGALURU,"₹8,988/month","₹3,89,099"
no TWIST XTA AUTOMATIC,Tata,"['TWIST', 'XTA']",AUTOMATIC,Feb-18,"19,648 km","19,648km (09 Dec 2021)",Petrol,2nd Owner,Valid upto Jul 2022 Comp,Non-Accidental,BENGALURU,"₹6,267/month","₹2,69,599"
Alto K10 VXI OPT MANUAL,Maruti,"['VXI', 'OPT']",MANUAL,Dec-15,"48,435 km","48,435km (31 Dec 2021)",Petrol,1st Owner,Valid upto Mar 2023 3rd Party,Non-Accidental,BENGALURU,"₹9,386/month","₹4,06,599"
Wagon R 1.0 VXI MANUAL,Maruti,['VXI'],MANUAL,Sep-16,"29,297 km","29,297km (29 Oct 2021)",Petrol,2nd Owner,Valid upto Mar 2023 3rd Party,Non-Accidental,BENGALURU,"₹9,284/month","₹4,02,099"
Wagon R 1.0 VXI MANUAL,Maruti,['VXI'],MANUAL,Aug-14,"27,858 km","27,858km (07 Jan 2022)",Petrol,1st Owner,Valid upto Mar 2023 3rd Party,Non-Accidental,BENGALURU,"₹10,340/month","₹4,48,499"
Alto K10 VXI MANUAL,Maruti,['VXI'],MANUAL,Apr-18,"65,951 km","65,951km (10 Mar 2022)",Petrol,2nd Owner,Valid upto Mar 2023 3rd Party,Non-Accidental,BENGALURU,"₹8,036/month","₹3,47,299"
Eeco 7 STR MANUAL,Maruti,"['7', 'STR']",MANUAL,Jun-15,"33,848 km","33,848km (15 Feb 2022)",Petrol,2nd Owner,Valid upto Mar 2023 3rd Party,Non-Accidental,BENGALURU,"₹9,646/month","₹4,17,999"
Alto K10 VXI AMT AUTOMATIC,Maruti,"['VXI', 'AMT']",AUTOMATIC,Dec-16,"42,556 km","42,556km (10 Mar 2022)",Petrol,2nd Owner,Valid upto Nov 2022 Comprehensive,Non-Accidental,BENGALURU,"₹8,426/month","₹3,64,399"
Alto K10 VXI (O) AMT AUTOMATIC,Maruti,"['VXI', '(O)', 'AMT']",AUTOMATIC,Jun-14,"29,240 km","29,240km (20 Oct 2021)",Petrol,1st Owner,Valid upto Mar 2023 3rd Party,Non-Accidental,BENGALURU,"₹9,578/month","₹4,14,999"
Alto K10 VXI MANUAL,Maruti,['VXI'],MANUAL,Mar-16,"37,115 km","37,115km (08 Mar 2022)",Petrol,1st Owner,Valid upto Jan 2023 3rd Party,Non-Accidental,BENGALURU,"₹8,193/month","₹3,54,199"
 Kwid RXT Opt MANUAL,Renault,"['RXT', 'Opt']",MANUAL,Jul-17,"49,658 km","49,658km (02 Feb 2022)",Petrol,1st Owner,Valid upto Mar 2023 3rd Party,Non-Accidental,BENGALURU,"₹8,068/month","₹3,48,699"
ago XZ 1.2 REVOTRON MANUAL,Tata,"['XZ', '1.2', 'REVOTRON']",MANUAL,Jan-18,"59,043 km","59,043km (15 Feb 2022)",Petrol,1st Owner,Valid upto Dec 2022 Comprehensive,Non-Accidental,BENGALURU,"₹12,330/month","₹5,35,899"
 Kwid 1.0 RXT MANUAL,Renault,"['1.0', 'RXT']",MANUAL,Dec-18,"32,381 km","32,381km (02 Mar 2022)",Petrol,1st Owner,Valid upto Mar 2023 3rd Party,Non-Accidental,BENGALURU,"₹8,892/month","₹3,84,899"
 NEW SANTRO ERA 1.1 MANUAL,Hyundai,"['ERA', '1.1']",MANUAL,Apr-13,"24,681 km","24,681km (16 Feb 2022)",Petrol,2nd Owner,Valid upto Dec 2022 3rd Party,Non-Accidental,BENGALURU,"₹10,554/month","₹4,57,899"
